featureid	Intercept	donor_source[T.DONOR3]	donor_source[T.DONOR7]	donor_source[T.SFM028]	donor_source[T.SPORT17]	donor_source[T.SPORT4]	time_point
K00001	0.600637050508066	-0.211432973804502	0.501410125661243	0.48113421883598	0.0322051203586561	1.02926901179611	-0.421701819184982
K00002	-2.05834522640844	-0.453486914696722	-0.649332405161511	-2.42296739134774	0.890378371510695	1.28551957207978	0.208189397569931
K00003	1.6459190567718	0.0820306735610679	1.419475733209	1.29113368477836	0.252953187260817	1.97313192683518	-0.146140128854477
K00004	-0.556335953833059	1.0924901562309	-0.820466757845532	0.178586674595029	-1.75999985572319	4.42309549647629	-1.39329490113612
K00005	0.589437985955282	1.04341228776929	1.30560612576043	-0.285888927316516	0.109079607460688	1.57860014039337	0.00808867764118992
K00008	1.45839193665843	-0.898306469383268	1.31537473099266	-0.273444311952442	0.60989119175453	1.58802315789521	-0.162381798509323
K00009	-0.0302622596039335	0.394619901714297	-0.186991871428143	-0.493347065782398	-0.386624410118868	-0.9896905104512	0.168830424066819
K00010	-1.30844989216466	0.090143670377703	1.1893082250837	1.86194066491142	1.29175032738228	2.00513616401016	-0.126921415809356
K00012	1.81904372775416	-0.1112569076443	0.788598953652728	0.57057767894283	0.284018949303816	1.36737400490105	0.0946885640585788
K00013	1.97025677764277	-0.119334670665292	1.22664624350106	0.692158458495289	0.503335640464018	1.50541752773583	-0.0582843427693478
K00014	2.10076579654078	-0.62828571623805	0.68262159721886	0.856416476631314	0.431717888150404	1.40394473272621	-0.113495886806213
K00016	1.30086657607417	0.693667252597781	0.962801991868366	0.467016171404869	0.138409570489119	2.04383984404862	-0.201396748903953
K00018	1.30557814442973	0.231144000825854	1.53196179764305	1.62127475228325	0.170976341400335	1.63676676350891	-0.1776465480363
K00020	-1.16379228031774	1.25199242406842	-2.09968125922645	1.42296562876716	-0.0496707403324145	3.42702582675278	-0.522083335105144
K00024	1.75000557505946	-0.451111475887327	0.975096463132251	1.32155523982063	0.781791762147139	0.973875189304946	-0.0882862513100735
K00027	1.69616505706172	-0.133913415434389	1.98244511978661	0.872907293701321	0.544188872609327	1.52151790458023	-0.0566883091961972
K00029	1.30266896092753	-0.438078264656095	0.941449313330997	1.41508750405327	0.789855555329512	0.838785486400721	-0.0937339966332547
K00030	-2.5958417931809	-1.11636571115497	-1.75316679580177	2.16041795697227	1.23203863266487	1.65976038771927	0.19961574625615
K00031	2.06520042025904	-0.614408831062345	1.56555032627617	0.794861418867261	0.606908694539259	1.31059560376465	-0.0944260661637417
K00033	1.02496895396571	0.301971157131167	0.805149405169834	0.794435871505887	0.229827359948347	1.59696212607682	-0.148250848535263
K00036	0.998810621141001	0.153687079486819	0.565307012665618	0.100825173521191	0.220523179207037	1.38878143030464	-0.148442298654281
K00040	1.36851379477839	-0.265911037983923	0.481623050663222	-0.044297533368915	0.320577487979124	1.15421965169966	0.00254240584019505
K00041	1.77183231913905	-0.405830304088621	0.495890523213495	0.0933646985532347	0.390769377980421	0.724670143902896	-0.114310920718872
K00042	0.184085907577082	-0.239479171993761	-1.20494055850471	-1.59869642767891	-0.742629333700945	-3.00267860096634	0.403628855463303
K00045	-2.29974189198156	-0.655034403266935	0.530303019005407	-1.11266310725197	-1.35463927623253	0.767340453446505	-0.420858733836376
K00046	1.86017665469508	-0.422384957733183	1.26977068083321	1.22848538842216	0.8364363468029	1.73275020915329	-0.0851994161641232
K00048	2.1990790089355	-0.491711090269117	1.23645591633355	0.291766492390782	0.298195139203261	1.16540835994541	-0.033621311668121
K00052	2.2666032036529	-0.125982510807542	1.11747831003701	1.02786610808387	0.6719494617321	1.48474243480026	-0.105662286761963
K00053	2.29854878985743	-0.170048124107151	1.48213952677285	0.84666777935043	0.63555242184181	1.5968059619075	-0.0535928909813992
K00054	-0.620571164251761	1.68922313028333	-2.28063929183448	0.877684933805615	0.206965253386687	3.99308374720871	-0.767572999480926
K00057	1.80271336638789	0.227754850921603	1.24163907663857	1.24964205708519	0.716406062874983	1.7535157521373	-0.0945326094662777
K00058	2.22638723456721	-0.697817812624006	0.927046864199985	0.816156549120099	0.331639812026213	1.28527882891953	-0.0553823118245236
K00059	2.56282374465327	-0.286131205918817	1.19781291382347	1.10676704134956	0.305397228036116	1.58553490239441	-0.122938603643142
K00060	0.0877528508887728	-0.198725538278548	0.484718183893312	1.45455352749839	-0.34778149363022	0.0885899980670191	0.0840630824530491
K00065	-0.238187460066275	-0.12138999527934	-0.712657214235913	-1.46537251982674	-0.721891626086046	-1.75328632992447	0.252187519785202
K00067	1.91175565326075	-0.520280967416792	0.717661469149936	1.44845424380317	0.469400749240111	1.74584058123886	-0.106844157460891
K00068	-0.0916669646515409	0.517803211746187	-0.768604756426465	-0.508674996232837	0.320711836848448	1.05322158719659	0.090881794210709
K00073	-0.603758005262808	-0.00573494559767693	-1.29872906310524	-1.50539012465462	-0.596315964426805	-2.9682483355397	0.35696563076619
K00074	1.8446802815185	-1.04838041490558	0.971482216287006	-0.0309720209597047	0.106330969069193	1.14303746271193	-0.0944085125958554
K00075	1.52975931966166	0.41772617870328	0.932993440795291	0.985928995275647	0.295733050141524	1.74102571803391	-0.105600387338363
K00076	-0.56498434937139	0.0812555151557639	-1.16743409736122	-1.25250669035897	-0.748357042040636	-3.5939213911885	0.146145790334977
K00077	1.64684340560298	0.0140972184514716	1.04103648560082	1.49993781533256	0.626725331578444	1.85993477898896	-0.134877533200943
K00087	-0.195933369757132	0.165601422128649	0.115896790194858	0.0867356189729277	-0.490979715552141	0.567148329795001	0.0169862801993259
K00088	2.36900577151637	-0.0923518789434716	1.36127436058556	1.1416324802877	0.751283422742079	1.59842422801316	-0.0780171756779782
K00090	-0.644703415991263	0.332555790481539	-1.20173168284858	-0.93128021273598	-0.273285880055239	-3.08330032032669	0.31697288107518
K00094	-1.72833862698217	-1.50621704286578	-0.655246497225415	-1.88856859717354	-0.536153539385607	-2.97837754887283	0.67443069767598
K00096	-0.18372294104238	-4.82201580232623	1.9259723414663	1.34364811863914	0.570329622063826	2.11258211928665	-0.121513993028366
K00097	0.892075034020944	-0.266685250165491	1.06386488573586	1.8079755732061	0.547598615918348	0.779648529470561	-0.0860328083073727
K00099	1.76262411677699	-0.0618495447063729	0.974061488080371	1.09510557141319	0.447191760573576	1.37750619846642	-0.0073550944363705
K00101	-0.472996858717398	0.0453275936221793	-0.882147670817029	-1.34846408877358	-0.511201783385088	-2.35394498509109	0.40347966503743
K00104	0.232499214051767	-2.02579347318652	0.422035007644046	1.62086014237419	0.473413929972838	0.635623457015154	0.0587332243883976
K00105	-2.34412565624853	3.07796569639203	-0.97630584342445	-0.605964022016376	-2.08608101245384	1.78810826140702	-0.924132496598922
K00108	-0.503473071218924	0.893932660160036	-0.828762055468213	0.911110562944562	-2.86032389041405	-1.70962855023086	-0.332993209842407
K00111	1.0809704681621	-0.435128505291967	0.368673502374042	0.332079557442814	-0.0709289827607172	0.961648175597785	0.120445817228592
K00112	-0.819581655622915	0.282772530851336	-1.33494138820137	-0.652515130376666	-0.291884108748247	-1.47249719303787	0.335580437895096
K00113	-0.524368671537832	0.150937904653521	-0.848324299883496	-1.30905576262459	-0.259125932421495	-1.58103248280227	0.25681880068425
K00116	-0.747701434256033	0.063500364360781	-1.01832187278236	-1.07060881171212	-0.430258109535982	-2.28414627712906	0.374539285417832
K00117	-0.775367764593557	0.118898947772951	-0.970374108385693	-1.47230823550209	-0.348848059143831	-2.87562581700027	0.379370301481522
K00121	-0.749069599272207	1.12588079744336	-0.789538026880871	-0.726227002477496	0.0310132400375259	-1.77268335026443	0.171951561685837
K00123	0.209748896001383	0.105689366397829	-0.202314616274487	0.557189410293252	-0.0427424007318514	-1.02367874783218	0.160810499903
K00124	-0.5283870974793	0.0845772224044517	-0.856359005999219	-0.0648574999330934	-0.155972077812959	-2.05640050572098	0.254488557096756
K00127	-0.208336321474508	0.157396187124224	-1.60773313147987	0.270456267261655	-0.165617793168833	-1.72655793827713	0.139341562505997
K00128	-0.5715520659699	-0.382573763790159	0.915272145438541	1.4442339965345	0.452908084426115	1.54529258805573	-0.108593851808273
K00130	-0.586863664747671	1.1383497315025	0.210121272969592	1.02412263836876	-1.8955890977047	-1.82780405682266	-0.420489993892424
K00131	-1.25601008331914	1.12385507398603	-1.97803533179725	0.541208481156975	-0.192146345343401	2.33255711394608	-0.591498002890312
K00133	2.1802036484466	-0.172686378421812	1.40206015007531	1.08225933995262	0.68860931757469	1.48846838074982	-0.0705193285977475
K00134	2.59954640471797	-0.288480560245542	1.39960330622231	0.833806467914731	0.60219027164955	1.43725455004036	-0.0527806882893673
K00135	-0.271428314806418	0.146106322345705	-1.31391549212898	-0.986652927732318	-0.539985581602861	-1.5738072077626	0.316411286112107
K00137	-0.973934320570425	0.481475313243838	-1.12806367976631	-1.0427233747004	0.0165845013000471	-3.32379457157791	0.187136023756302
K00138	-0.663453487516836	0.0906753438090995	-0.840427876543652	-1.25716836962685	-0.307120635475923	-3.09190818470657	0.403691321131028
K00140	-2.46263971722265	0.463435073432894	-1.54150259597267	0.185129536056668	1.82490040424843	1.26779829162419	-0.125579894069397
K00145	1.99371275508265	-0.104270297052889	1.77657294170891	1.18655286517158	0.525484100613783	1.55194238025009	-0.106681496385299
K00146	-0.0152432600273649	1.15823050313947	-1.2406718741175	0.200977099800259	-1.78940461513024	-2.16753527325332	-1.1587923471963
K00147	1.84223076903681	0.177567173776598	1.37752008335625	1.46179459776893	0.491643742356489	1.83215740519821	-0.14708653140422
K00151	-0.526334909559683	-4.19803218072894	-0.735385180544507	-2.30283494505867	-2.81402037974816	-2.65080591839493	-0.439482905451023
K00156	0.233601423142954	0.995362718639345	-0.216734708380353	1.67226628747001	0.0367881932072741	0.886416467011569	0.0164481992686161
K00158	-0.782889513136343	2.4563281136131	-1.7944136868235	-1.29597516570076	-0.871379419531633	4.35859850245774	-1.20922616172191
K00161	-0.267569867731527	0.644211490688296	1.13651293413674	2.89766244378105	0.18186187807102	2.54803958731949	-0.236946672681533
K00162	-0.144768683077292	0.614162047443362	0.925557850766529	2.77741698708549	-0.0297053748033541	2.44949391681015	-0.30705130893346
K00163	-0.502284554602102	0.0405646162605003	-0.955739379953991	-1.15396829161629	-0.367969825234224	-1.48418924015701	0.312924473997391
K00164	-0.124899951578573	-0.12085902220252	0.503105636010479	1.52194349255577	-0.111147626604845	0.376339109719393	0.120244532343186
K00169	-1.79219332134862	-2.03095702356341	1.84202456371819	2.07328049626365	1.11721195343513	2.26498821574509	0.0193899269068607
K00170	-1.66193809902807	-1.84273461526874	2.02934384243523	2.60718373742119	1.65137626293678	2.19181767302811	-0.161397815231048
K00171	-3.01796641743322	-3.14985207742694	1.34921955959832	-2.06631846938118	0.420414284501265	0.80575509566128	0.340694099184311
K00172	-2.14215722477575	-3.47107915109637	1.90849208729302	0.773158056402356	1.45799686077614	2.08287504512131	0.040234535452164
K00174	1.64011809432368	0.0685559409236625	1.23878902094399	1.51492361512199	0.778236106667708	1.27262298959553	-0.125834763530456
K00175	1.37132314050059	0.254571338233919	1.48435348169838	1.67994110074058	0.943990007672499	1.48698267537415	-0.0830652718579403
K00176	-0.46480694210668	-0.155218127133875	1.89014029400383	1.99584333386436	1.59184755447883	1.80688086348831	-0.333415091518127
K00177	0.540980031876369	-0.114543224635153	1.19675934212242	1.41773794379249	1.67255748871345	1.33188900548279	-0.097158909324371
K00179	0.671780089078947	-0.836498121681242	1.8562507619146	1.99738971676841	0.686608806882094	1.67169454890549	-0.134296805146896
K00180	0.427295731543108	-0.788605074348478	1.75121736424004	1.61072735276237	0.596466854844282	1.4733960648185	-0.0488937203919522
K00184	-0.82388999855657	-4.19103149599078	1.34945052759682	3.66061453309074	0.506743655238341	1.88015660840332	-0.255115464810096
K00185	-1.38593938744207	-3.74034003442767	1.68547260658776	3.98302607026115	0.535431281361769	2.23899558383286	-0.250663608792984
K00194	-1.16611054337163	-1.46426550573352	-2.34026396377052	-2.18031235251412	0.94525165918846	1.5003721435672	-0.238102466348373
K00197	-0.978763131262259	-1.9652593535805	-0.438521982264172	-2.30904074225411	0.890209749970625	1.43051973182022	-0.246003374937736
K00198	-0.415051130415396	1.63928886228559	0.621169536280979	0.512546391898543	1.04151381615181	1.6653262694484	-0.130324185374939
K00208	1.27845666015009	-0.171271110835104	0.87850001351868	1.42264108147636	0.783435241017531	0.637665214121935	-0.165312111858093
K00210	0.530004518269106	-0.766419212284116	0.857753245997775	-0.0227890780924257	0.294306591782759	1.00508929240763	0.0586257572138675
K00215	1.92743668162684	-0.00709023601057976	1.12527626650368	1.17292646851555	0.330795184407423	1.59770789939224	-0.125638247016632
K00216	-1.12615588104864	0.372583587703676	-0.672549367975842	-0.630013900136798	-0.0912221142313974	-1.24214407604873	0.315053313490189
K00219	-0.531037358404593	0.252942551908465	-1.03531038863624	0.525852190071494	0.0642778730728132	-1.59557935398758	0.183945327516831
K00226	0.632800227193638	0.352497299251528	1.3416582335714	1.03500525441185	0.557458714280317	2.15486875373184	-0.211566836122238
K00228	-0.561259059072928	0.0159177827214912	-1.63639223678077	-0.95259483370766	-0.559976085390856	-3.21187850636184	0.359648078199662
K00230	-0.312426952482657	0.221478720245333	-0.677221656870495	-0.997099237775653	-0.138171389069368	-1.55207559269607	0.203782766577042
K00231	-3.31491508877416	4.2842421131706	-0.987346411776196	-0.888832764959186	-2.26954530116539	1.47166750031769	-0.162770718816482
K00239	1.72932872378687	0.287959744272204	1.03110819952523	1.30339227404609	0.902108863625715	1.3166520615226	-0.0623418991601101
K00240	1.4119656404243	0.574104924735995	1.04008191721474	1.26280109372154	0.805800632271956	1.12884580540716	-0.0203485791718594
K00241	0.628275195299192	0.893074710903139	1.63459288971459	1.93219558682457	0.807387367520521	1.2466104646331	-0.092700034860336
K00242	-1.14014628327032	0.727508385715456	-0.443353415560376	-1.41695399794564	0.113963343832682	-1.87028500240982	0.131577521082199
K00243	1.29671320521693	0.510678191719027	0.525240036565412	0.525886112564952	0.473938570056151	1.758864076913	-0.255371600869857
K00244	1.36659351193766	-0.154767746987371	0.508913558348615	1.36553124871269	0.0883175066449148	1.1970668156749	-0.233671397451126
K00245	-0.536153105856375	0.466726143894167	0.0214610685590395	0.676178319120556	0.0401663358100159	-1.28769132298172	0.110964029547013
K00246	-1.49841585552831	0.779901524124117	-0.303667605948102	-0.789014535283893	-0.118349402513315	-2.35011479061783	0.36935576748494
K00247	-1.18645289337774	0.435914416847201	-0.818032742571484	-1.36241932425484	-0.171594499912073	-1.46144768398941	0.299041538950241
K00248	1.0151705762134	-1.88797501749042	1.44109475510155	1.17542342629448	0.708281949792097	1.82796064215958	-0.0609458689725033
K00254	-0.552001265646414	0.582488973674746	1.66486656563317	2.72786502327934	0.590786532197188	1.71587780314743	-0.0355277662312619
K00259	0.465493412850901	0.230267931756945	1.48176509039437	1.58877782311454	0.959172681603621	2.34286454516709	-0.263149738792144
K00261	-2.01322260296483	3.16005726629254	-0.330894113611828	-1.80202527556404	-2.56591461535912	-2.02952810925186	-0.129295439008438
K00262	2.5886156281219	-0.706541310014753	1.28612029449974	1.00345389332786	0.568780258927534	1.46522331434548	-0.0857471232449643
K00265	0.898412885306879	0.0131291347121909	1.48688232796227	2.03136603322044	0.990298167500685	1.3745635767585	-0.0953169767891995
K00266	2.61570534312586	-0.26936741820219	1.56099212067162	1.11022411074653	0.673459306988905	1.61587152081787	-0.0774641935860745
K00275	-0.245558110834555	0.192892928657503	0.864331512618411	1.78804294552818	0.204243645701597	0.790686221898196	0.0510338838065036
K00276	0.299906673072382	1.29498000913617	-1.44899535281624	-0.0944306424616274	-3.53659771319847	-1.46044751805008	-1.42519059825298
K00278	1.82371708953242	-0.766239206256895	1.15699130194222	1.09816829648033	0.44756962421913	1.1673617978698	-0.0322826211487881
K00281	0.88869419896464	-0.430539379777937	1.21737533705269	1.7990941235067	0.410086736712645	1.09004031691015	-0.0517695252930752
K00282	-2.19330921566625	-1.28728274530414	1.10536080496346	2.24595562901512	0.683708087239454	2.03259161311447	-0.0761514608895413
K00283	-1.87379374897619	-2.56625322526935	1.419983982015	2.31368188347831	0.706224039826582	2.06040922004044	0.0402917857134708
K00284	0.870914759276911	0.370403726634951	1.44405448334252	-0.167069392537921	0.342554852996061	1.43017032939255	-0.0791262095009915
K00285	-0.582852629782156	-0.072982932391195	-1.51231730086769	-1.36058922324166	-0.626737400259783	-3.88228294056595	0.30331972193364
K00286	1.78155872428279	0.14284180575368	0.981880723405231	1.1792603560926	0.358369127545546	1.72709700661957	-0.101911038640701
K00287	1.60177561843257	0.474437852439852	0.274738355446208	1.192023558283	1.03495992783089	1.54035577374756	-0.247979820255005
K00290	2.17821082675318	-0.952737550201444	1.15042269127404	0.935049993658215	0.880434111390303	1.36084252792656	-0.116643608096801
K00294	-1.70151653683324	-1.58798817819598	0.54283025013243	1.22690294470802	1.59620107773323	0.872205974639056	-0.46852549586054
K00297	1.77552756869654	-0.523886333169965	1.09536582129036	1.28630964245811	0.344622210297774	1.45341745215714	-0.133250535014831
K00299	-0.805812625051932	0.287767936525317	-1.21053791148628	-1.16893728289589	-0.50317911740761	-3.66452428501785	0.285840779062546
K00313	0.463580357073351	0.7340300875282	-1.26564681632484	-0.572946505880206	-0.341565742459108	-1.90887900990188	0.277907341238297
K00318	-2.39317336475988	-0.823053042354612	-1.36409664256538	0.805088115596921	1.32473088863869	0.399530978978274	-0.367037032279932
K00322	-0.328950909735159	0.0257833498096183	-1.01998174293007	-1.00868459258065	-0.41434512969475	-2.96306940716446	0.292673974748886
K00324	-0.706850318075613	0.208231051502199	0.0201699425462374	-1.95662851843819	-0.87862496015053	0.0442033131724573	0.478336423155106
K00325	-1.03464558518072	0.338981290397616	-0.390706301760327	-1.78482337508187	-0.542322918143083	0.236591668904421	0.426038354154862
K00330	0.445300640700861	0.121091474828692	1.05715602533852	1.3967075177671	1.18777646187324	1.11050655144512	-0.0448519592320553
K00331	1.06151330673556	-0.254514186593322	1.22468650238549	2.09514717545524	0.952457979951094	1.39214399653733	-0.122873187545501
K00332	-1.11504998600622	-4.10686163133624	1.90541863338982	3.0199625917913	-0.502301975455095	1.68080535727799	-0.114578783992492
K00333	-1.17650785839696	-4.08475808328631	1.87488627331292	3.05524591889396	-0.445732697214891	1.59857639867127	-0.0881789331471554
K00334	0.0577558001265963	0.110915650663348	1.51601779358422	1.72148625340477	0.580011681351851	1.38434478837311	0.0239553446734317
K00335	0.261016579507395	-0.254749166729479	1.65851247208153	1.66990773167625	0.670331672463606	1.3625624795562	0.0640640552008518
K00336	0.368636967776819	0.837963779506655	1.24115532534157	1.4595041104795	0.381311134133528	1.15390449959099	0.0660492773020633
K00337	1.17376676404337	-0.333082909646063	1.04927569525277	1.51698736634269	0.781740144524763	0.995357850671408	-0.0786266033684841
K00338	0.692819239734217	-0.249800282480745	0.966126709151615	1.66558639493004	0.611265734467695	0.741985024989245	-0.0846965615784756
K00339	0.228669407008692	-0.225818367625205	1.73703122036492	2.38737527813926	0.911358491215895	1.63614365655243	-0.0777478222882382
K00340	-0.507817296148733	0.417150815067263	2.21371519463097	2.67720298256889	1.26239134434242	1.98109558421433	-0.0334135596787564
K00341	0.934010835526987	-0.375391657414465	1.10906398193871	1.60261849846855	0.80991537931938	1.17460257011711	-0.0611422066723935
K00342	1.26570680940013	-0.706159691276579	0.834846137929309	1.42131475892082	0.416785672936628	0.753517123044131	-0.0774506931340329
K00343	0.428607346652552	-0.0436031026268288	1.11255592005287	1.75448064293876	0.854530230794142	0.965770164609549	-0.0271188025509945
K00344	-0.462759403349356	0.162609000740023	-0.925104857515942	-0.995639639234393	-0.350612297024538	-2.67334481877029	0.30952933382634
K00346	0.558385750441357	-0.558653305234937	1.37924969093834	1.42908082690254	0.897834674153517	1.31944579082787	-0.160238445285522
K00347	0.679264823137327	-0.903268973293333	1.20699787037407	1.21979056086555	0.533006027970503	1.12137307423413	-0.148675889257156
K00348	0.179690601466699	-0.744418005409269	1.17052763598	0.689160106444508	0.817682043347548	0.636103334010241	0.0468692476714023
K00349	0.488419624208017	-0.458550373973875	0.974519877601016	1.0881799289228	1.20247365597267	1.15788753527462	-0.127583265784942
K00350	0.531588057218595	-0.461806128683119	1.27587664024865	1.36505590167061	1.04997886780281	1.43872228461563	-0.0816939179932705
K00351	0.627704810513659	-0.392718280615835	1.05103742973839	0.95831118311897	1.2292717850544	1.0586214942044	-0.0641463403737179
K00355	-1.07268777287145	3.22128482633588	-1.93986451728309	-1.5228783658503	-1.46835385200005	4.12548425990402	-0.762426406625473
K00362	-0.545708564878897	-0.00132311409953087	-1.01054394347633	-1.06413181338295	-0.390568687882234	-2.04994675320328	0.3805730040038
K00363	-1.30440726673742	0.743473012981386	-0.0613643537279478	-0.813659625387042	0.331566796336363	-1.29527398747146	0.339256792780197
K00364	0.278788330195948	1.44072433286664	-0.864467383455884	-0.197421985006183	-0.192946478094866	1.49943432408631	-0.164382935050689
K00370	0.225613417266413	1.0866056280708	-0.982615710329663	-0.925527649259418	-0.377272739376833	-1.70505401295364	0.206997423883713
K00371	0.290550979016825	0.867711980876894	-1.13768637282814	-1.16057057890877	-0.570834382738878	-0.96265455883682	0.234573989626206
K00373	-0.33249595558782	1.3721201019859	-0.525424600672375	-0.606566744184345	-0.060845746960451	-1.46033021610916	0.29472574543599
K00374	-0.208276061178641	1.4242977696037	-0.759364963602673	-1.00265903983101	-0.25925205584984	-2.03845998448074	0.160737305399216
K00375	1.1726844032989	-1.82201115316394	0.115051596331943	0.0677093097211424	-0.302855416502764	1.08693171489298	0.041813224073685
K00380	-0.287936119200186	0.13208039575574	0.503817621059317	1.96967784848228	0.146257192526053	0.853002252162097	0.0381217892134555
K00381	-0.238374797464804	0.163826842842074	-0.952788592409741	2.01148943390861	-0.0556291335485476	-2.03042003315628	-0.0186218028103939
K00382	1.06027141415934	0.886895497379275	1.15367287294899	1.81924561944023	0.592373446259688	1.68721166449845	-0.104280859712326
K00383	0.4976293539391	1.00934751802442	-1.12574207885231	-0.0956990889070924	0.0387859471850497	1.66110465127289	-0.235854283455574
K00384	2.22514876925807	-0.524489800395994	0.970668076444019	1.44586412396446	0.406666771207045	1.82445523339569	-0.0614866619145504
K00389	-2.44441571629186	0.914274652538271	-0.259591938089978	-0.182307141160816	0.370627657208632	-1.20773288410843	0.420439868685044
K00390	0.101597579358621	-0.150933816047935	-1.1410762081858	1.60942868676201	-0.200891807045748	-2.14910527867019	0.0433642263377079
K00394	0.918169262050196	-2.33570126718524	1.81809162991082	-0.931856351232379	-0.20036648150902	1.08947315263808	-0.107715040925705
K00395	0.485172705887361	-3.23432997888568	0.626109762955058	-1.14007194552407	-0.624551280703356	1.13950380134642	-0.239021793488227
K00425	1.0359407683597	0.633613963661166	0.922528563905109	1.42183623995796	0.468090013299177	0.938730890036223	-0.0178627972638241
K00426	0.755924822925135	0.843440135059328	0.906604587006915	1.36811743464485	0.568961874280165	0.617229314625857	-0.0330321495568386
K00427	-1.14386394417425	0.287158568439455	-0.62600386245216	-0.913056450223773	-0.13919453259926	-2.44401737850845	0.375161081072129
K00428	-0.00400259888310828	0.137364883956881	0.682205139565814	1.85440484967247	0.16874493721504	0.589202912629244	0.0255452091658481
K00432	0.462409304617449	1.49511023336408	0.45539345489775	1.13460449662223	1.68671812180061	1.98316279250443	-0.265459552887642
K00433	-1.5543629208817	0.868705113468142	-1.78951609237159	-0.0680324605463442	0.369273141656111	2.00265208083451	-0.576488912585937
K00455	-0.255755571485953	-4.3300066394234	-0.809863568377148	-2.37804408583626	-3.12155531283837	-1.75636192959488	-0.524922803524696
K00483	-0.568669227720694	-3.45099906152728	-1.43547952277626	-2.64294691596016	-3.38023398753624	-2.96276470822036	-0.209137708429062
K00484	0.012485059140726	-2.89726452058795	-0.476291538309704	-1.92276378188118	-1.73809109565239	-2.26425263088882	-1.06473407197353
K00520	-3.2959572354569	1.17676468664166	0.0795186449769625	1.75349156346336	-1.83620904323082	0.435663970292208	-0.516992956880294
K00525	2.06437906825404	0.115502019462557	0.966018139291156	1.25819490637794	0.416213974986265	1.35155895549118	-0.0314435665642849
K00526	1.7095267494903	0.272876312074633	0.711006789374698	0.41082484062925	0.255392686162184	1.15113211619913	0.0221668477023014
K00528	1.55028304660182	-0.650310437145261	1.63634085552727	0.917805744075925	0.468413249287794	1.55603662329972	0.00320431542042576
K00529	-1.510795263411	0.699981649455996	-2.64998567206825	-3.10338278326973	0.272862181697081	-3.15099021595657	0.320367365595139
K00533	0.595252243033155	-2.88576201623919	-2.41626536948646	-0.8752474359034	-0.765320047106554	1.12677306878626	-0.213216990712845
K00537	0.606643042224004	0.816707094249697	0.131224512029041	1.54669634785667	0.659644917283247	2.08739832240402	-0.171234012130462
K00547	-1.41063585674901	2.83296509557721	-0.193778754305493	1.00872175183311	0.2983743703701	2.05427172976792	-0.194378078464233
K00548	1.56035837733607	0.0716802077865318	0.861189543176044	1.07816003050819	0.249238968525122	1.12593335855067	-0.0305492286717526
K00549	0.731490137218042	0.487299223480196	1.08115494148766	-0.422896342611163	0.10998917433996	1.72318312722504	-0.121073604110443
K00554	1.70535573565821	0.0535223084068015	1.51566815273796	1.25537691798225	0.558023587498854	1.72459069091141	-0.0162751381432644
K00556	-0.15692427551885	-0.0630105686807916	0.341429485845912	0.764750255012662	-0.00852132525663549	0.459117503941653	0.148454159017838
K00557	-0.242311565042929	0.2477638619518	-1.21482682330574	-0.952370839452594	-0.359763427939226	-0.91032358807266	0.180996804949082
K00558	2.31580135428767	-0.783474604549436	2.24380791084801	0.810413462782056	0.598842099938582	1.42842644649803	-0.173282430056297
K00560	1.96791133487086	0.0339865433549598	1.05613016979729	1.21867351021782	0.461910620961378	1.44730586010277	-0.105728328708374
K00561	1.95345959269862	-0.732062737407713	1.57304835217034	-0.755680160856098	2.29308392170448	-0.52109429043472	-0.534785248819553
K00563	0.707331435917421	0.956860621509524	1.59612822430168	1.68681733098045	0.650747910771559	2.53702596026718	-0.321263544741832
K00564	0.0303289016471346	0.788759668407412	-1.02691364390815	0.184415442609936	0.266381323967169	1.70725730258286	-0.0892223720585934
K00566	2.20957908236842	0.0359096723174766	1.20283758537804	1.32787821974769	0.619080499444197	1.5378164370662	-0.158479720834457
K00567	0.486180940805479	0.738028784332247	1.14369630711113	2.64018659081474	0.917923227582167	2.40464261370957	-0.219894439462387
K00568	-0.456775693060354	0.220229377088518	-1.86986363036598	-1.43315847430214	-0.509867056574632	-2.87535139721573	0.228992431875504
K00571	1.09061858260493	-0.0559015972042367	0.725165246892322	0.775432718658597	0.95378859404106	1.98861274319947	-0.186933756355011
K00573	-1.011323479773	0.479062696037264	-0.581793070864331	-0.986680345868915	-0.116928129758646	-2.52690645855606	0.352228372808731
K00574	0.0570100268111666	1.40901025110242	-0.207716227602612	-0.866847710943073	0.20601020816345	0.912492985010741	0.0427938992941745
K00575	0.681271353899046	-0.750395814838438	0.874837755132068	0.0748512574674193	-0.789563044276049	0.974171260476706	-0.0420631175076596
K00590	1.18675694072108	-2.96151498979571	1.39954906599556	0.69651542391792	0.934624985490034	1.34958619076073	-0.125879109386169
K00595	0.976007851003214	-1.07595107978824	0.795258073974002	1.23101679768577	0.202199131879996	1.54275497990906	-0.208731368664467
K00598	-1.27550366318365	0.499694426593752	-0.866143346857678	-1.5613259843348	-0.820176764693071	0.0880478342181421	0.60847279381398
K00600	2.04005751216273	-0.0456833196306512	1.65512406723534	0.954969180488736	0.678512350354384	1.60146090585053	-0.0557776396309964
K00602	2.40199074351649	-0.0870366421962067	1.32248669760262	1.07386199917808	0.894989744458388	1.69137987691223	-0.0637412672078244
K00603	0.437855454324289	-0.210706807856067	1.59498321907555	1.631068272257	0.833402649197767	2.0721774418956	-0.273914441946708
K00604	1.78197226130824	0.0966990488147453	0.826005815434802	1.21963958230034	0.299561486277769	1.80307236510575	-0.0475285058056942
K00605	1.03056919777255	-0.405777330460577	0.971972732711185	1.56486229386345	0.39405228260536	0.902600051940081	-0.0462893550431362
K00606	1.22559401595454	-0.79177431291583	0.933560012746204	1.39897517647758	0.34924598101158	1.31523412662804	-0.0376777355706326
K00609	2.04483530127863	0.0712705748653129	1.20552098648583	1.25153849806801	0.6907123482563	1.63448378640473	-0.087216943982803
K00610	1.67999300563197	-0.677201072635679	0.468214477318872	0.216635001564175	0.395188436541746	1.17729057568371	-0.0954686110055081
K00611	2.09535262191157	-0.126126910510091	1.63879191772972	1.1720890828611	0.485398367676924	1.7160356362468	-0.11903494644519
K00613	-1.7607690373673	-1.87119881338122	-1.6461678753611	3.73401669945732	1.10127307537575	2.457430275262	-0.549238577965461
K00615	2.8594964464889	-0.359024207057981	1.29612499372994	0.711857152843625	0.432229653630446	1.37867075401604	-0.0632617478406063
K00616	1.61214336955409	0.0951212542628959	1.00689959423577	1.01155094590202	0.580778375897597	1.41330862242043	-0.0451094810998074
K00620	1.46896389329295	-0.925308267536192	0.916512637305606	1.32344774689689	0.311554238829802	1.79348936873734	-0.0849330728089444
K00625	2.02373108470301	0.0304942774152473	0.823244987893451	1.21967212643638	0.616274908814619	1.64454755383789	-0.14151111293193
K00626	1.60716614329676	-0.254348753901748	0.457016988563884	0.160311443472058	0.173684225115965	1.4299227913028	0.0873171980345615
K00627	-0.202856568457083	1.01299508386609	0.924095003772128	2.40478817906395	0.539609328541945	2.44412318068802	-0.155524343732559
K00631	-0.722301391722159	0.49119265848157	-0.53951442344154	-0.729774670934528	0.108427636954973	-1.89341875714004	0.322673290487564
K00632	-0.0761063972725431	0.0160855101918891	-0.930803776812207	-0.92138739142403	-0.341711982455065	-1.77066418331802	0.417286663767136
K00633	-0.306241301657156	0.26246996694562	0.440588532853473	-1.41235120806679	-0.738179250922014	-0.322633949934843	0.214903145548142
K00634	0.459788756607576	-0.588008354368238	1.44536912338768	1.01409594502464	0.613361433777998	0.841138394654391	-0.243222684148513
K00639	1.69557973945002	-0.422319422426252	1.18888324396645	1.45314536776558	0.192274764809797	1.08574393960893	-0.0741290752923123
K00640	1.94024369323115	0.084513058004351	1.29698520796334	1.28821126904503	0.73472680214424	1.74765667516052	-0.113557905439102
K00641	-0.542516020895437	-2.8864248198891	1.35149794714485	2.8664894529821	0.280871585641096	1.87186154919922	-0.114616185907089
K00645	1.82590481841426	0.233846862850161	1.23817348377739	1.44056664195076	0.758379892144392	1.72374347049057	-0.155014813426696
K00647	0.829806329844995	-0.0829623294496819	1.53545379536187	1.94227210965171	0.876109675202559	1.23967957693398	-0.202550560716354
K00648	2.01325223052363	0.0702238278960899	0.789664267468799	1.31753293957725	0.422519758973311	1.52026885944664	-0.15775969672557
K00651	2.05309614741664	0.00569564574715645	0.807319014239658	0.258743909859807	0.195812076959799	1.32248491245568	-0.13336309838649
K00652	1.35351821982722	-0.378479282321958	0.62002435969149	1.04548387017265	0.848530010018538	0.47819563943207	-0.0847515170609585
K00655	2.01610371672968	0.0614565508937553	0.789213745761264	1.07790820088401	0.355809912715147	1.64504501420319	-0.139573276523315
K00656	2.67387590014796	-0.164168815078764	1.13775849239861	0.563757559025437	0.443320736918638	1.30071315366089	0.0309187169039615
K00657	0.742395760654016	0.00383459502217323	0.902507006097186	1.18307266917244	0.925802603993605	1.83824476796448	-0.343917608741485
K00658	-0.301283566118673	0.287115802106829	0.777720450330127	1.64594594922081	0.318880871567915	0.855468602955935	0.0726678366625675
K00661	1.43715176188807	-0.0888105956340119	1.302438913751	1.44396720614448	0.622138515744398	1.80177447396576	-0.178601712468826
K00662	-0.885254530073599	-1.17164270109179	0.784069626498569	-2.01819534811959	-2.65237878200035	-0.381806461035612	0.426317125078476
K00666	1.4050965627418	-1.26113108819964	0.594265497196067	0.760095311069638	-0.22133074637871	-0.0388242880696081	-0.178143069628441
K00673	-0.53305235302587	-0.14979542321208	-1.64529717071022	-1.31347342047676	-0.623438938822557	-2.39473935764969	0.33191600393895
K00674	0.2377142032371	0.583619018135042	0.742722540068973	1.71520118203178	0.428887949023436	2.48273518878281	-0.123961955789291
K00675	-0.48871949112554	0.418355067310305	-1.63046348197426	-1.18020995173439	0.262834892306517	-2.68411323231399	0.0851669008696445
K00677	1.65801581942896	0.140552957591982	0.769306390452732	1.07367561545387	0.405960515771101	0.495139869034884	-0.105608374360763
K00681	-0.114126292826132	-0.206139980765609	-1.23263275725807	-1.01381810221657	-0.339023842778017	-2.46928855580032	0.244309633489884
K00684	0.264301421283289	0.0860989885902122	1.24339330093895	1.99243025269523	0.704104617867659	0.786901684582827	-0.143208265784942
K00687	-0.476348427893118	1.62348182970044	-2.21804416282142	0.618416426444203	0.09533087227125	3.9496393521434	-0.968160301927292
K00688	2.79000863635401	-0.720434884490995	1.00830036299263	0.286816922688634	0.254109636578749	1.21404920715153	-0.0517950360810391
K00689	-1.03085198795934	2.44104977422711	-1.14822006328071	-0.657135563230365	-2.20771096583824	3.94326380091965	-1.85615006137248
K00690	0.723932767449423	-0.0650789094591424	-0.344279707502972	-0.871771889066547	-0.449917628731539	1.5161431749469	-0.0470628445183865
K00691	-0.985126761557058	1.11810048395154	1.25006449120079	1.68870393719688	0.000449341420124226	1.23430638212025	-0.374566242579185
K00694	-0.290337828756766	0.315819342670412	-1.10762953860725	-1.00461562190041	-0.264912112917711	-1.1311380545491	0.252118438001908
K00697	-0.960484294058279	0.385422785816164	-1.1231752644297	-1.22841687712654	-0.358597739901354	-3.50490829151809	0.272716015096939
K00700	2.42841920459132	-0.67498309439662	1.03664338486229	0.755332065487057	0.4037310338356	1.3376693149215	-0.107284725192749
K00702	1.3395014127479	-1.16337398714068	1.26358234779869	-0.427117901182025	0.433142796788405	1.35397291380226	-0.00627088594790615
K00703	2.2506074627624	-0.713512222232847	1.43141746418511	0.555531119668633	0.270126969251822	1.47118327218354	-0.138753057006561
K00705	2.09879717433314	-0.552341560783415	1.5086150159124	1.12934671130195	0.357068077359389	1.72454133826554	-0.112672985080444
K00721	0.956581356166406	-0.540584484996824	0.989211856294025	1.15989897933021	1.19429101112861	0.69347873526871	-0.189170688871109
K00748	0.680334562598272	0.878480156002016	1.25027519362007	1.77744583573356	0.815584138665388	1.06359917867243	-0.0711454157864682
K00756	1.05225658619265	0.68045182996747	0.765828340220798	0.987204475069195	0.433758751187514	2.06771281558335	-0.240684777978622
K00757	1.37971833550791	-0.872148971023588	0.892999499011386	0.730028612280041	0.254876226816366	1.29658788639366	0.0840196306670078
K00758	-0.403194455267386	0.00373860174176247	-1.33017766578163	-1.19552691493019	-0.343910231556703	-1.81830665272415	0.26482775759343
K00759	1.58206632935862	0.00927520268914253	0.870391010213245	0.725299594664723	0.95328833225746	1.6323735435611	-0.146462530378067
K00760	1.46471962535243	0.529354472694369	1.08290499346291	1.21536360468879	0.730232909951399	1.9071812351352	-0.132757813218795
K00761	1.88539335334162	0.115009089050265	1.43042635815178	0.764605862760693	0.5774191177227	1.72358462411225	-0.079792559627258
K00762	2.57618460261683	-0.428776632013349	1.28655511038338	0.808918518686444	0.313464567694853	1.51645818549454	-0.0684803431069485
K00763	2.03616497123103	0.148134608802767	0.943654327559818	0.461845872664601	0.0842235616185171	1.57057705718338	-0.0994774405991665
K00764	2.49893316829066	-0.204248574046968	1.39079970018898	1.03631762948051	0.410909727845381	1.44621795612633	-0.134087473634445
K00765	1.58184954726557	-0.390334824981718	1.88435971634423	1.15656201329246	0.914562062058638	1.56103542643845	-0.0851389770543209
K00766	1.24317696893077	0.35346152359006	0.930309235024799	0.51133856523946	0.858128920827101	2.11613825160324	-0.00702261972781337
K00767	1.57615593278269	-0.596716801586179	1.58153521912133	1.22156362023369	0.7070577895977	1.4152723570472	-0.0179051165616146
K00768	1.22040596806864	0.265575666961642	0.844100384879459	1.48090134348884	0.373072878155897	1.52140739756882	-0.115610033754074
K00769	-0.388826576830343	0.0874109166240409	-1.35351336104835	-1.1491720250605	-0.50288443204384	-2.06744190853775	0.214177220579422
K00772	-0.992808727385	2.48348470502851	-0.487098814081799	-1.90297408614144	0.15638974371929	-2.22835299175918	-0.514164001229965
K00773	2.17465672099452	-0.00610015815737694	1.45708143608605	1.21633492198005	0.753954366479109	1.75781950551331	-0.0873751049077145
K00782	0.595866629085048	0.967764933643313	0.172000585961688	0.432560948395878	0.4018780148365	-0.168048111616971	-0.0973988478219143
K00783	1.74845656955103	0.277304817972155	0.850425421166767	1.34333918776527	0.511716321740339	1.65984478789627	-0.131950915340149
K00784	1.73722586238246	-0.281142244997053	0.451198915857423	1.00902627196327	0.488746479783247	1.66428777772248	-0.180322587970459
K00786	-0.827018169523672	0.750628967819186	-2.27791416747535	-1.92883248839363	-3.57694052096825	0.881347628415225	-0.569422662738525
K00788	1.70494303309779	-0.0388069701814935	0.831376104522098	1.56572584595695	0.268635199103544	1.48529258567154	-0.0985189383065335
K00789	2.3777625282989	-0.21131534675197	1.25121760265862	1.15425257172599	0.746999458108137	1.68412003117859	-0.0512432162797085
K00790	1.8029448708282	0.374503691730471	1.31758183138405	1.53369943585411	0.783566430840681	1.97524556714356	-0.0936000649964444
K00791	1.6126794537292	0.346557040748568	1.07476919786965	1.38117222275749	0.474999294314573	1.65193465548813	-0.131796360496246
K00793	1.54549583995204	-0.00756720727923363	0.454486436117042	1.02062670674339	0.224678859744261	1.04689322422504	-0.0351544623410336
K00794	1.97097727858882	-0.0169956786060616	0.378581791091312	1.13931672062889	0.755616203580092	1.18989454406559	-0.0955829327141873
K00795	-0.87022641098638	0.139878531036349	-0.834066511225354	-1.55569215331063	-0.358363493647386	-2.81882926624954	0.390513866659439
K00796	1.03841862284998	0.774106224117251	0.977372138667453	1.64114825215355	0.493397609029005	1.88739541369736	-0.119974822286331
K00797	1.87260911071162	-0.199659703249662	0.550190742034067	-0.127860384321063	0.0821775837578279	1.06019647616207	-0.0630307202374569
K00798	0.290819140313669	1.14375932985303	1.40603154795204	1.95819429841056	0.775160506997297	1.74136045771897	-0.342268161956035
K00799	0.0414948781714877	0.34270872646329	-1.18296372992958	-1.26920218977913	-0.241673066582491	-2.55398317974746	0.318156867738999
K00800	1.63628420436244	0.281180252370806	1.01909994976555	1.53569666829124	0.34921340707321	1.88768455582917	-0.17490445125457
K00801	-1.90439191258092	-3.58206347650531	1.35247158901726	3.36218409028068	0.266286582384298	2.30732527571976	-0.0120653514897457
K00805	0.561558393924042	-0.0531345409775063	1.13902908461129	0.701024887824208	0.212023422751616	1.9925037344104	-0.173566133264267
K00806	1.63462004268031	0.315330048141451	1.32268440620934	1.3238030501844	0.784840837750624	1.81732812720597	-0.0991807286774746
K00812	1.74670717322688	0.168934841690035	1.07391148703133	1.26481507506385	0.957790747914503	0.68822959262192	-0.168186665061676
K00813	-0.783833054663138	0.197121997413607	-1.54228890044655	-1.1785317233561	-0.363311901058962	-2.26078983944595	0.317817538496292
K00817	1.69476172530512	0.0753220515823081	0.82881739633118	0.843472582960278	0.123927176628302	1.19722357589066	-0.0563911502396695
K00819	-0.140117971064047	-0.285784508051901	1.49490809338127	1.03520957913414	1.21468974712868	1.15560609299004	-0.39324954572674
K00820	2.00379523837428	0.135051478681536	1.51799809830223	0.85534663286224	0.449601784978102	1.6269470770961	-0.0926860873734585
K00821	2.10728654467921	-0.116762059690981	0.919189750123371	1.14055655684486	0.497905359301756	1.53968242007553	-0.0976355974709622
K00823	-0.987768677832083	0.524332244930239	-1.12229395015205	-1.91029139075264	0.0240663156621558	-1.86715790432632	0.232701032873429
K00824	-3.01548066532751	4.63599439435956	0.962537466454852	-0.762870149946063	-2.18858621951561	1.64353189069092	-0.368488137159311
K00826	2.29277095401148	-0.103564414145975	1.31129020350014	0.748047483825833	0.601688758168409	1.4234932680732	-0.0810038154160611
K00831	2.16445610129695	-0.602692614259748	1.2597947110418	0.489731227719933	0.634360686574171	1.21587701338589	-0.0947650377785794
K00832	-0.0849100033058683	1.04436465078351	-1.22677850825752	-0.874242382383197	-0.490851029124071	-2.43912669819534	0.178134172674454
K00833	0.685735227702661	0.941486557064028	1.12607282297646	1.94321827378288	0.664810255799482	1.0968369116193	-0.0863695149457089
K00835	-0.00356539881368079	-0.0234824818992898	0.571875183749545	1.66946963753715	-0.0819072344563501	0.309039624512789	0.0937423999274143
K00836	-4.32718649304052	-2.87322310632709	-1.3535846482035	-2.74466009650215	-2.44803927775841	0.830806197703478	0.930701225515641
K00840	-0.757710961462454	0.198526163635226	-1.1563144932505	-0.800978021955341	-0.341565086808016	-2.55158898037613	0.299835592027939
K00841	-0.263272253633932	1.7618301706886	-2.38486254317726	0.810104382896573	-0.0611908056996363	4.01316645938217	-0.955953330281936
K00844	-1.59548917210241	-0.280539142849474	-0.599470616411816	0.901089532041699	0.64554770353813	0.552308978617785	-0.105208397391998
K00845	1.69026670062403	-0.175319845738439	1.27184098856484	1.88670210328117	0.622038618359755	1.95738753873169	-0.110163778547012
K00847	2.2509839256988	-0.240911378475456	0.777033089566577	1.07457916226402	0.572318033013533	1.70626369315445	-0.136884630206787
K00848	1.10137716138224	-0.354268233242063	0.71934941308533	-0.168010907506793	0.217495144043158	0.584064217389224	0.0804768497908481
K00849	2.22619137370448	-0.524717132511167	1.57945132153069	1.13329259839073	0.454276607070158	1.50729459720909	-0.142705590013229
K00850	2.40304145419459	-0.215156632658644	1.17492943899666	1.09880827155128	0.60836406115074	1.41022867161095	-0.149220169070923
K00851	-0.488698510290579	0.342863042888613	0.157627939153064	-1.01955588374123	-0.611364051070024	0.167532714188693	0.391824632402695
K00852	0.402370678423448	1.11004038625714	0.0854328264478335	-0.00340281639084183	0.0121878578104479	0.556616665900347	0.136461227651871
K00853	-0.371026960970358	-0.178516096385746	-1.03311336142982	-0.691429691648334	-0.366841509308626	-1.62944933575332	0.322941630598343
K00854	1.2898616513	-0.285169246556787	1.20412248270546	0.205754590892941	0.532479182515333	1.33586907583534	0.0107152457201847
K00855	-0.556000141264395	0.0773552852248862	-0.928453565668713	-1.33818777117714	-0.38332666393738	-3.85470601719558	0.281983226057328
K00857	1.49444255435328	0.190316845712633	1.12809866564308	1.31250493016258	0.829210654530714	1.77472797232926	-0.165378451827728
K00858	1.89485129916529	0.022471671042414	0.950669913459171	1.30843101229683	0.141145781312178	1.5522514899379	-0.153317332748138
K00859	1.28135934674601	0.391936858234377	1.03310447828804	1.69266740765587	0.38470740679283	2.16917398768723	-0.168416053537094
K00860	0.94340491497378	-0.341282124581365	0.711929797101367	-0.0876153877733644	0.30883334640045	-0.0159657875889563	-0.0920291547810665
K00863	-1.93545141613622	1.69893987947461	-0.949630142283093	-0.532077150678485	0.0805865122713549	-0.671114412962797	-1.28024926829692
K00864	1.39202317797999	-0.209396617670162	1.18568146126305	0.905058009290845	0.546989992890547	1.75301966267884	-0.0192486946618191
K00865	1.14649602973322	0.244955559310885	0.579820125270236	0.0690177210809294	0.327309176955412	1.47559166151345	-0.0513354842698208
K00867	0.372694121836229	0.77548505836484	-1.42374456031288	-0.255662398671955	0.00651884700734442	1.47429305511772	-0.217826501015388
K00868	1.55862471663813	0.515310724315615	1.19224285976921	0.440441129470021	0.194707483682821	1.59778079587281	-0.129546434167587
K00869	-0.744946745993094	1.71106751733777	-2.06362807853187	0.70677944805637	0.648000673089216	4.05096534091294	-0.914312303546631
K00872	0.961721243499323	0.752847691116305	1.04169523613488	0.774317813778073	0.371270761523436	1.98229399520218	-0.139657706502639
K00873	2.28962728583674	-0.0474686128521249	0.92505723135506	1.08654223170295	0.26146832171459	1.34844237762749	-0.104094952825271
K00874	2.25263580882411	-0.482967476310758	0.791189729142536	0.651925293469578	0.750813261304091	1.43560412722885	-0.0592122976815335
K00876	2.23786661231379	-0.434196303548841	1.09537637131249	1.1075548955442	0.69836957815666	1.56415251094162	-0.157152504209243
K00878	0.885637315152689	-0.473682205143003	0.977300732303012	1.49984697785392	0.319185302291105	1.83365568715393	-0.00903233933802761
K00879	-0.151737479330496	0.0805412130927756	0.407258069980491	1.67167310204521	-0.0287925967238444	0.504543276608584	0.0685714180434116
K00880	-0.493742374540762	-0.142367805304556	-1.06407010657753	-1.71524901900277	-0.644633456435015	-1.43136164349258	0.504383712526596
K00881	-0.964184311987356	0.363437791404696	-1.22113871676887	-1.32308240447029	-0.243339195217897	-2.35826203030288	0.428535848375595
K00882	1.56416258418421	0.336392601070376	0.422767325210918	0.60063218858257	0.0210164186321599	1.70645246106446	-0.178916484597885
K00883	-0.670682219625906	0.00934370332715065	-0.739659071993481	-1.30397899661049	-0.0796219998262423	-2.90553065937698	0.548573404070176
K00884	-0.982233671308951	0.218258996543856	-0.64796328647102	-1.18150635275826	-0.341489090885927	-3.55695888203323	0.304154544588364
K00885	-1.24056508934637	0.493782361087771	-0.304352463316571	-0.380114333963245	-0.108982517685701	-1.35955998104751	0.324779182192124
K00886	-2.78355946934362	0.216367472944231	0.74216695027386	-3.81359215292916	-2.40204952594261	0.711450936377642	0.882073610540665
K00887	-0.786766914488272	1.92838140302655	-1.98984301192726	0.719469336533696	0.504633948836516	4.1127276738292	-0.968699604753219
K00891	1.80069467627863	0.128713776407214	0.532864137459148	0.892952752971799	0.293921694789122	1.30469423729241	-0.0959523921048275
K00892	-0.476027158857779	-0.0454523218298241	-1.22575283153022	-1.12201722178444	-0.42918653723221	-3.87539455097854	0.259592324014939
K00895	0.95129367911677	-0.747229437294035	0.720470278430332	0.283844975495488	0.863053516183088	1.09637556421816	-0.0475395326649777
K00897	-2.8828553239121	0.528718491134615	-1.67443239791359	-1.48741837058052	-2.50059388514977	1.19914096790612	0.318650811430252
K00901	-0.0600437799706022	-0.0472575230026528	0.763997970986713	0.966620994472653	0.827835933003615	1.36372959810555	-0.00203427720423854
K00906	-0.487142352224783	0.169996817645998	-0.878272296023022	-1.07365639719948	-0.400032623972704	-2.72123977345169	0.346108406301773
K00912	0.506069654761358	1.06396265798566	1.44336265223061	2.13863532032982	0.997273281846235	1.1655871887809	-0.10988041806575
K00917	-1.24759974873205	1.56790455156323	-0.751902462076794	0.364893143737466	1.27418495777626	3.29662159282028	-0.332724094871246
K00919	1.29810461604457	0.269807119903536	0.867569266724933	1.36787919487968	0.304033175740431	1.56718376475632	-0.0744374697243801
K00925	2.19420442187647	-0.0473362011337563	0.810818432736743	0.591104795897156	0.29215215209503	1.36025241214096	-0.0920617287194363
K00926	1.29637053811411	0.523567994174929	-0.317518652510296	0.555980032050759	0.28930546406288	1.07118411186397	-0.0157046620881192
K00927	2.20518598162989	-0.156657996537714	1.56786000626122	0.969167126083523	0.617933884892653	1.66187468367874	-0.0432396833932034
K00928	2.35593661868434	-0.14954966581109	1.26570647852455	0.865504963064343	0.523104593787382	1.48730728226959	-0.0867055957352749
K00929	0.4826311787353	-0.567371348800688	1.72954475777184	2.53581146683708	0.809177533421705	1.7472045739299	-0.316237606588565
K00930	1.70142659747462	0.133021731910677	1.49604940311943	1.30113766875282	0.77166368130226	1.70804634887039	-0.0737977628743283
K00931	1.90423450076441	0.114412684974642	1.45631497995888	1.39453695502296	0.251182363066862	1.58298650580704	-0.144843817237579
K00932	-0.87988057530065	0.158146669206591	-0.89906478030647	-1.8954484036921	0.141533397767733	-4.02210733097732	0.493581026312149
K00936	-1.71918311512609	-0.228803579645781	0.391446842718471	-3.70994730505928	-1.78979442950707	0.863861279667018	0.583837002035416
K00937	1.9997222145782	-0.0563070130968377	1.3502470840696	1.01437507357612	0.448668465647886	1.27304107147515	-0.107842684272491
K00938	-0.247583238245443	1.47696014219281	-2.42067992789711	0.690865186715275	-0.101792483892252	3.74988582927048	-0.933621198419296
K00939	2.21776172721247	0.0852341549968436	1.29233342306649	1.11824826684013	0.639462367329786	1.57940516072571	-0.132207215312683
K00940	0.481653193174406	1.29761155420301	1.33808684246575	2.01663164582267	0.970682636532972	1.28740561205208	-0.165771991494857
K00941	1.68389699065547	0.0549707608794883	0.792693077493061	1.08972207989708	0.474632576737593	1.37373060184777	-0.0641110842263333
K00942	1.8440733870254	0.190065135297747	0.838513909745563	1.20188115324989	0.353462622199248	1.52012562948525	-0.134224176887237
K00943	1.10243621671061	0.72563381963727	1.12562012569939	1.75066272702232	0.0920370413698656	2.01468852359116	-0.167212725166046
K00945	1.86047885024409	0.110899289188357	1.10609704153572	1.48462430920616	0.385143474374006	1.75871786671936	-0.207429782036506
K00946	1.09900540315966	0.367110450801821	1.00726276533638	1.64052526440635	0.745978907380293	0.95447829562485	-0.106284171823227
K00948	2.27971276843409	0.0849926071738914	1.3707696785215	1.10307161297813	0.641188756261061	1.79473993378937	-0.0568899815117947
K00949	1.44266542994837	-0.362694199147253	0.882968216109622	0.609457684421689	-0.0421028801463144	1.96683588820755	-0.277008325341903
K00950	0.549707492975994	0.895916898784609	1.58555281059777	2.1765091845037	0.847245887551497	1.41000607806504	-0.174294218901359
K00951	2.28510782325129	-0.0606050593281075	1.16186058418785	0.899544877672345	0.571818665299605	1.58683094579041	-0.0963636641537777
K00954	1.79756424033503	0.242076684770556	0.986186175513614	1.16162512984291	0.288256094489287	1.57442864972412	-0.129514992717468
K00956	1.7154500206695	-1.05196479982379	0.833051531482089	-0.28200818810448	-0.0681314089558619	0.374152215302584	-0.0720315878426663
K00957	2.07678672873835	-1.0911754769707	1.47569346325432	0.658558694386632	0.309949979815672	0.567544998705981	-0.226295859101974
K00962	2.35702452266078	-0.127486119928388	1.46681499378716	1.20105580773369	0.688035622868727	1.6155073364383	-0.087273985627853
K00963	1.59328076445918	0.572426517543764	1.00330251352822	1.32010297265068	0.147373855743597	1.60567423898041	-0.173135847333633
K00965	1.55938390099864	-0.24110358296576	1.78644466297661	0.255730239415318	0.275265560183714	1.72393158274948	-0.0944232349431149
K00966	-1.33228125965734	-4.03199295228961	0.493734909593661	2.96731905426994	-0.0831585818193453	1.4989497681266	-0.0259438459908596
K00968	-0.788355020643667	-4.5492072505379	-0.0553783784624449	2.15347592320457	0.839072302613447	0.833710672438738	0.0740359122717746
K00969	1.71148535811762	0.307065864143343	0.666870503592838	1.44682054009452	0.0323051789203127	1.6185938437587	-0.218323007706367
K00970	0.432174982665583	-0.0286221308136269	1.06261581079995	1.37351529088035	0.232089341316412	1.11022533673107	0.101881950613297
K00971	1.452712508081	0.0102432864284232	1.2193654765371	1.31731782641426	0.7675065553524	0.990372685820458	-0.114903361085617
K00972	0.469013871787592	-3.71125439828876	-0.960122228693616	-0.934383707380145	-1.2129866921566	0.959638351679442	-0.000568241361343036
K00973	2.2993534525619	-0.398299659552602	0.933905272651065	1.15999118771568	0.766105130944441	1.5799449403888	-0.0355247263943783
K00974	1.28249028527598	-0.311186159911184	0.672553150821079	0.603449051940591	-0.15598918434601	1.62602648335755	-0.0784444813763729
K00975	2.67544397914271	-0.846237699451475	1.07227778332268	0.0573254355432097	0.215268806252669	1.50494525033295	-0.0733487908875576
K00978	0.294180395244165	-1.01199845499042	1.07631713049446	-0.322016256189197	0.554001168046187	-0.0134019533985876	-0.256731972578727
K00979	0.659984873770281	0.748257179794283	1.10294049875771	1.83650450196281	0.674553648266981	0.960295574844477	0.00661182355526768
K00980	-1.50570431149145	0.293034096298189	-0.0315614352938047	-1.41799362215981	0.632650867734144	1.69954678613007	0.287088006254471
K00981	1.58104488456111	0.412314374980898	0.9228731979612	0.997052890920788	0.666026250157545	1.65942546922028	-0.141619235757553
K00982	-0.521167186857657	-0.0709862512970254	-0.405839026999127	-1.62593050513253	-0.724741026129534	-0.231980172812345	0.524749665972031
K00984	0.3696250190721	3.35711403661725	0.910274564195026	-1.31709344897255	-3.02336977359276	-1.56498858135879	-2.19060698199626
K00986	1.46530309522013	-1.61141542619708	0.523123557585824	-1.24666722331032	-0.519647940363695	0.0202355702525354	0.0790235097372898
K00989	-0.0960431972755948	1.07832952314374	1.02062296764885	1.5895461269857	-0.0325627842209833	1.23725950914681	0.153543143984116
K00990	-0.506012348295645	-0.123713212969331	-0.297281683516156	-1.88782425436959	-0.787369712557604	-0.0549952666157507	0.55383309673909
K00991	1.45017078721385	0.155950565872164	0.894347845483173	1.144924385214	0.17246532503147	1.13604529398739	-0.061047465089523
K00995	1.49202123486857	-0.157948571207552	0.858467786479343	1.38043038334861	0.241680578026961	1.67727235156357	-0.0842688684498898
K00997	0.523453818796678	1.15095301443097	1.31361603634392	2.06373731579796	0.221526280675123	2.38104704219162	-0.208117411020958
K00998	-0.670318035246328	0.128249337015124	-1.21770119769539	-1.54027219328865	-0.4249161922596	-3.07313510578811	0.358847230192459
K01000	1.53602996671061	0.36541755968091	1.44280671970879	1.71188060727134	0.977470830712507	2.04357245761215	-0.12490704703685
K01002	-0.55600943958898	0.045992960271807	-1.09738051993812	-1.15491576704964	-0.394050582613756	-2.07193252247513	0.341669290777481
K01006	2.33806809985499	-1.30279843038562	1.71538591282402	1.02976606574073	0.687296227250288	1.47970801788628	-0.0293944482838742
K01007	-0.297017006041006	1.56266029649732	0.535126990545143	-0.395234959459155	0.261502713594626	-1.18778630894363	0.047044485327042
K01008	1.44308141076426	-0.0708755058670327	0.045371054578174	0.263591734433324	0.103672058019827	1.08285928341806	-0.0403542225396267
K01011	-0.48051944172521	-0.0828752470636651	-1.00539481742347	-1.71231360945687	-0.471170886721422	-2.68023010891617	0.314215212580002
K01012	1.83491668307643	0.314422030982943	0.963283686805118	0.715260026717335	0.335299537215422	1.23757061559021	-0.0470992927586666
K01023	0.283076347945734	-1.3689333600426	0.587980053294052	-0.128066556787341	0.541087762150953	-0.759882299124601	-0.0515466039216153
K01026	-1.64614406025548	-1.27212897962573	-0.374821604323041	-1.11924906287178	0.0364717256054682	2.0990785678035	0.503153413053788
K01034	-0.468137530447439	-0.153872712465553	-0.843708754610669	-1.00729306254372	-0.320708557333757	-0.243392674147489	0.305201798197068
K01035	-0.66307845509191	0.0636462467288688	-0.274186194967877	-0.0968841484545168	0.0152231759168608	0.597258569777606	0.167901902910508
K01040	-1.83718290722509	-2.34395627206805	1.67746901409661	1.83563832726494	1.3111432946064	2.28105631667435	0.0351324970686802
K01042	-0.36108711159368	0.174127061901064	-0.813821078371655	0.387303044760377	-0.102325900759508	-1.25689264935196	0.160302549120224
K01046	-1.8990530053391	-2.32164959138873	2.14170753853356	-1.86748786482796	-2.14131329890709	0.829847740114329	0.518076747175492
K01048	0.462547602294489	-0.655229966106443	-0.448032618593823	-1.6649510434626	-0.713044627871324	0.640090229094622	0.321287184473313
K01051	1.45871439778666	-0.336993182959585	0.667431264090885	0.790736658239514	0.287716851268004	0.847787873924372	-0.148954272750579
K01056	1.84789213740687	0.195325990257235	1.23195379869973	1.31757436480537	0.597970620427321	1.60744682151139	-0.0943984990155331
K01057	0.0746643861518343	0.972387512264223	1.05772435562645	0.0492620893956724	0.336874351535032	1.05630802001118	-0.0372243230378262
K01058	-0.304373768927054	0.0123692947005943	-0.827672720980298	-1.06516929182991	-0.0499296629093188	-2.33104106587112	0.218914359327591
K01060	-1.8098892251267	1.60395093732831	0.47371360557114	0.841834259891659	-1.17609904643517	4.18701651889145	-0.877093792442047
K01061	0.155291559337183	0.241652597722979	-0.951248169970166	-1.32534499678597	-0.223854258026888	-3.13105317753494	0.336455553289688
K01066	-0.947008041502432	0.459560831127138	0.0471818436864504	0.494998370969445	0.19363279703636	-0.669654337584379	0.264162510153092
K01069	-0.318204073072867	0.0347607331847861	-1.1044780026194	-1.45100422415718	-0.693728193011095	-2.72982784908951	0.186857491251267
K01070	-0.378034142614798	0.670401235160799	-0.625004173349988	-0.573324399328082	-0.0561373972557085	-2.12012073200882	0.293630629297531
K01071	0.238164337514444	0.545714934406252	1.31933742659127	2.28538732018486	-0.0985970937870043	2.6995344479686	-0.439545678455197
K01077	1.24987265670161	-0.176192915948658	1.09028094904457	1.63753692593589	0.673712686333845	1.40460118848145	-0.128862739089691
K01079	1.19690546595912	-0.262080377849369	0.750653668213237	0.626858247184903	0.104382709298323	1.13456670391619	-0.0184998219048611
K01081	0.0276701172576388	-0.0985865173363969	1.12595718996559	2.06403319325462	0.858885184560011	1.06561612162053	-0.138480812791549
K01082	0.458110185502573	0.00948836380002052	0.878228097129215	0.886148972177655	0.590603843960951	0.474995108426211	-0.0819869344269863
K01085	-0.740913180471853	-0.187997235866813	-0.477854550909649	-2.41739769492134	-0.00159778010468657	-2.22018191021621	0.601911991354264
K01087	-0.844539550901846	0.279242266950579	-0.990012169909131	-1.45909293208107	-0.284868403639604	-2.7569069544667	0.327098875757492
K01089	0.90219608151774	-0.265126085790424	0.735777794289936	0.70139761056915	0.878050044808577	0.571841390908358	-0.0519391005074612
K01091	2.29448184573512	0.05167375975606	0.924563973117221	1.62685994591728	0.161945388350676	1.80141303139984	-0.131984591964447
K01092	0.865124138234659	0.265787025032015	1.11053228275811	1.62882689919487	0.555574432645033	1.81877228814423	-0.110581189874374
K01093	-1.15710034763952	0.448712606964083	-0.814452291559826	-0.804908709859699	-0.147742792334368	-2.3225431124562	0.335059314485825
K01095	-0.408074287535147	-0.0645695430660531	-0.727941990923535	-0.79170616183266	-0.385025157894899	-0.953857151686551	0.27804854464177
K01096	-1.25474932587285	0.616959472236605	-0.42306345803703	-0.699614005422443	-0.151583954062273	-1.47317167919815	0.279472916837967
K01101	-0.624045280577139	1.91726036840436	-2.10371196372474	0.506487311536223	-0.0508893349431055	3.93398264247238	-0.977053910974228
K01104	2.42340108954768	0.351312954959841	0.694056167173732	1.23223309006706	0.172235251102637	1.71814862090409	-0.166722536567413
K01118	-0.340898541571097	0.118379135665865	-2.21802485091652	-0.396850781774371	-0.109703674282839	-2.27616712254226	0.316704958196915
K01119	1.12733224236827	0.19618840986249	0.500073247029979	0.953010571861416	0.536277846131514	1.39312738376915	-0.224805832389557
K01126	1.66356370055537	0.0828651683902457	0.781914590764392	1.0705733129026	0.37991271976013	1.228978620947	-0.141560763601028
K01129	1.89652762019496	-0.164455368133812	0.978051154780734	0.984935445451886	0.27868285838146	1.28258049684822	-0.0368371014630429
K01130	0.531969795166059	0.0246642129993156	1.20238935844933	1.91206149544731	0.941198245320509	1.11716252762139	-0.118713051561081
K01133	-1.76337852871557	-0.171088824930219	1.00782453911339	1.31224088158622	0.52567653420944	1.26049742299378	-0.00965213823672451
K01138	-0.184041945101217	0.405895431575747	-0.877026916575085	-1.30159361872658	-0.252238705124666	-3.1265256087178	0.295306354280747
K01139	-0.401304630400137	-0.0643902224922463	-0.809582353663098	-1.32423587355599	-0.545171066489031	-2.24650832813919	0.361884742494858
K01141	-0.530919937254385	0.0722426968192771	-1.39038443667854	-1.17092557463631	-0.603997155394365	-2.69511386555374	0.280487387892044
K01142	1.97783836924891	0.164085139570208	1.01317602293526	1.08837000813499	0.5106786048748	1.65365776616394	-0.158472627881729
K01143	-1.21759131348272	-1.44666973775866	-0.822133542132031	-0.297282891607135	-2.69244192477684	-1.86006447476089	-0.0401614313161007
K01144	-0.22896846926351	-0.0835558277988717	1.85693430798088	1.64148966755882	1.36262799862404	1.32328021723091	-0.221635357025825
K01146	-0.606986788870291	0.12753834300992	-1.19861579043831	-1.21269162211403	-0.475556000437548	-2.81631442707718	0.381311088320053
K01147	-0.549137858511404	-0.0663736713552758	-1.32983768088783	-1.64429946455941	-0.590917035307695	-1.70130392712295	0.266632943865097
K01150	-0.816495446325735	0.216944803533526	-0.922898889612805	-1.04861946616158	-0.196882470812609	-2.22900482815445	0.332810788866318
K01151	1.41351029479365	0.185614665088625	0.826384215522159	1.29476581301704	0.096090891096781	1.11900707531035	-0.0219953661000363
K01153	2.49231502616267	-1.04719833559039	1.26760887997185	-0.161249893045276	0.0915105311908228	0.709770085394976	-0.0790736084019772
K01154	1.82654032313685	-0.886174063148527	1.27398717300927	-0.368933694696277	0.172485381994436	0.556868972361682	-0.129430979970657
K01155	0.376713918684526	-0.473890761795072	1.38226419584786	0.641179902219922	1.1394622481205	0.742689790309069	-0.313209437314235
K01156	0.813405366776987	-1.60839835828784	1.03031390802895	-0.248104529714435	0.0798912762441141	1.16246886748135	-0.171407700065338
K01159	0.744914176105066	0.693316419658633	1.3375403274778	1.67809681382194	0.913268939290236	1.52766308385193	-0.019079030040466
K01160	-0.524861959577994	-0.224651954087047	-0.981505633425366	-1.43635387930855	0.394190237555693	-3.23778649967849	0.454055279012955
K01163	0.696351507841154	0.894333680210085	1.57128333942925	1.33713780131355	0.617536023888777	1.2634254117614	-0.208710432532989
K01169	-0.532907275320486	-0.0206468505287453	-1.46658969027961	-1.41826422724709	-0.517696663107683	-2.39183971089065	0.309546380754746
K01173	0.012617202638193	-0.512896011533766	1.355342089105	1.24373803820625	0.919789866242598	0.842917861521838	-0.278677270296775
K01175	-0.662798909307913	-0.16832702136281	-1.61886298758949	-1.44100900206551	-0.623717769350817	-3.99049159687698	0.388196736093796
K01176	1.6648673733459	-0.337930734219579	0.284177704620708	0.88080240573898	-0.282837822403719	1.19720418947994	-0.0277651553189389
K01179	0.499074438749357	-2.31200055307391	2.51275527374779	0.40562823947683	0.819142714772413	1.98179188567459	0.118117421385086
K01181	0.0142037590728243	-0.109495404126672	1.41572898523842	1.0950792261602	1.03116358879585	1.02815239048809	-0.427007303122245
K01182	1.27736780249934	-0.976086477699308	-0.171802462172162	-0.903508262967914	-0.0430029400847452	1.64503154355347	-0.120257258895599
K01183	0.0746739228949984	-0.562873314085035	1.21733796494042	0.265561608338505	0.893139914307783	0.367945702851412	-0.406694521676563
K01185	1.96032282912592	0.00641912692544014	0.740845753717769	1.24449603047386	0.372095183167647	0.497655423462985	-0.0647843782937161
K01186	0.588866361579402	-0.663056681814222	1.20799291031395	2.31067125287071	0.423996553454588	1.26203659373581	-0.130368352416717
K01187	2.20972392165522	-0.3964091641331	0.955995081830371	0.973241669798047	0.534643427167128	1.10634824830353	-0.0951558654343716
K01190	3.17235455119471	-0.40970071679595	1.24996703760659	1.2299594708921	0.65611727598686	1.39853677350342	-0.154716700795852
K01191	-0.397731808783011	0.673623819885226	1.18397283451592	0.771391911173016	0.633007601533125	3.06982901889145	-0.268215194824897
K01192	0.229323806403681	-0.517164717378645	1.74729466335808	0.744297099971921	1.02903325918693	1.53278181153595	-0.195458502057754
K01193	1.72436019980769	-0.425735319914846	0.282578661012996	0.358463434243352	0.114822894964407	2.05172601538956	-0.152447820190155
K01194	-0.0353486219658414	0.295195658740969	-0.705873728823315	-1.06178577456459	-0.103337987627794	-1.73638602894485	0.284136861082352
K01195	0.23918253385882	0.089504261550875	0.531428751442183	-0.510749953126758	-0.612683519091417	0.292179377854464	0.25426867556218
K01197	0.0702931007132968	-0.301853994789152	1.15918320314919	2.25465647664085	0.872639969620894	1.33012139993965	-0.173879504684173
K01198	1.23220238292079	-1.68399159139636	-0.464811206888806	-4.05173512015328	0.185946152243803	0.360560150921938	-0.239353120807373
K01200	1.99445423686366	-0.801524798336057	1.01321500437294	0.90772340979591	-0.0410571092031496	1.97635898190796	-0.360198248658144
K01201	-0.472552684904532	-0.193879322099118	0.32050076024567	0.50335289325729	0.488150492940138	0.84270720380604	0.010675221201218
K01205	0.439636321900888	-0.0233884257698342	0.862919091153491	0.916924310588986	0.97560598019142	0.852027239382861	-0.23500248837825
K01206	1.71968063914637	-0.010451803865461	1.67607653038536	2.00683180775657	1.23041559818764	1.95188954669297	-0.240295917276107
K01207	0.976780982850595	0.567437191543551	0.428003183472503	1.67910329785362	-0.150045766796877	1.66804018813431	-0.039308190826141
K01208	1.53806182944636	-0.877777974071531	0.649002610612262	-0.317663567399829	0.118838631246279	2.04765418368637	-0.455369256917202
K01209	1.14973947608332	-0.490221868219404	1.41850221054589	-0.213240461683124	0.362395987544249	1.40803939300835	-0.00294131088610805
K01210	-2.12934818661352	-2.17644135183337	-0.613310695719372	-3.78204365286812	-2.10205195781212	0.502570958912966	0.71452805351857
K01212	-1.21286871826787	2.27083345228192	-1.0856962214228	-0.608800368642658	-2.14204429027062	4.27370336848557	-1.77889731574413
K01214	1.15427443587641	-1.63886634534839	-0.675656081270825	-1.45457752261147	-0.980552657809069	0.975616900355218	0.170975177999771
K01215	0.693177597759767	0.162594516811343	-3.42787182433571	0.36163037803188	-0.528584047522356	2.74160734015763	-0.58628864634391
K01218	-1.23162987625738	-1.87243036455157	3.19310128586327	0.56054919745937	0.360938862595747	2.39434781867325	0.22249069761876
K01220	-0.998767165304617	2.39127417379376	-1.60831511123146	-1.11693151507363	-0.406824126210024	4.29249337512314	-1.26089176583644
K01222	-0.163676885725454	0.511824806270571	-1.26133585078682	-1.08411284003243	-0.416351720061113	-0.549372641264799	0.0763347144091495
K01223	1.97287556731562	0.440825839576693	-0.270588816237103	-0.23520209107384	0.119662278030108	1.74643263417542	-0.129582763198578
K01224	0.891279908059641	-1.27099768346789	0.514908364880432	-0.27293266568169	0.175495386753271	1.26540304917156	-0.185353920344078
K01226	0.042906554578348	0.708250005779238	-0.781748891901623	-0.202849524354785	0.177834317717741	1.1783066560632	-0.00724890876170314
K01232	0.313129069446131	0.37800939851758	0.556361871677984	-0.0284599236010011	0.401479378972243	0.594308884919283	0.0616685743296512
K01235	0.00680521333078943	-0.140901754560499	1.59051239388024	1.60938672509208	1.11491860512276	1.24446365433991	-0.251536623123848
K01239	-1.16569772160192	0.471523185310335	0.254912598896373	-3.93428011450753	-1.77412126895409	0.740142645419238	0.500379353281296
K01241	1.10538140141825	-0.617520670356779	0.280729128885616	-0.118597524499744	-0.0626661100647944	-0.626249043166044	-0.0873873834645382
K01243	1.76979086005549	-0.348557109894781	0.559113698917974	0.516047892832905	0.215628207359503	1.57691410380661	-0.120112956050598
K01246	0.861937524913355	1.155561645565	1.64595520393883	1.65929190602317	0.769727066788862	2.0258683283931	-0.156640679124557
K01247	0.131962509988352	-0.0669357729578301	0.879484414029468	1.57294945206657	0.539286211762617	1.18246261972248	-0.111271560672485
K01250	-0.38903310692449	-0.0149241042757317	-0.972912789415967	-1.01695974383339	-0.228433444466402	-0.504919258772733	0.223238020654953
K01251	0.350561918853327	0.786224563655825	2.00208628075158	2.7181568571569	0.452895776066969	2.10883513289749	-0.0852645938431851
K01252	-0.511748937727408	0.152283270893069	-0.886732460093152	-1.62207599196419	-0.411951377358248	-1.6904973666066	0.256098895784653
K01255	-0.507766632200674	0.0469582574939445	-0.867433787417065	-1.17847974810585	-0.353423341479112	-1.66616007488907	0.325262635465897
K01256	0.926557632325693	0.17243986302373	0.355601279902805	-0.425719457006305	0.290758237872313	1.44997951585114	-0.138629943612777
K01258	1.62989303672175	0.370140393314333	0.695825218129505	1.38484005417839	0.658700958523939	1.67090991336167	-0.125787288430893
K01259	-1.76949205792089	0.611107965049715	0.603383428323615	-3.1847812703608	-1.42001603480797	0.855672480643389	0.409423797842301
K01261	-0.488767055632071	1.72782548242566	-2.22576606376136	0.687703860664517	0.330951318774412	4.1579609234935	-0.94293317246791
K01262	2.31940004432063	-0.562074582042722	0.701251386571277	0.994588060045392	0.295368895564268	1.39044821459114	-0.124458134654724
K01265	2.36992749774317	-0.205838814793704	0.992146163153995	0.894817454481274	0.40227691892166	1.32842996913254	-0.102071732763015
K01266	0.339076044200464	-1.55649940198901	0.685953824687351	1.23321638789192	-0.348405971493532	1.24478829103768	-0.120086133960449
K01267	1.07624572718005	0.160965015230151	0.0303242494348177	0.794721645975262	-0.260610505308916	1.55032757121384	-0.151698947433197
K01270	1.81989512050013	0.0110747116183952	0.741595982480396	0.867912424469144	0.333072677884291	0.935321914137003	-0.0925810043847195
K01271	0.451798366545244	0.727314551410647	-1.11699664695228	0.646463496351391	0.2388210302927	1.76754901009857	-0.221237361911499
K01273	0.454362498758837	-1.31928471750262	0.608039959240306	1.05484728302971	-0.161583601798822	1.47459471422493	-0.0273787682091824
K01274	-1.42823615467687	1.56535573774335	-1.42678225142921	0.695008037352711	-2.56365559932213	4.70101598101914	-1.10267975974437
K01277	0.720515603362127	-0.685904364051847	1.11076265471016	1.21390525784507	0.757768050465773	0.933412844420073	-0.176033854964935
K01278	1.42588129842143	-0.524179647626905	1.22540211575066	0.95051391210571	0.735920027527998	1.03046327874776	-0.161883891109192
K01281	-0.0542335191978971	1.33722360902783	-2.54974615676368	0.531350986772925	0.00904757964987581	4.03767994242966	-0.953994840863907
K01284	1.09367636048655	0.124512155590029	1.46815925734078	1.52610282387748	1.20144595268745	1.15666309195816	-0.149543613675796
K01286	0.301302762864633	0.718772967395754	-1.56346452338661	-0.202808099126666	-0.654074116911699	3.71224335032761	-1.02732309747096
K01297	-0.128027347685293	1.02861054712293	0.513259046617497	0.578258646392972	0.0618406279720766	0.335850568593142	0.0970759088957676
K01299	-0.0955401340736906	-0.321782867374449	0.446889272797454	2.0820393988134	0.321918950114439	1.74233088094055	-0.456237625811063
K01304	-1.16666593945165	1.18535228544232	0.249544917512287	-3.66306992087349	-0.679162784781267	1.07955721589982	0.405087500330246
K01305	0.211208315728708	-0.0421816510582253	-0.704971195292126	-0.473870830869525	0.626586214337538	0.314753087342379	0.0921254451239475
K01308	-0.70771088993688	-2.82329420274737	1.2111051668409	-1.57665033850655	-0.328088506426622	-0.12172803085983	0.020920902010239
K01322	-1.10216143524785	-1.46823374456408	1.59300994770562	2.24912480797783	0.323383823666762	2.05876806575119	-0.118472666028701
K01338	2.28239068591456	-0.491033534469633	0.841901778149951	0.345929441714436	0.338183805976103	1.23269267576992	-0.021871120218002
K01354	-0.409543065191702	-0.0113672418022439	-0.429677249025952	-2.30920596632943	-0.955015822615434	0.00125637847244509	0.445617526289261
K01356	2.14326605403285	-0.229994372414975	1.11531054871117	0.521857985967547	0.170274273190687	1.47088408666909	-0.136496276143753
K01358	1.9767306765304	0.159650762615176	1.76810336010491	1.38109545197502	1.12357582214851	1.76218310195267	-0.0893061463868252
K01361	-1.41523971951147	1.38312311941144	-1.55405175788368	-1.122629242277	-0.588642581667711	3.86723903018296	-0.946110278848373
K01372	1.10865798795085	0.180394251880617	0.929114400315631	0.369703834617287	0.652131215367506	1.74516841965973	-0.183382690433227
K01407	-0.339337197901205	0.00194024020192177	-1.12493395907844	-1.46271796736702	-0.534407182898332	-2.92447778385818	0.257895439382828
K01409	2.15686390006404	0.164611806211443	1.30107700722252	1.23775850024238	0.58964337471504	1.72193727093994	-0.0725859110390774
K01414	0.0250324925170382	-0.199460067736535	0.424468076694358	1.67082731213585	-0.115093170966913	0.309522004902957	0.0787385995352634
K01419	-0.865013388754324	0.698190231857271	-0.61082732779945	-0.346757011747211	-0.0826335245035189	-2.36445733708084	0.321909635778702
K01420	1.5186247547851	-1.06761632389071	0.862490295338977	0.23483277645126	0.159234122071455	1.37732714611351	-0.169424862149917
K01421	1.67186388575892	-0.730986873569517	0.425839929747928	0.0304922589303557	-1.04094706412773	1.64003059464752	0.012861877199448
K01424	2.07562563025813	0.0890630679702476	0.894818573165286	1.0253650971891	0.36219592455406	1.40979182916939	-0.135107934955322
K01425	1.1398018320785	0.0565635758018211	1.30956673519646	1.67165712800041	0.725425676140974	1.04518976445555	-0.129002005342209
K01426	-1.30071332848211	1.67630549245832	-0.538434744906079	3.12409524407402	-0.238619282212068	2.96212032634079	-0.641174555305206
K01428	-0.940336016775564	0.0603229301547721	2.42791020767723	0.754292947912366	1.15827597740669	2.56445613700211	-0.142716736081802
K01429	-1.46166124737401	0.573995311794253	0.31140652196442	0.869480980301053	1.35041691425819	2.82022455531418	-0.577793971184456
K01430	-1.59020557797094	0.76679023080823	-1.67386114699806	0.75615276184097	1.38032962444801	2.87771418887436	-0.669249356273376
K01433	0.597242384613036	-0.187183133276729	0.792988865542758	0.242022348308713	0.527113155160139	-0.16393789452255	-0.151255488876068
K01436	-0.769840745092825	0.070261200008364	-2.69561278922523	-0.249785678720325	-0.488027914728929	2.05198374587357	-0.207349673393928
K01438	0.84431265497069	-0.326158936085729	0.978940158057559	0.618053434157521	0.415091351304243	0.346662612736819	-0.0354029243027798
K01439	1.44944980943064	0.067112197217913	0.843218385148395	0.733021540308148	0.173035950098227	1.83009615737259	-0.128916234258377
K01442	2.09572956168513	-0.8222443265343	1.21261852877175	0.150297505521924	0.400654838118742	1.20201182562172	-0.110335678342544
K01443	2.07415852153163	-0.395031030240087	0.69259317116772	1.04466806139961	0.237508550915907	1.45765292841255	-0.143975705388748
K01447	0.310368271707102	-0.570114384355573	1.61490881340538	3.01691894021049	0.637105182442854	1.70253780680954	-0.238392681363784
K01448	2.16274818980555	-0.207394827573179	0.993296801019061	0.78384338107124	0.0214147769622905	0.957953455031512	-0.0082614128625027
K01449	-2.12546410954137	-2.30047229951861	2.54268491165673	-0.69926710638985	0.0903681224920256	1.73041108447373	0.498319833990372
K01455	-2.12437954342504	-2.68874601549151	-1.21612835032905	-0.859127121305316	0.862943545613478	2.41822758513748	-0.768005878213607
K01457	-3.13177338040014	-1.76574985212329	2.80447900192772	-0.116831796502918	0.181449488434981	-0.138339249312284	-1.0610831086671
K01460	-0.178758350969748	-0.104885893824129	-1.55828344924415	-1.39092441115364	-0.528117700781633	-2.27142330807388	0.230716794248856
K01462	2.23798069560389	0.00588885420319588	0.848779915738452	0.755125922823102	0.215185687575529	1.84919604855835	-0.128267944339477
K01464	-0.0324287692322294	0.922043760356875	-0.178668619227063	0.497664121651799	-0.545295759405901	0.253396423638461	-0.0753603582417599
K01465	1.84762749278407	0.15167718106267	1.16905033485924	1.62407354798332	0.346359268460463	1.77997151213944	-0.110032618526184
K01466	-0.516527799726919	-0.0787386400127694	-1.20372367007698	-1.72627802405342	-0.656009837355425	-1.11065265339554	0.456437259432114
K01467	0.0913895090804537	0.733511229095431	-0.964241744112622	0.0511807331086699	0.150562890503596	1.73847094374954	-0.164181054118835
K01468	0.478295708237692	-0.152777641030578	1.79241168396508	2.40280143704429	0.913657680783461	2.47221687632859	-0.325597942355835
K01470	-0.156959919096426	-0.585706661405592	1.60828506844078	0.950102103614957	0.841580108437727	1.17249494987786	0.0551087851488956
K01476	-1.43097939884801	0.0515656667327598	0.337907030153621	0.466586108060331	1.19321657780189	0.874978007853625	-0.261862099651062
K01478	-0.976269749762015	1.23649736219403	-0.528545023035657	3.3315544554235	0.996370867524336	3.64897874194443	-0.623386174920761
K01479	-0.69628932869573	0.763669570026369	-1.74326861007179	-1.22826214346871	-1.67661927577477	4.47160080272019	-1.35791525292751
K01480	1.1736005266891	-0.624618451061277	1.75515723125969	1.00419287171379	0.446473315987776	1.743920656026	-0.0579506163632504
K01482	-1.52316012776037	-2.95645717805865	-1.45792353255714	3.44116644349113	0.924178139004896	1.79782602387726	-0.969615370515548
K01483	-0.895907310606436	0.232085277376147	-0.426762701105725	-1.30670996222481	-0.251497253145983	-2.61499306362808	0.374094992395676
K01484	-1.04399373924871	0.189135392246218	-1.22487771613563	-1.11205680880532	-0.113309889402201	-2.40955135029495	0.35270240854863
K01485	0.0370410402999362	0.197076221046419	-0.146384180616986	-0.281004982328266	-1.49628423091393	-0.237837282835843	-0.157220066074096
K01486	1.31786170804362	0.15540169650075	1.4725957502607	0.43668078418985	0.186624974641989	1.0391936424306	-0.0195227866208187
K01487	0.225341918109461	1.12220855527875	-0.97941088778938	-0.441086249685138	-1.18583021995049	-0.358734575926664	-0.0648193364178768
K01488	0.912668885825678	-0.312869775059252	-1.53358328444923	-0.248937027788013	0.439904675517271	1.67134645778	-0.145969093326294
K01489	1.57536235654215	0.241302509841891	0.399546301830161	1.17285893645301	0.408788905177305	1.74038246470749	-0.188107058886253
K01491	1.83317432010035	-0.0640342337513253	1.51582264797722	1.07700346198097	0.52089531782646	1.79034260112107	-0.0439817314183346
K01493	1.86882767283778	0.0140094804143623	1.27622020142113	1.4482970663549	0.84348334435005	1.77716586190521	-0.0995528404748074
K01494	-0.313918081881003	0.153271247682543	0.341592608857501	0.0833810397626463	-0.206059708561708	0.796224536479113	0.305127471205033
K01495	1.57532164656977	0.603881974754305	0.652738197613109	0.756314350032956	0.778967753682326	1.52299574214279	-0.117461026195251
K01496	-0.15006187355657	1.26732154661176	2.72942960159813	2.13424055066124	-0.0290804163775938	1.71918305951416	-0.0581255857979885
K01497	-0.906499055983023	0.518660505351992	-0.828122259211194	-0.647215681409686	-0.231991752352526	-2.53441855114639	0.286735444780625
K01507	0.225000294087931	-0.285453255238561	2.07538080112969	-1.20569272551522	0.132813633117865	0.724765719950793	0.215865641351975
K01512	0.438925611017748	0.525661368904085	-0.576282144617688	-0.313336270189136	-0.0571952604911822	1.82597807246506	0.0214577908480533
K01515	1.89982292258601	-0.0809625787163064	0.949543862510074	1.00526134457603	-0.12168243464451	1.59672042924225	-0.158139676336013
K01520	1.84048482978205	0.183476706085177	1.06425750153099	0.877450985574872	0.890565053258131	1.89029357034027	-0.0938085620438687
K01521	-0.546131519438223	0.1323475139713	-0.703605056833874	-0.996935325002521	-0.53450475570183	-3.55920001667679	0.302915781255997
K01523	-0.378123013140158	1.65996499830243	2.83381807701622	0.363677805030495	-0.142063751187136	1.97761973935425	-0.196897432688438
K01524	1.09811559522013	0.933195193347903	0.539371526706565	1.19500587668434	0.254959211383055	0.879738764942286	0.0363904530966648
K01525	-0.554354218603567	-0.137211809816389	-1.23539388282264	-0.967732029294818	-0.493339940275957	-2.0467075983876	0.39240857910756
K01531	0.46283456885676	0.625840445098849	-0.935726643633496	-0.0644064119814333	0.0296171393022341	1.81833395558655	-0.195799127701484
K01533	1.5007003864036	-0.882667104663877	1.15789186852013	1.15722904887214	0.684530929360579	1.60280874568283	-0.0810807650124661
K01534	1.89821359717707	0.232801129159899	0.869199721980441	0.601809015238434	0.603216007981489	1.3548064251548	-0.0626398031746975
K01537	1.18109324776988	-0.146280805530576	2.1154756535772	1.79285661664024	0.796063736710737	2.04124108153641	-0.0826792125737301
K01546	0.864930303929849	-0.487640033426313	0.668626158404697	2.17227630105034	0.63217701080818	0.981037749082444	-0.0810732548272244
K01547	0.856093557714029	-0.377162451806097	0.937746434378971	2.36971847500816	0.734024480614851	1.4663707037574	-0.0643661921059719
K01548	0.198626907704874	0.0416005747890189	0.887570141721118	2.44704501118675	0.94813878897209	1.626080604375	-0.0829218332802883
K01551	-0.127269772650198	-1.73989407247546	1.5740709294561	0.234458712601811	0.95842839840431	-0.3296723048085	-0.53469708609935
K01560	0.407648967741533	-0.202941205302803	0.600128448474754	1.23258648600593	0.0388020525463325	1.81694862443268	-0.272069901708328
K01567	-1.61890497601171	-1.71410123533252	2.86997878448998	0.0823029705525938	1.1159596598484	2.42188754874527	-0.0260272626912228
K01571	1.81895920836787	-0.236652498083739	1.52499043839012	0.910546822214276	0.412983760867308	1.38029638129532	-0.0942022507226101
K01572	2.0066083391891	-0.698191831769972	1.68646383183037	1.1378163525106	0.915498570237349	1.64188721972763	-0.0626242761647335
K01573	-1.53105249798437	0.325389822063418	1.65156304733788	1.74515716519371	1.43752206924934	1.11691610711872	-0.173439309481346
K01575	-0.691627411009268	1.8678762512779	-2.12624132735695	-0.379006581640094	0.0820582403578264	3.8695452530986	-0.89078679728862
K01577	-1.09861722386022	0.344668169555636	-0.88887167079414	-1.23953230891213	-0.462794198956301	-2.06016084355057	0.356065839048661
K01579	1.40755138003687	0.0435931878661826	0.760649650264133	1.15804551329628	0.933230296406935	1.24831855493843	-0.0223019425904385
K01580	1.36061200702052	-0.243533800306348	0.890380917954791	1.18169854369178	0.115661189589689	0.597060890973208	-0.0187322502171627
K01581	0.0107409676299532	0.461211939392062	-0.373203934263836	-0.813635902738422	-0.18926520582657	-2.28494068783462	0.260562866445816
K01582	-0.364494709135489	0.465663571891756	-0.72955954177345	-0.96150858912453	-0.194499760236551	-3.022266117751	0.383869200464524
K01584	-0.420485524298147	-0.0638116253042504	-0.915949464869153	-1.19371648344979	-0.506296619143297	-2.67029377621353	0.342255323644913
K01585	1.32622739875178	-0.363992582025556	1.26654922859703	1.09461848225608	0.951796070370863	1.11903687018215	-0.0404917602574459
K01586	2.36853501403193	-0.244648459317712	0.949898033309329	0.771405053997189	0.295380905900191	1.40067407685578	-0.109560668948852
K01588	1.11014679276805	0.733859677848788	2.11744534866845	2.25310258355156	1.37494517925758	2.5933652241832	-0.0813509528672329
K01589	0.473244728683039	0.644761760768862	0.269073395896305	0.649027047419697	0.0448259633742673	2.09274080592453	-0.110263646129333
K01590	-2.26259079373022	-2.77595404809955	-1.28950154883827	3.23846249070182	0.332981691394041	1.45688370066941	-0.564986467841827
K01591	2.22766730391841	-0.232701440292029	1.04031479256188	0.884327692651898	0.461699560914229	1.55979290801346	-0.0295163099801174
K01595	0.198121043084665	0.455730755863161	-0.0570714483972898	0.495253259988279	-0.0387992852590578	1.60009363490402	0.0647293622458347
K01596	-0.875737814070181	-2.70237974351886	2.01655805008446	3.2161455580236	0.157755032811354	1.92241361934006	-0.132853925708496
K01597	-0.725768951536612	1.9320406513786	-1.98931825263466	0.414639835918099	0.408986613784025	4.26005867320359	-1.01673951793071
K01598	-0.831299451948599	1.14002462202069	1.27129387753044	2.67186049904838	0.258252666030119	3.09810212451279	-0.345704399529659
K01599	1.10798171365122	0.920588930187197	0.50485930349638	0.991544825697095	0.359351561103056	2.03770318824112	-0.298592985156738
K01607	1.34512803161006	-0.596851061048536	1.45579266445671	1.0301024147512	0.751718059811781	1.92768231231034	-0.0469675068890683
K01608	-0.422298578382925	-0.0597597909593865	-1.07882678611244	-1.02543826613411	-0.304243847098162	-2.5262899081105	0.233792274709977
K01609	0.994542094110056	-0.572816829147367	1.70643842117821	2.34750644650474	0.471840158734511	2.38768461543381	-0.217323244098388
K01610	2.35251471602778	-0.175492695482998	1.43542724745308	0.391947826111466	0.723307565484236	1.14640153396189	-0.0799739365613095
K01611	0.214198144315286	1.52596588903424	0.862194149661411	-0.778953032827228	-0.234320744242479	-0.0324513594502234	-0.0270469491517178
K01612	-2.77277484333654	-2.13611356443408	-1.17006039721931	-3.7715470365046	0.293314532075117	-3.34148618382156	0.87256666969899
K01613	1.24904540383677	0.192554433879824	0.940697490144123	1.36162267413154	0.450050190720747	1.08501187163651	-0.0688591604268185
K01615	-1.63788929379125	2.18267913633344	2.1586463441137	0.511033965015561	1.63528741959114	1.3715709169513	0.0563663537466892
K01619	1.90181312167506	0.0988620715713218	0.530027742404092	0.745866877699048	0.411081955466459	1.53206703263581	-0.138256878141128
K01620	1.5045142492042	-0.574387202920942	0.819187252688754	1.27426384177223	0.272026062641333	1.33389729458153	-0.0908964877163998
K01621	0.623652689321442	-0.0103198242807671	0.362652375269283	0.567207334304005	0.478025392327498	2.14891544181168	-0.24328567135688
K01624	2.2729201039062	-0.0503553552055642	1.59740066425835	1.00745622601524	0.87720407608528	1.49942404228508	-0.0267789070641629
K01625	1.70284399592738	-0.421043063464193	0.678954108524669	0.484435541296155	0.680467382703016	1.32552167970001	-0.1264891033208
K01626	1.77494988047938	-0.205561070187567	0.244534223246921	0.577882704997212	0.0795058949627382	1.42381197410881	-0.0208132569825283
K01627	0.859935434697672	0.760998209056826	1.27179133789574	1.72074155297294	0.837276951108168	1.19506821233094	-0.0754703884160153
K01628	-0.0873399654640714	0.217104365167589	-0.0497384677645079	0.101453048849255	0.57405830982704	0.674682946980593	0.0791083271468052
K01629	1.66012188994746	-0.725486378135709	0.947537301946033	0.391748195254952	0.486780420575331	0.884822668612597	-0.0801452403103939
K01630	-0.461698917509512	-0.0601328862333581	-1.05410015685524	-1.29721529993996	-0.503344520296861	-2.5906803290242	0.398770361658371
K01631	-0.970614580275015	0.191041846809359	-0.627643228602063	-0.82649369750008	0.359965161118696	-2.23711535137832	0.5435448582137
K01633	0.174556972621485	1.31148107820508	0.688000037241329	1.29541037764564	0.945333377156447	1.27034944492638	-0.164522529128753
K01635	-1.38962366974492	2.32381745153424	-1.46933531863655	0.747990114355237	0.0749293423034651	4.35089448291123	-1.08985981393214
K01637	-0.431369094015555	-0.0109842372560784	-0.911588073801648	-1.27248998198494	-0.400338962044527	-4.17447826069534	0.386607855078019
K01638	-0.181633381010489	-0.497201005878477	-1.08230078322853	-1.87168903861031	-0.574768885340502	-3.48238250416458	0.537369936224259
K01639	1.31053522431712	-0.249076514455108	0.785566299128879	1.48054508652702	0.66368313196678	1.93576112586319	-0.14762061882373
K01640	-2.51858845150609	-0.474925766649275	-0.99168145759071	-0.642343120908588	1.87078823212166	-0.816344467818143	-0.767493188861572
K01641	-0.533217457891897	1.68173428350446	-2.23880231482948	0.482933782946095	0.917886153493117	3.75355723697006	-0.892247051480972
K01643	0.681843379674955	0.865050156650515	-0.470493615698468	0.821984095239789	-0.0363367342613238	0.500862868607638	-0.107040942195617
K01644	0.32845899665217	1.12605806165692	-0.104489804339062	0.99137352194801	0.320270345244597	0.628296705067751	-0.103655040744506
K01646	-0.374253002764181	1.53998561674115	-0.445748747419964	0.926354748869092	0.407163754735182	1.00551971431136	-0.111630380634033
K01647	2.27297744357447	-0.700400481882124	1.50703799622094	0.401020129883439	0.396132335696409	1.32205051380455	-0.0126168136632077
K01649	2.15600773894648	-0.15829441970828	1.41682296888863	1.38341979470268	0.541712359223555	1.54569980698883	-0.103638560060226
K01652	2.53128072821955	-0.136883492531805	1.13485473291909	0.878358585500867	0.335739568505476	1.47165411907494	-0.0937328641450039
K01653	2.06671318614344	0.00326253944394142	1.25814461605584	0.965314788484723	0.445767507586668	1.64724603492081	-0.0948904757535092
K01654	-2.70506801998754	0.353661258754702	0.615071206260074	0.238596824669987	1.01908017757912	1.3059825618869	0.404575079199112
K01657	1.52145174348216	0.276373763618441	1.25771546261345	1.15159700598732	0.486106679473112	1.87519112426102	-0.0469970111882321
K01658	1.14508912169795	0.461907167968722	0.695213078427661	1.42177633728996	0.355311111245344	1.75707128840744	-0.136979580405914
K01659	0.0617734512076815	0.192905356225939	-0.887584091257702	0.124318761491925	-3.23452804919701	-1.60576745670974	-0.306322642151081
K01661	1.19980296695094	0.673146863517733	0.912979124951709	1.87175826516166	1.09161211613197	1.21681092876255	-0.168116659406387
K01662	2.04222902858119	-0.556883762540846	1.18010824816262	1.01788763489738	0.431928620372008	1.35365170437157	-0.0273858909642331
K01664	-0.596081880690054	0.0141388969993308	-0.160041571688305	-1.6075849107264	-0.71264366742592	0.0995640476351953	0.554656177278794
K01665	0.490568334399267	0.0363142984485343	0.756412058043826	1.78754441227928	0.80562569263954	0.807512866438029	-0.114730120185577
K01666	0.868521662591501	-1.12028114027026	1.02646255390679	-1.37169094595894	-0.625619872774889	0.642790617526171	0.115210145231522
K01667	0.471576364873453	-0.285687970879106	1.25694775478875	1.77786616768852	0.164097175631712	0.979856928915379	0.0534640545809635
K01668	-2.27511730587621	-0.507502446832685	0.457583057600606	-0.927865939473956	1.79254950645943	0.351014407456515	-0.626055688146316
K01669	-0.483296898962454	0.117584069309206	-1.32666635615791	-1.23414190325722	-0.558102115359117	-2.49885794323623	0.29668948006276
K01671	-0.517858652235464	0.0278793173408225	-1.32359433276619	-1.31972177538857	-0.570637091364672	-3.07094022434891	0.391049652811325
K01673	1.50940457188944	0.56479032808301	0.322230859566081	0.727947054171712	0.147123277816961	1.50482136207878	-0.264031738523208
K01674	-1.31708553230901	1.83354636007306	-1.89374768836464	0.493926500642449	0.440435961518477	2.54812112647354	-0.635946572307312
K01676	1.61344370448451	-0.271088345857887	0.698682307172168	1.16372541871086	0.777999058995436	0.691877247870562	-0.0178846423661343
K01677	1.65478369796137	-0.0492625338459298	1.05799692766701	0.602157687509209	0.243321806822012	1.51282769638359	-0.131874561790191
K01678	1.09690201485018	0.13549562269208	1.10683351652657	0.990383309984357	0.770609692368696	1.92905238467514	-0.143771380666458
K01679	-0.219014791609244	1.40926094823834	0.577358758914817	0.297686231994778	0.351945117745588	1.17476733225643	0.106699078794754
K01681	2.19607445800166	-0.588105003299741	1.44380760090386	0.775677425527722	0.447728172574232	1.30394965606987	-0.00404739427920497
K01682	-0.782588986517386	0.167722423610659	-0.926142216753613	-1.12884719881996	-0.107858806218912	-2.17339464825332	0.333801775690354
K01684	-0.057930139662222	0.0338046150779441	-0.300346256327283	-0.97337325129494	0.148422152433584	-0.424174992262723	0.144849091287888
K01685	1.90371403300623	-0.625515113534956	0.577149047422756	0.574056496584565	0.244513825211714	1.02387992303133	-0.0833944385087124
K01686	1.97809264266352	-0.43733591860774	1.22793501513039	0.833338869476468	0.496266499791334	1.28928798633873	-0.146119863275253
K01687	2.46553525531153	-0.196901256168811	1.36212181942498	1.08998779740348	0.708097056184004	1.89274642068207	-0.0765962903535
K01689	2.17828676307063	0.0664860504245475	1.77710711853539	1.42800079073921	0.787752465043257	1.78340348798096	-0.0762490932976834
K01690	-0.794496683241324	0.23332424932477	-1.10033166511024	-1.38087792906746	-0.417304828133394	-2.87079259556473	0.335730105158127
K01693	1.22035888039927	0.320879419383974	1.23159080641304	1.04492215600029	0.169398755464743	1.77194795209229	-0.0605320637261502
K01695	1.5221899470077	0.310679455337496	1.27357154982125	1.13538460221306	0.194733441505621	1.74473878938019	-0.130163580659591
K01696	1.73248872363429	0.171337594327898	1.83253013985192	1.2353350945951	0.801076308522413	2.12852326232254	-0.0418539052044979
K01697	-2.00988903439184	-0.294916788997678	0.500783528864451	-3.77906151328072	-1.58917711612206	0.806687610328791	0.679880588766373
K01698	0.476377705274626	0.733036597309084	2.18923473255669	1.4401445814611	0.27833324733753	1.35505077439606	0.0071949953997501
K01703	2.22781822287898	-0.0652408105755135	1.57036137478386	1.18080143418327	0.692304567132185	1.53302833634674	-0.109184921268188
K01704	2.21602770888667	-0.0922865373516366	1.58229601280724	1.01407049384132	0.538502589497755	1.48945999342263	-0.104525000337326
K01706	-1.21889593994756	0.553853650627108	-0.475115419458996	-0.51998563323006	0.224079564843367	-0.864434925734403	0.405302613493241
K01708	-0.258650986315207	0.144500841436358	-1.2914360771891	0.501823292786032	-0.0237943486533659	-1.134313074767	0.0879642660582431
K01709	0.724012347100778	-1.53735987371448	2.26484942333733	-0.88872011218056	0.382467106614302	-0.156788436591031	-0.319712356213295
K01710	2.32449755275111	-0.312594297292261	1.00770372049843	1.08392475333229	0.745987550053785	1.50286662775337	-0.0605515544449917
K01711	1.45198664271693	-0.589111517133741	1.60943043129479	1.68482427086845	0.888766125474165	1.08769697520196	-0.0719962720906369
K01712	0.677732715545698	-0.616178045930891	1.76345503227745	2.06517271485344	0.745567039284895	2.10998216468155	-0.160608351710998
K01714	2.53346750342707	-0.637210647525816	0.734938560891498	0.802258087062985	0.210529730353544	1.3942011912471	-0.143243611339294
K01715	1.64076766574244	-1.1560279530907	0.730186923313487	0.283418921494633	0.197126761708449	1.17385433811009	-0.0160088841950528
K01716	-0.512668041349844	0.069632013378115	-1.3038678179499	-1.22778089556679	-0.580446466173937	-3.14804002445877	0.351644604917801
K01719	1.15741476619105	-0.193812423335938	0.568386672902454	0.59057649012819	0.921736315522383	0.573262306035159	-0.143793792012893
K01720	0.526646206317945	-0.0499032241726205	-1.01579511268104	-0.199821906423419	-3.93626235362511	-1.9686772505635	-0.454959854963981
K01725	-0.816619423986868	0.980669220027895	-1.46336972815956	-1.7254306844233	-4.11930225726586	0.478559048951266	-0.188990280512535
K01730	-0.329525856138662	-0.199848636935084	1.33982258932625	-0.741198497152179	1.18249537113685	-0.00842949551284544	-0.40270544822868
K01733	2.03958377444605	-0.0640110028410241	1.18279504673516	0.726261866951138	0.441576883826445	1.56279161769211	-0.0951771442925564
K01734	2.3228023966537	-1.05861542648318	1.44812148706948	0.533232355231196	0.287672892842482	1.15523283380329	-0.110154152396881
K01735	1.70592186057429	0.254264821348162	1.24650150435006	1.77081469979301	0.609530166421126	1.88895598250687	-0.136602968457901
K01736	1.66650936210017	0.285933663186999	1.5320879210714	1.53411011185661	0.526200846467207	1.87434867221176	-0.145090520862304
K01737	0.820358501909777	0.766384263572665	0.615243195462573	1.34839044299141	0.48397292259712	0.955287346721289	-0.040108561996185
K01738	1.69101676547389	0.639803369579287	1.67441999809777	1.80277828660026	1.0569552338459	2.03957334357559	-0.0647872989213101
K01739	0.151312591670557	0.572086353836031	0.440661656576742	-0.232013957834094	0.418632940087507	1.89180746871292	0.0184902245962986
K01740	2.64222774112086	-0.390934134783773	1.53468775646721	1.18659184660926	0.766462401185225	1.75270322161972	-0.0797006492650143
K01744	0.850393014191194	0.777108569679232	0.765592574048389	1.04531226840034	0.545361951623152	1.13044523644507	-0.0344634954964749
K01745	1.29581019484858	-0.645476768674879	1.50580000774895	1.51404742684379	0.629484609399031	1.74917021590531	-0.208609283450805
K01749	0.968225183127924	0.294428189334841	0.661060615349162	0.762934399509579	-0.369980021681597	1.04066588646978	0.072897642370499
K01750	-1.60104790127416	1.76977010541913	-1.23207712275947	-0.789672093725055	1.76778020027656	1.7202664335376	-1.18832686591502
K01751	0.178199770091577	1.15201016241071	-0.468670667242657	0.815720988178403	0.272971660528372	0.847596095979807	-0.121584654334747
K01752	1.83985862338404	0.704303761062594	0.880036591458667	1.46310905900016	0.595124737057875	1.9932042081958	-0.0918137137925259
K01753	0.0425760468230685	-0.593875358762769	0.0501574267629274	-1.78213425192818	-1.36659870978813	-1.6498160044545	0.366688876863755
K01754	2.01396307551722	0.016815309462519	1.28687357800042	0.85437206711784	0.501390055451582	1.57457068759262	-0.0847926144635311
K01755	2.26992270552973	-0.0988268730664536	1.5604059685949	1.03936396327034	0.666723266873549	1.35130292373955	-0.0915902261769406
K01756	2.41911158168177	-0.0239447308206841	1.39270794289147	1.13241992678657	0.681001559529493	1.60732373791992	-0.132520437720977
K01758	-3.02981820500036	-0.518351803483991	1.74450588123833	-1.66580982718453	-0.243736460175325	1.13770532804787	0.191079526659287
K01759	1.21292337977748	0.421518106994601	0.760135470795978	1.10165069785133	0.654052511487196	1.48393449384033	-0.19033949125167
K01760	0.000900717614694457	1.22770901494977	-0.513736010622632	-0.712993102407306	-0.407787873711397	0.170038135827181	0.261195152517594
K01761	-0.373768655420736	-1.8073198003197	2.76351368324791	-2.23634763274178	-0.975403293337633	0.120985837758181	0.088739186044968
K01766	-0.456985262991385	0.0624033706760123	-1.28157091243232	-0.920130806302875	-0.484045728411486	-1.84126159352005	0.342904239412583
K01770	0.986716600297495	-0.287406171622305	1.83788037197625	1.58004180874839	0.855960146222304	1.67709276276886	-0.0293715601002804
K01772	-0.118232933641867	1.20780618959424	-1.46413290603126	0.399703500533253	-0.141207098331262	0.606503697217105	0.0604136283362278
K01775	2.04921385848384	0.138836403427096	0.953172980714191	1.31647591080681	0.380794659886549	1.51765355664551	-0.0907391612565152
K01776	1.80092641913752	0.315449197826357	0.861321388650287	0.890276564026028	0.277291432652662	1.64755687314331	-0.156504095081054
K01778	1.29821858012538	0.563800771770449	1.04948532478844	1.56105820622459	0.645638958249281	1.63342246609986	-0.102505565170013
K01779	-0.243096140982107	0.470298965511294	-1.09707200629676	-1.89100451979622	-0.625700219836046	-0.396775452315214	0.29199513744954
K01782	-0.959132699133352	0.298304935035677	-0.788492203783642	-0.834800677633136	-0.315958752598574	-2.60913631123245	0.309860914465226
K01783	2.00649151408534	0.0909117656326011	0.956193446088184	1.23395781006828	0.289943889413069	1.7893594225055	-0.166527569774353
K01784	2.428094240068	-0.0434494567537591	1.50219762222802	1.18674616303459	0.642877355847548	1.44547030526459	-0.12297451544162
K01785	2.40208599173884	-0.177185173096685	1.31054896013771	0.774630261325986	0.307592407498549	1.19792366224587	-0.11966577220317
K01787	0.537714237509771	-0.522357563438444	1.04898619549309	1.96732811417595	0.71793665054817	1.18674026626408	-0.169395089629852
K01788	1.1684164723144	0.132349361715288	0.286616503167499	1.1227646895887	0.601799742016981	2.1359722931987	-0.197826043251716
K01790	2.13765952193598	-0.48955817049983	1.42148810522591	0.798020792865903	0.835286692414473	1.61336896020233	-0.100853324416839
K01791	1.57383933865885	0.395384390888186	1.0696439136747	1.18026761498466	0.894441262517164	1.50032079416573	-0.0549066071545712
K01792	-0.138260511518911	0.105839182672472	0.473683820012558	1.709521813059	-0.265962525572588	1.09229789125979	0.0934517080748447
K01802	0.318302394984766	-0.325369681181936	1.15141826765572	-0.0994835666178163	0.345022217068861	1.07393398332655	0.036322056766785
K01803	2.26144525611262	-0.149199473621874	1.40581780569588	0.973909390831143	0.54015709522743	1.49028238850891	-0.0806827549969784
K01804	1.58394625985484	-0.527030329170255	1.22976934807335	-0.0591637066362795	0.546619192395399	1.01760551157653	0.00276485037449681
K01805	1.17077085578303	-0.657312492790251	1.00112655656372	-0.160547273492664	-0.0964782380722063	0.324240120232699	0.0513921375239261
K01807	0.433870257972284	0.607726951179476	-0.117227257322918	-0.101733820772022	-0.0940455042980211	1.56302479106247	-0.0788219277894131
K01808	1.774485321878	-0.567531297864942	1.11773955719506	1.14214138474479	0.459220216307829	1.48761698800385	-0.0353227560555569
K01809	1.45818731391291	0.141516675291033	0.85330247776543	1.56521288838401	0.372093871865462	1.71517506438553	-0.135961622480117
K01810	2.34961709582667	-0.103942188384561	1.33221411602532	0.931168509388119	0.608816162381361	1.56621834832489	-0.0866108541524044
K01811	1.28837022387843	-0.215192890909119	1.41844308273827	0.739558649921567	0.683618382249067	0.976241910935042	-0.112758100513183
K01812	1.84614166819911	-0.40835183388236	0.656331255007137	0.362182525658757	0.610474900040816	1.17657159465611	-0.126404524329864
K01813	1.39407953822474	-0.589487562837629	0.807168363499988	-0.153005736207813	0.323471651110838	0.413775237382052	-0.0265296702420346
K01814	1.57998070323329	-0.0095480037355706	0.959563015866626	1.1675787397863	0.311290071044157	1.56610742408097	-0.0731137995755307
K01815	1.77629956805567	-0.387720997395544	0.918964742589343	0.767909569406659	0.675189212594221	1.11184294718563	-0.0877525513207547
K01816	-0.178592828871206	0.148398359355898	-0.52194428546394	-1.3582362702845	-0.265908791985323	-2.11143657368362	0.0362944300139316
K01817	0.615054878568753	-0.2347129238272	1.64833676712548	2.17426340069786	0.647771612439345	2.70860901671707	-0.212567627910339
K01818	0.783600332377954	-0.16949779814723	1.38918268578087	1.73884098019615	0.816878930363844	1.30752805072129	-0.0817994480168454
K01819	-0.959878472448782	2.37541838460919	-1.75937354667152	0.496531143525392	0.0433088156171543	4.63373020488083	-1.08801206994411
K01821	-0.224078444601492	1.74530466371533	-1.02542460067238	-0.1187737158297	0.40949292543907	1.96386072236359	-0.341072343770229
K01823	0.293897601007028	0.822722991046877	-1.49811208350624	-0.424806373452991	0.288627282414625	2.31588807898819	-0.381718434873783
K01825	-0.299112228514151	-0.0870199603462502	-1.14824724299873	-1.12937708411202	-0.520210846628954	-2.54576846760452	0.385742872473038
K01834	1.90686163508753	-0.0599182648086831	0.671446754503597	1.03262971129432	0.20365916255493	1.38907760578453	-0.226789564374649
K01835	2.11598894202571	-0.133976164224176	1.12157583134209	0.668371585869939	0.440102533135603	1.69915494519531	0.038466125246323
K01838	-0.290217725397543	0.935590584812136	-0.187752009462964	0.407059466207177	0.719436959061812	0.503066631138918	-0.126882941011154
K01839	1.59377715194087	0.231122125921221	-0.169720471930157	0.303986428046376	0.178283066187094	1.68239799338639	-0.126399755958282
K01840	1.06393435799937	-0.258919010820417	0.730352519917835	0.737195772791058	0.7994650161602	0.627701254666445	-0.0597559218442074
K01841	-0.0572783628716032	-1.82216004556659	0.968352883029331	0.308548001313359	0.455775514874647	-0.599697796522977	-0.39237258631345
K01843	0.560713315545126	-0.971874098243742	1.49158203499352	1.78952221360222	0.549184516701887	1.3505431433326	-0.0918799345528714
K01844	-1.13050821221013	-4.33196262544635	1.90204453365837	1.42116157498375	0.07221777055044	1.54505434829056	0.137272089239395
K01845	0.564507676451012	0.763621826705904	1.92757475273644	1.54063288655296	0.215207130346487	1.33240038353264	-0.00768527436610378
K01846	-1.79469838535924	-4.32662109560016	-0.244513333868634	-3.6128909162043	-0.199137389030268	-3.46260711353958	0.590435236212052
K01847	1.88424274527888	0.430071015892	1.21324491398369	1.58521012749687	0.343344823155592	1.15690478879273	-0.106293619159423
K01848	-1.39844015038152	2.59457774930951	2.12334561245476	0.411541631186158	0.94904621008415	-0.557266799628141	-0.149370909217559
K01849	-1.6719497720017	2.92357416921613	-2.02817475898231	0.912720633411557	0.917208985123823	1.06371797818005	-0.222241908792221
K01854	1.82557591998438	-0.597463856401472	1.06848263638054	0.309017432594449	0.763982311520765	1.67324736911118	-0.0971038048302761
K01858	1.11248544061045	-0.585655729236631	0.372917531895984	0.342266974711568	1.0290478623249	0.0947833378916956	-0.146841645721161
K01866	2.33930632674555	-0.166722874107389	1.54637408154045	1.04264764275566	0.765984371934126	1.59852192002594	-0.0628023748433224
K01867	2.41682359778742	-0.211812200266021	1.13640171186959	0.821130288505704	0.459717140231321	1.36722517210305	-0.0801236932313076
K01868	2.32589003646235	-0.136447097125082	1.25565063850914	1.03312901940361	0.608602777753065	1.57533326941788	-0.0729715232884518
K01869	2.29818150603633	-0.149948934974699	1.25923442738091	1.12188194479957	0.65967603090782	1.61051115590393	-0.0854348247086636
K01870	2.15773329341273	-0.0440577221536919	1.27890920536553	0.947898788118512	0.496621981892775	1.38271990615189	-0.067297190908157
K01872	2.38536557757716	-0.179271838578014	1.04497867720162	1.17339186158195	0.44959501985092	1.63838318187058	-0.117630899432861
K01873	2.29627356135707	-0.199672538737385	1.21035337345635	0.943575663232953	0.518162683282087	1.54459843236267	-0.0449469988381497
K01874	2.64569124781947	-0.398486296596555	1.50609159367119	0.815210981035382	0.601714149747084	1.50740635591805	-0.0803160672223202
K01875	2.45986375415186	-0.215691783415703	1.50473892586266	1.04266975607887	0.773268417153547	1.61161610680878	-0.0676787798440091
K01876	2.45639702880244	-0.257101624223022	1.66643607513939	0.98727892127052	0.577814832959364	1.4175714572078	-0.0634574000870816
K01878	0.55574368888001	1.39453669363019	0.400647102761615	1.2152004071714	0.470914021763991	1.96639123755753	-0.251405433300697
K01879	0.483782010315462	1.37944050603864	-0.720004559588086	0.784495098257214	0.0643840177692873	1.84594443637192	-0.253585845712387
K01880	2.17458924853663	-0.967982868614225	1.71104776756798	1.03674100127235	0.826074734959791	1.50548502999604	-0.0317894821202389
K01881	2.1207782944427	-0.0242774886513039	1.46265286104714	1.10669736351982	0.619652406010817	1.6634061654216	-0.0689259772336117
K01883	2.2013789137588	-0.0499012572193429	1.53301250832115	1.29356656756416	0.656734660897444	1.64539453584015	-0.102524161819183
K01885	2.27845213019709	-0.366761962833433	1.41496920483147	1.02428720679298	0.569456771645735	1.45077541667282	-0.0400902335679165
K01886	2.29400906169276	-0.301294597747354	1.35362011091744	1.12825809206978	0.611196116242598	1.2794271429187	-0.0985538070237271
K01887	2.1091427525268	0.0601530867194846	1.3713897456411	1.00498990502372	0.552540258202742	1.63947734433472	-0.104510248187744
K01889	1.9571504315124	0.095524986324282	1.54747939007317	1.16140173163429	0.686115578446577	1.78098377782166	-0.0606505279576413
K01890	2.13009247386317	-0.0564619702720925	0.990014015603412	1.13643042531028	0.373020128045271	1.4931974132663	-0.128559768680298
K01892	2.20276650988917	-0.0772458267832085	1.30864643948113	1.16356603589073	0.644991949830244	1.63788035708725	-0.125716805938446
K01893	2.31349906527857	-0.651089827480344	0.841126858163227	1.14815960612312	0.559672430787275	1.47258144813835	-0.103205591920578
K01894	0.0856012424216708	-0.189990877124099	0.50556954406162	1.71228091206566	-0.198441683616449	0.34575608569443	0.0327133531535038
K01895	1.39079472625117	-0.506034056606321	0.925305782723773	0.845911783838421	0.479168102774809	0.530837835848925	-0.0582676534688107
K01897	2.41571995818476	-0.696997116270094	0.9530525197271	0.836077911520154	0.258246184025	1.21506346958935	-0.0102984015977017
K01902	-0.259231952787832	0.0850599306201652	0.836552946734775	1.61985043969169	-0.0163647935948866	1.1512840335375	0.11083343577031
K01903	-0.0947841683640043	0.0956641035651878	0.715748696494449	1.48742954220787	0.00311896826703375	0.943038785935042	0.115686743971146
K01905	-3.10934772884984	-0.243965226175813	-1.8118640194651	-1.41592402968392	-0.433649613823702	0.633672060549853	0.619601457830704
K01908	0.174918862222238	0.214852293071719	-0.869439602923047	0.168505592012555	-3.75557826396446	-1.71999546688736	-0.377745677266084
K01910	0.454825164912744	-0.0937114906931207	-0.760631919932019	0.918922824525983	-0.0819735744259852	0.634055944264529	-0.158320338014328
K01911	0.542962344525858	0.969825585422488	0.97136893765961	1.80924741711631	0.637536481652449	0.850233959138987	-0.112592965844833
K01912	1.60284099185328	-0.324460173907308	1.60034942524468	1.72733883347526	0.815481022629927	1.31169492203057	-0.231156334761345
K01914	1.97997734153132	-0.346151749553709	0.46138938041364	0.431188678109795	0.750646666321943	1.58289727765381	-0.100430369857513
K01915	2.87042078578333	-0.275338645043401	1.31898242132698	1.36742304053322	0.70065982702751	1.60177645283997	-0.127543837312423
K01916	0.420966627238794	1.32004984193799	-1.22085249526466	-0.180486517286151	-0.103686689700891	1.902762742818	-0.263547912720405
K01918	1.55399444901805	-0.276756267013578	1.02492374079262	1.1840308138372	0.431388512883375	1.24841867584049	-0.0688478057419888
K01919	0.355207519768282	0.706881304321261	-0.300436438154828	0.426016056651026	-0.236531093087007	1.94385710555374	-0.112206429723465
K01920	-0.532757190824942	0.088511248168917	-1.31520569426979	-1.22274406466469	-0.555848046507646	-3.95829984348953	0.320725470300949
K01921	1.98124572837214	0.210438479719134	0.975538342166294	1.47345857110038	0.526210591826628	1.63924566108048	-0.0974692111050717
K01923	2.26199481093745	-0.0613758665943429	1.40798437492882	0.9224900433065	0.737272576127241	1.64105668860733	-0.075185180190765
K01924	1.91992911898951	0.226591070232363	0.940203188825	0.907934916877896	0.629082039628218	1.71723231869995	-0.111416370156967
K01925	2.11298653685908	-0.0776043636226937	0.957837282586444	1.15169994320884	0.40023280743141	1.48411756950676	-0.143211126807891
K01926	1.58254602753977	-0.257231148841409	1.44264095919167	1.04003242936149	0.474103347096632	1.97274020510971	-0.214959457997047
K01928	1.84581217372279	0.299677630004854	1.3315531601194	1.38472781863228	0.747567192349623	1.71763119298279	-0.105969846729004
K01929	1.66542908751826	0.279937286910982	0.994280992913593	1.40592168059364	0.423362687859724	1.8343759496814	-0.105191171649658
K01933	2.1543214043365	-0.0505873513841912	1.27724116938149	1.16414515461937	0.797588244710158	1.73666796284973	-0.0718430583512417
K01934	1.56853476369242	0.336996276912661	0.850694655347217	1.15154562678352	0.0969715050198538	1.57792768079102	-0.191367432955467
K01935	0.719678716896578	0.894170363483401	0.821191607880939	1.24714599337593	0.457702473435591	0.391870053589938	-0.0135134761368862
K01937	2.2084487398849	-0.0371495140219018	1.22737908260857	0.98543600525871	0.594144598279188	1.58562717038452	-0.0775404279267422
K01938	2.01736256682734	-0.148998810859947	1.21470242636238	1.07541505780235	0.518960729870985	1.91094353991806	-0.0751165156399838
K01939	2.4371057471023	-0.114510725202589	1.2578865875486	0.860407335424573	0.394392386708449	1.56793216067612	-0.0974241499936215
K01940	2.47732016646723	-0.219020328434734	1.50224506752526	0.778400255108029	0.652934805188368	1.29456740814507	-0.0495862071549527
K01941	-1.51169004833837	-1.39773682779315	2.76721036331688	0.152131123209149	0.869507268700789	0.301382335007784	-3.12236872363444
K01945	2.28418049418788	-0.131431649389295	1.24301648037468	0.997929675245434	0.571354583535383	1.6506835539943	-0.0875965361630551
K01950	1.90452632510523	-1.25041810697558	1.25100266830956	1.3684156962873	0.344618723426054	1.64014521437943	-0.102293789867126
K01951	2.40776881778102	-0.0488479984426781	1.35957044260537	1.40716700043693	0.737956956658552	1.79344728785813	-0.058818221572601
K01952	2.25126180255274	0.0643193917846397	1.48760539190804	1.49776319947258	0.657632128033827	1.70828691321671	-0.111819714788162
K01953	1.93260666930537	-0.513714532318144	1.37038493053948	0.789010865354687	0.4996723091938	1.34822252589524	-0.0484873955285183
K01955	2.63547334277491	-0.17058095237854	1.35810953276192	1.20792661395088	0.890519336495588	1.56414488154709	-0.107757509235107
K01956	2.2952053269134	-0.0126479519033715	1.20889824526345	1.01760695662513	0.746398762498091	1.50775769549668	-0.151199460509979
K01958	-1.78370943462987	3.37121363454816	1.14344823257958	1.72173599686638	1.21824373367805	1.4449132104522	-0.297366202357971
K01960	0.882279785512491	-0.121820884707002	1.56890773670708	1.58478979554191	1.36897076729317	1.24731502133667	-0.129007846597397
K01961	1.66762718760829	-0.176128747823267	1.74433457748925	1.3006604143621	0.562109128270338	1.55423191386521	-0.20302993107196
K01962	0.998349430202051	-0.0338417095566079	1.86871695416008	0.975112003946454	0.31842373374481	1.92321905690491	-0.139345467570984
K01963	1.31560996377329	0.0742221670722678	1.46924382345711	1.14000133957878	0.450965569052885	1.91926869946778	-0.198230907801353
K01966	1.02153828942637	-0.566090862216978	1.72748660938774	2.41320399727836	0.808018282685469	1.6399743874675	-0.229835674647056
K01972	1.78828081691126	0.260687400636645	0.903047739434589	1.14704148259178	0.365043029818724	1.47633689838707	-0.0819849376713864
K01974	-0.854065922857718	0.27976488047597	-0.886455536913525	-0.843501763677448	-0.0612479293010729	-2.12454029720962	0.443783252950943
K01975	-0.407606867910818	0.154566069183321	-0.991455436777722	-0.38753934416756	-0.167740940418054	-1.85765787762344	0.306862562414444
K01989	1.7995736321197	0.614477713642092	1.18001222507988	0.639496756458432	0.346875057254027	2.02419159013092	-0.253069282058441
K01990	3.86923989856104	-0.336812402071981	0.825071572232593	0.839193982744366	0.182614327106665	1.81116697388947	-0.229648009422981
K01991	1.13648161494593	0.525675554809542	1.17346972124611	1.72198585953727	0.990732744965742	1.30577090579331	-0.155652910951339
K01992	3.21355781161646	0.1340804594135	1.12448739903008	1.06473611083046	0.512359306845854	1.99113896685898	-0.187356025460922
K01993	0.869156332849069	0.633433123168917	1.34644269840752	1.39911262478843	0.968338981900404	1.6700561364299	0.0937621290648349
K01995	1.41639968955378	0.256610174713106	1.14075410263573	0.627439347767979	0.547517076764296	1.72678616839707	0.0152835245097049
K01996	1.35349032485346	0.22431113296506	1.18362462418114	0.806836230421216	0.586420849595259	1.71726557809174	-0.006589502576553
K01997	0.917967261909052	0.574069757995577	1.37253272430931	0.991943461561352	0.789247885976027	2.14462939101517	-0.0311190490758053
K01998	0.431067558167978	0.817683299121828	1.63363301651512	0.867166412735135	0.791989282403181	2.32350698310196	-0.0458291177785031
K01999	1.34751954877238	0.409252484378786	0.49191981451546	-0.0555024317263063	0.170900047455023	1.22502862113774	-0.0028389697110287
K02000	0.68095948749642	0.0385498004531577	0.238746463227619	0.121921373272092	0.420093551907728	-0.12720534008682	-0.0771501367127529
K02001	0.106577309011026	0.134193857250185	0.898160486388553	0.490126772524566	0.762336865697096	0.597203852713702	-0.0253391568696133
K02002	0.298889162181421	-0.00600179559233635	0.112343161273349	-0.0123688748835024	0.46436677936096	-0.200719801604154	-0.0178676550423733
K02003	3.91222295367579	-0.54659883207324	1.40995693104302	0.905763013029248	0.736139611039351	1.72790560323059	-0.0951101188695065
K02004	3.69580564105372	-0.396831835570364	1.18124472992455	0.504794619718343	0.618010655675123	1.66687712270081	-0.172385946396553
K02005	2.15699026191096	-0.580045591058759	1.12017840044533	1.34161536183372	0.568901017937849	1.49033445316612	-0.223829493406974
K02006	-0.613961247564749	-0.255313570561437	1.52597820656334	2.90345482316032	1.04005040291328	2.16765716868698	-0.239138067249023
K02007	-0.763336567045645	-0.455657000603704	1.19958567516838	2.76387814965263	1.19603969219704	2.49975398379624	-0.17506359565612
K02008	-0.389575270773367	-1.50802222913745	0.762787430453647	2.6643147894384	0.390992299351881	1.49535587626755	-0.167930663112365
K02010	-0.508532790304617	-0.898595790329008	1.84500288860833	1.88871042218223	1.15169228676338	1.88287738162339	-0.0885422532593838
K02011	-0.760801343084768	-0.65743280476573	1.8272048224691	1.32256053175941	1.22432567242164	1.6677944381839	-0.0441032354867092
K02012	-0.22093578970571	1.55759390169141	0.895805149245609	1.45133863177314	0.961107150349806	1.5945687611705	-0.321112767342292
K02013	2.29613635146479	0.904256184635134	0.800718336272586	0.952905161047131	0.363940463099669	1.33704769808113	-0.0288802688157193
K02014	2.15715035998683	0.577934344348879	1.0111631740812	1.40427540030494	0.679490879807661	0.938721003115771	-0.101940185311996
K02015	1.65622040831904	1.33740123086926	1.31308239595925	1.5479658075811	0.932091311249922	1.7636053879863	-0.00361612487193264
K02016	2.32693395221095	1.00800426774976	0.660263045597423	0.470174358898551	0.36435674193878	0.999688040570018	-0.0198641722237698
K02017	1.41658917271952	0.100051839885683	-0.100028515886914	0.835522664451748	0.135265537235926	1.37940952378571	-0.197001874927246
K02018	1.31382098996501	0.0115389870977119	0.171807854342807	0.921314431095273	0.538177565369795	1.77059981423676	-0.130610377076828
K02019	-0.4953642169251	-0.00445022708418816	-0.833147884440075	0.990778190755993	0.128500700626562	-1.14952656429947	0.099885791059769
K02020	1.28071710669856	0.438757856426211	-0.189835549425732	0.336126429701001	0.242957980070303	1.2110000719434	-0.182841748479568
K02022	-0.833644417883352	-2.60749844736102	1.59313154118096	2.93703560318962	0.55428142908592	1.5070347507602	-0.113110721591674
K02024	-0.32849284804006	0.0114828693246558	-1.27299475772346	-1.63107009444222	-0.482247515883257	-4.02972194355667	0.270382612463272
K02025	2.10374781691889	-0.597489844026594	1.14443832533394	-0.674185352659076	-0.0744669058583277	1.56688711243927	-0.0177620356118313
K02026	2.17489227855067	-0.476858804883985	0.782523690629352	-0.23645086798653	-0.0207009011171358	1.67881170111954	-0.0384938125645748
K02027	2.24196407401423	-0.553323577108412	0.826197772193302	-0.453039841985553	-0.484827443327715	1.68098136979401	-0.0516821150815121
K02028	1.946360321878	0.61412920528409	2.07636380093132	1.48551134552971	0.875953630242537	2.31185844737351	-0.085953504327499
K02029	1.66154548728327	0.679150541362734	1.88129269974266	0.633358312511593	0.510286495719145	2.08041492301285	-0.0718164448773495
K02030	2.17142877185206	0.85599692636487	1.31832653181588	0.686353979373128	0.375410751137922	1.8740744908458	-0.156834006789886
K02031	0.65406682172279	0.675429781017275	1.52423715488945	1.44405869927421	0.476680830750654	1.45661995011627	0.0753996367419132
K02032	0.388619231222673	1.10749347978589	1.56121671097313	2.08621339287773	0.308951453004072	1.60083982545197	-0.0539936130082241
K02033	0.702403696416422	1.30673225694654	1.34156215088402	1.23282037463203	1.18169929150123	1.67096868354141	-0.140738219503128
K02034	0.228971960185572	1.02062459760663	1.79502570526635	1.40917561736122	1.24283506039162	1.89988836842835	-0.0164385442769162
K02035	1.4353180845962	1.06901605897901	0.502603494468678	0.242345748210103	0.0951222932674391	1.17988150018513	-0.00450936007853664
K02036	2.21672651374201	-0.368530551853208	1.47680282490288	1.48276833977714	0.587716475758742	1.93612620431244	-0.091398388627731
K02037	1.83754107558589	-0.406859825315504	1.3809556950811	1.47048906769767	0.39691494468231	1.79530790644943	-0.142500252011978
K02038	1.50719467007975	-0.181992125647692	1.2530129541639	1.52156595673576	0.705174104008864	1.92227515775025	-0.0818718974625698
K02039	1.63953182303767	-0.202257640610068	1.03963786261116	1.54060666050926	0.345638022456358	1.79075381356537	-0.125827998403274
K02040	2.15991363131861	-0.445403764905958	0.715735494065631	0.958159370088727	0.248552978668402	1.43040901619255	-0.0988900964295498
K02041	-0.593783048750357	0.15153576904294	0.440983991045106	0.470977552907318	0.234479189548681	0.164022119820712	0.371629982706345
K02042	-0.747521547438101	0.25767215066907	0.891653387713779	0.821208638811261	0.467730001244734	0.387236567319033	0.329489916082657
K02043	-1.22784283554693	0.485097904739352	-0.536097408365857	-0.585115866994708	0.107294113073538	-1.67137524288833	0.499171703573502
K02044	-0.694119481207327	0.402005215225191	0.766010611224521	0.248706875109822	0.215152487788389	-0.227274505316617	0.318885415312088
K02045	1.02728373014788	-1.01156202978137	1.33566117184197	-0.954506354665607	-0.0182139420173662	0.869821475923655	0.0323714013064273
K02046	0.272973122237726	-0.757002334060697	1.67103779213463	-0.763310985898822	-0.0533112281225222	0.834135057509539	0.0824877912962803
K02047	0.802947806356951	-1.05179933732989	1.1239572157148	-0.928901391362995	-0.404735668864061	0.679522456706164	0.0796115691626438
K02048	0.945879371999307	-0.439485947551756	1.34098476069008	-1.11666853938088	-0.326525344815065	0.396989973366854	0.160630434271134
K02049	0.218636484979196	0.928979476032229	1.14858978884255	2.22452263321891	0.0735715559460623	1.34417545992195	-0.011446029428207
K02050	0.835836650966211	0.376059909400912	1.35051840441262	2.31687263932243	0.157481998834799	1.75042119818985	-0.173076510909759
K02051	0.788772018788858	0.469267507133456	0.783173142838825	1.78956012215629	0.426899031434248	1.5979547818309	-0.126922190669738
K02052	-0.770842818380789	0.467287440834017	-0.0026294003244749	-1.19347663435921	-0.453677817549517	0.437209697545168	0.357770710703171
K02053	-1.31768050587316	0.68357147747037	0.38005959140097	-1.33953316721901	-0.288005902733614	0.747976215661166	0.321482151266373
K02054	-0.606488613249258	0.453503330287905	0.148193179536212	-1.53080459151253	-0.36413292523842	0.230470689118502	0.26381537270192
K02055	-0.584060696722464	0.34881486469266	-0.126438797545086	-1.21459873232827	-0.62547098037224	0.266361149132845	0.343352943178452
K02056	1.00030029022555	0.176318635282488	1.7746211280111	0.514523116612584	0.632285908494185	1.56919697123825	0.0645915265047916
K02057	1.38476029240946	0.237684239683123	1.69770610230004	0.72497565832153	0.882796541485975	2.01491156417191	-0.0655401353871456
K02058	0.551299804984136	0.0623883205032066	0.747294514346469	-0.928204255437702	-0.0792482563517588	-0.0482946316593909	0.182952254530228
K02062	-0.882878450514273	0.364858766136141	-1.12353992564644	-0.507998125886768	-0.0671266683600443	-1.55354282063186	0.379687457796372
K02063	-0.673426417471365	0.0289128916835502	-1.64918458564247	-0.874578075742572	-0.322308137383272	-1.99760409992874	0.334357052561081
K02064	-0.604871777655081	0.171083291110964	-0.940652371477734	-1.38715966258034	-0.268927737440874	-2.01824137371719	0.286101847406662
K02065	1.12921330535273	0.445478637752505	1.10062736170327	1.51678590264335	0.913682297501753	0.835096361220477	-0.0874598627125851
K02066	0.964860560534998	0.638670881328554	1.12016427414452	1.73808257069603	1.18652679089088	0.957612590969203	-0.101294875625335
K02067	0.619221972464128	0.804790695247622	1.05236208336388	1.55394808735862	0.51822973850746	0.673282774270175	-0.0605224673783413
K02068	-0.158799080015616	0.296123166618319	0.295271932053913	-0.442269103860706	-0.0387187519333857	0.63836136657059	0.221753030535019
K02069	0.383826228021189	-0.0450750244283959	0.530599993560065	-0.313031094407886	0.156127595040987	0.384972663701174	0.0828641946280368
K02071	0.712299259542032	1.55483337217328	0.622918835747589	0.775794399643094	0.349160925183485	1.91641858416855	-0.0956022446190945
K02072	0.17082852327685	1.65313561731336	0.863719104695667	0.999535424375683	0.685156658921431	2.08087364035904	-0.106843680623733
K02073	1.25482908093791	1.35261233621594	0.47784783402418	0.220450503492505	0.42285175684471	1.57006702023804	-0.144188374761306
K02074	-1.87096276676793	0.342243869838686	0.0428694774392733	-3.68487616095528	-2.34351633426171	0.582151563943026	0.619633882757462
K02075	-2.74172368443151	0.756842155990572	0.931405543256153	-1.05024178538308	-1.47302780982475	1.32472366291344	0.627551406141556
K02077	-0.265974310995535	-0.400936807456045	0.709451406169284	1.36985294308677	-1.32950316306572	1.28912389475167	0.191961436983384
K02078	1.66761467063288	0.728590865669222	2.16295385258232	1.67197684731498	1.71279765728493	2.40435531932175	-0.225774601582252
K02079	-0.980738309980826	0.15743832760808	-0.787119866442334	-1.2598932555674	-0.277210637297441	-2.77776476544082	0.58679470371846
K02080	-0.971482662321524	0.52261503511426	-0.392002702784192	-0.566112475728839	0.210018739733885	-1.87141319912613	0.239282637354172
K02081	0.0275693258033236	-0.247835057737856	1.17987936632668	1.27195118155494	0.0347705289498371	0.761296840489504	0.124571829553879
K02082	0.541437765745922	0.0962330000972465	-0.63724243743385	0.566369851792008	0.087620072696398	1.95059988099396	-0.203478917959892
K02083	-0.428988603712515	0.121045132217379	-1.05789089305366	-1.38082869563088	-0.254114671912004	-0.96390721005142	0.301713853594101
K02086	-0.662707952619986	1.74924929910657	-2.16582691771949	0.572861393654496	0.0378659434393448	3.84620908099472	-0.862701744321548
K02099	-0.585384277464346	-0.0223719281578347	0.281023456621517	-1.35725911173806	-0.226392164196779	-1.24975535076797	0.32800438952092
K02100	-0.562304643751578	0.0851960080241874	-0.978289247583996	-1.22168381724343	-0.460985794033815	-3.8285576979512	0.272750287767685
K02103	-0.340600697161154	0.119169165430041	0.935841529536594	-0.473204570150226	-0.322389646735002	0.74021843272507	0.12216326546315
K02106	-0.751475123526053	0.104225178298922	-1.07404291732277	-1.39421542201027	-0.351568385329058	-2.53067347210586	0.296690672155655
K02107	-1.52096167004247	0.593155403671236	-1.93020928008522	0.265816313886792	1.20483590725441	3.91750148135483	-0.423908489538171
K02108	2.23428735339503	-0.247813603791027	0.799852519202579	0.586730984711796	0.230656996998976	1.48951378661453	-0.125674039605819
K02109	1.1222961267219	0.704707820949526	1.68609750168358	1.57368258919731	0.877815321717451	2.37656930285752	-0.141198874000274
K02110	-0.326696185232596	1.59303863817212	2.76880681412255	2.55372719254509	2.43328954342384	3.48474768000901	-0.101133019212448
K02111	2.63501963221888	-0.304416525127916	1.21028041737114	0.848088038826138	0.565854684148024	1.60142913657486	-0.0473309760129086
K02112	2.48723682963709	-0.21549387829992	1.38980942862069	1.0007148810865	0.805659965310286	1.79711726504624	-0.0174612407719723
K02113	1.66709265315394	0.341426690158816	1.11539763109719	1.28430305209175	0.162805870804976	1.84025106030762	-0.161479205373489
K02114	1.32367751204829	0.374999185142489	1.25889921085869	1.58989755597129	0.683185414109419	2.12428310710251	-0.0941045587098233
K02115	2.16006788813929	-0.126294742288618	0.910398571658481	0.986298663282544	0.25101745191593	1.56664225655854	-0.0995166902577511
K02116	-1.25704064762731	0.357279677925082	-0.926784158777844	-1.46037443194374	-0.275284930434038	-3.39824029606521	0.33928653549794
K02117	1.60236463153224	-1.0591576499367	1.60415327446495	1.15206710782066	0.683709100518416	1.81119016009629	-0.0161542003190152
K02118	1.75338301265101	-1.15911851352694	1.69031703369652	1.1571901270391	0.64309705856819	1.74611005383789	-0.00184056210871852
K02119	0.288540275929972	-0.211061117160451	1.73291885750328	-0.811689095830768	0.460624620948027	2.45463469821274	-0.327671751860344
K02120	1.00902164184908	-0.615111510219602	1.85029280083214	0.923812938594967	0.709469214711378	1.90517202216446	-0.104497552398407
K02121	0.363792406557604	-0.0176500481987283	1.76553916828667	1.18051932539955	0.962427214417647	2.34121254283249	-0.215743855122291
K02122	-0.00599434769292273	-0.206200535359411	2.23084723846947	0.119951409959942	0.659528330598066	2.60268965560257	-0.158882201198303
K02123	0.344065250991388	0.0791394906615928	1.8683232058767	1.38188145842567	1.12151111725349	2.42718044120133	-0.172865525368415
K02124	0.632382447062536	-0.273936803402929	1.1799983968023	1.25077484335914	0.663640335831831	1.92573955851853	-0.100175053361618
K02160	-0.00467714464803137	0.560711820659609	1.11681228773629	0.880007398986966	0.585246697697828	1.9871029575473	-0.181468591574394
K02167	-1.228484300734	1.33935793214795	0.153800993132938	1.33676253047004	-1.89759038325768	-0.549598781287076	-0.225047961357795
K02168	-0.229993192316488	1.68440469079968	0.624275929200996	0.771914345884472	0.347202465567778	-0.545838801085355	-0.095302105430328
K02169	0.192983122705026	0.104441036519976	0.558960295188774	0.297046972179562	0.667284563813399	-0.0438477675312781	-0.0460606520211331
K02170	-0.607013372541861	0.129890550909014	-1.35842585666145	-0.827165441846698	-0.177107065286447	-2.2448482195729	0.359960644956864
K02171	0.513088287948175	-2.32150582498553	-1.32678353888954	-0.0959411433695253	0.422300801310728	0.861051501811144	-0.0456966762578122
K02172	0.95447537505488	-3.0179162425423	-1.69595420463051	-1.20343621287331	0.0532647489346964	-0.463708249747159	-0.23565852690097
K02173	-1.07843354141851	0.107122083244295	-0.535532356333386	-1.54043789420113	-0.255039706196596	-2.37186595600784	0.529155283685959
K02182	-0.274014023901419	-0.0605140877390191	-1.03039312465156	-0.227356808519214	-0.49009488460045	-1.41214772862137	0.221207111593521
K02188	0.996420355676218	0.281557907400103	0.815340279507984	0.82565645661369	0.21685624185581	1.4713958223468	-0.1686233286893
K02189	0.440860035060449	0.68036832386014	0.154369323420871	1.00984202113166	-0.103445663418581	1.72569331723511	-0.151344538215362
K02190	0.311647357581659	1.50741072469708	0.913160442281116	1.22095958676353	0.845387653145979	0.955225909233687	-0.217853755239212
K02191	-1.41345658695836	2.74577041440961	-0.143747569155346	-1.80180187735543	-0.194100051488687	0.874705510318873	-0.36372500706073
K02192	-1.4835907498612	0.989276130733462	-1.48195839030708	-1.20844049963936	0.161148980889509	-0.848328797041776	0.11639299940709
K02193	-1.51072445309301	0.676512201366396	-0.0470606694933287	0.614997712636143	0.296857581172178	-0.763869969069364	0.257861285921372
K02194	-2.31162872707982	0.754022617874117	0.0830629755738863	1.92069332089439	0.582341030869673	0.75903636413872	0.0305480952227482
K02195	-0.558897046209768	0.059980233249636	-0.764330030512463	0.235320312643201	-0.265185012783815	-1.6577858607167	0.218112438436783
K02197	-0.589479593397574	0.254679669675799	-0.904206157755505	0.301103768611104	-0.199852391447832	-1.14437719982803	0.113065927740372
K02198	-0.682853488089041	0.176283975181551	-0.705300570559155	0.442871404552609	-0.0207129636071222	-1.00616523426712	0.150772660490311
K02199	-1.54008260166784	0.50894453102109	-1.07602822883094	-0.624590592717975	0.138511747751425	-3.23886510533035	0.37621155333165
K02200	-0.643946794630484	0.0857770042991355	-1.25627815825905	-0.884478168821185	-0.428790166344454	-1.8819012324208	0.230957835432328
K02203	1.34953639113764	-2.02115360921863	1.52386236088311	0.225748283529431	0.493669585023115	1.41690638858139	-0.151177764419281
K02217	2.20787057483058	-1.1611252231026	0.730697884130824	0.662840930485875	0.134396024677942	0.481613190949557	-0.0768366162812344
K02221	-0.621753243566946	0.9126429157829	-0.100106776785504	-0.338129537439197	-0.189683645334055	1.63873878318131	0.091821997877396
K02224	1.08657628500323	0.381977398929568	0.663589059281696	1.01756481614128	0.0741001634635431	1.50714808899224	-0.292745665196144
K02226	1.73899981582026	0.0464332299804404	1.18798285620247	0.956891489887387	0.199315384659956	1.48272472816765	-0.183250681046211
K02227	1.02189380133013	0.227660288152666	1.3781743039373	1.48898021664634	0.692324832711409	2.00702980357468	-0.180077746990883
K02230	0.222360314963861	0.917251070079775	0.781316487956394	0.699745250606686	0.707711354527662	0.914054544747469	-0.108719200376236
K02231	1.13125488364558	0.529779930648775	0.988789676595081	1.76159493412986	0.353381530080031	1.67085340815842	-0.197366074207985
K02232	1.1524943431602	0.218905259904833	1.14895552294289	1.10269336190239	0.629981771741102	1.71889713603318	-0.145257384065353
K02233	0.710365796624227	0.166277845439883	0.573951891529907	0.94832975950256	0.264974892769049	1.37207603651345	-0.0606364016568295
K02236	-0.666053680540518	1.75289388471601	-2.09788858993019	0.21269835319534	-0.271138384308626	3.85783627826035	-0.949424893144333
K02237	0.381368326185747	0.934120019016238	1.00074684517418	0.746830058956296	0.0735820649899942	2.17229619818985	-0.0761667196786038
K02238	1.21135011517863	0.194139649209948	1.00100159542595	1.56012742009178	0.255156443152617	1.73783788281739	-0.184569672230446
K02240	-0.341510323645071	1.4945692616081	-2.47266399962867	0.525166680777222	-0.242600961890032	3.343305857957	-0.794433087590896
K02242	-0.595513610006766	1.87452312284467	-2.1508430252787	-0.16601880106911	0.0775935842432482	3.64258530932724	-0.937082916978561
K02243	-0.304200319410757	1.8196880417442	-2.35914790732826	0.632827890777737	0.0697702585496408	3.9476726372844	-0.950032145265304
K02244	-1.17796698010106	2.20083113485333	-1.7483509789225	0.640262214207799	0.60156531694908	4.37233069735825	-0.914194167140686
K02245	-1.00915708935399	1.71122999959943	-1.92696511847938	0.780676377678067	0.0626800215579969	3.8854475339061	-0.848542958978378
K02246	-0.724365023733572	1.84176703268048	-2.16183531386818	0.831303221845776	0.477684721980284	3.90735772448838	-0.819171429160797
K02248	-0.731914190412954	2.00658698850629	-2.06634628875221	-1.60870929274544	0.326801345381926	3.95966246920883	-0.917683899882995
K02255	-0.609208969236807	0.00639585131165535	-1.97894871337379	-1.04473085913643	-0.616254135336687	-3.63961288136184	0.191702037569321
K02257	-1.03794804012914	-0.0654480559253976	-0.739576936792981	-1.65233774695381	-0.417861356701662	-3.22667524021805	0.428133219000138
K02278	-0.765789298178152	-2.38492182916644	-0.23648035628761	0.104415161276013	-0.08604239609461	2.56639018851578	-0.331370279673301
K02279	-1.77064695751806	-3.14429334825519	-1.62402141196693	3.11347774949089	0.832675949368666	1.07634140375316	-0.537528619650566
K02283	1.4911287149177	-2.14741043275836	-0.363292099070202	-0.0752014091967043	0.0417235667594177	1.3537072559005	-0.0751304333245388
K02291	-1.04340770638128	-3.24668149179461	1.45563405649697	3.21006063904777	-0.393860384192278	1.40831098157227	-0.187803134802543
K02297	-0.322546271444754	-0.116582411291628	-2.21109306914772	-1.62940831694588	-0.625290259089281	-2.94103452366531	0.275201409574784
K02298	-0.559611109854178	-0.110409232738046	-1.60889470679725	-1.26247067961678	-0.574663861956407	-2.67089840573013	0.333223491426743
K02299	-0.817655710340933	0.123321463403673	-1.48150730235542	-1.37788649115548	-0.259159519638826	-3.22390863102615	0.324556082006729
K02300	-0.451707271696524	-0.263335066797762	-1.50383985145057	-2.17303820166573	-0.585031434263994	-3.2074811140889	0.291029542204178
K02302	0.575804382725163	-0.916751067104368	-1.55623567206825	-1.20105739150032	-0.926011308398058	0.0202379544383264	0.189211457487381
K02304	-1.58380260861059	-2.81318620866778	2.65116393463646	0.597502564752251	0.629471198353956	2.1049551089412	0.103718488928116
K02313	2.14985332095484	-0.0595939708376214	1.00965088503395	0.817171705627591	0.321286187205504	1.34412464696228	-0.0959902410542599
K02314	2.33482024276118	-0.0552115989351556	0.970889716315616	1.36104808535591	0.395448282990645	1.62542239028275	-0.0759471659695736
K02315	2.6829565485702	-1.06541482633594	1.45399123327767	0.749278647565991	0.926048949990462	1.58857384520828	-0.0192517941033474
K02316	2.07432243430476	-0.0498263788843438	0.989358483720172	1.00902627196327	0.281363249454687	1.43186348873436	-0.131168157342636
K02317	-1.34264614975591	-0.0657430244112298	-1.34723830325569	-1.10633357081398	-0.312244846787264	-2.36281963986099	0.460177629705704
K02334	-1.39229479229589	-4.33019403642657	2.94287907974755	1.15772740330711	-0.346901997294237	1.12740249383509	0.29462602686528
K02335	2.01175365054469	0.0913127558803275	1.19439011709725	1.26806299176231	0.332082823548506	1.7764210422641	-0.128736943486892
K02336	-0.576171545149283	0.207200427589388	-0.936945677828442	-0.867454486226886	-0.212743102874567	-2.73106714886368	0.31612113070134
K02337	2.13087877833705	-0.130148838224439	1.00201678173577	0.893576396370083	0.336660490069578	1.34224105078041	-0.0687849824463955
K02338	1.87688479029994	0.214021672544451	0.986850171256412	1.0052879282476	0.200506613288115	1.24850531119168	-0.0935122673546902
K02339	-0.473096517683462	0.13621868663785	-1.52237951858009	-1.07291634592995	-0.475989028181841	-1.95044681233108	0.395036071058548
K02340	1.71721014582972	0.00585306161400825	0.875860839057315	1.13126037802711	0.1143013245203	1.48180234628975	-0.124050498489105
K02341	1.70055124366145	0.162112643060656	1.0725171555761	1.42030690398231	0.367652103934477	1.83552047807038	-0.108175158981048
K02342	1.52359238469462	0.550486822662325	1.546488760877	1.66405014481559	0.799279168877791	1.68719557124436	-0.195577115300857
K02343	1.75035044753413	0.131155242261858	1.12765818731819	1.16028503861442	0.639030591283034	1.7494184692508	-0.0656451289689175
K02344	-0.770836261869864	0.0404317873096183	-1.10036468608345	-0.514536934232562	-0.283478184904863	-2.45633098286331	0.420582025762833
K02345	-1.13483205235143	1.14210327440259	-0.579281569552075	-1.47518499407753	0.252888501320074	-1.04177900952041	0.0564148719275364
K02346	1.5065147598968	-0.124893608453302	0.818952768016208	1.43134514775291	0.855210677418898	2.21614304381668	-0.139651388410293
K02348	-0.212135700346426	0.511394699153872	-0.60230648620094	-0.256528930997699	-0.0512865849993723	0.102198394120333	-0.186735004667007
K02355	2.94877085292201	-0.119631069662599	1.33064311640297	0.850274426603467	0.703162089619826	1.47660753327667	-0.064565063003265
K02356	2.27992746436457	-0.0903495726609513	1.33906209366356	0.739447487259061	0.526240811381529	1.38283974129021	-0.00232613134738124
K02357	2.1597324331985	-0.119448068501978	1.08299851315056	0.818699611091763	0.338775948319624	1.45570495921433	-0.137812793735229
K02358	2.43758771025996	0.275586207447024	1.72515046494042	0.92530838933006	0.782431737218092	1.47952628332436	-0.0469448571240536
K02361	0.64406404846768	-0.172392900052099	0.774077831673969	0.962179852390439	0.527066156897734	0.533986779034731	-0.134530097726547
K02362	-1.1718893328919	0.640978773174258	-0.57134306533302	-0.60749669585213	-0.137179806198885	-3.34356233280838	0.27111700129155
K02363	-0.690314797522024	0.177332450685473	-0.859015704226147	-0.814921217298358	-0.314014091458132	-1.83280679386795	0.366800099130905
K02364	-1.01293447411199	0.281772156295748	-0.842316390108716	-0.71261795077309	-0.0758934759758013	-1.63739344280899	0.392146437879837
K02371	1.28488722646098	0.300320227680178	1.85908448593651	1.41192053046241	0.831770077977369	2.21211162406266	-0.155592889074051
K02372	1.78019949996333	0.284482141075106	1.09227126734291	0.59070317980066	0.30268989566345	1.59752401906311	-0.178259537104332
K02377	1.31755569779734	-0.592545668544798	1.75713515179192	1.20807884421363	0.976762846741865	1.17474515932858	-0.0391315226590268
K02379	0.554714365093513	-0.233953605356245	0.187688230443347	1.26244400229469	0.232637152705382	0.781031133711932	-0.109953552964889
K02380	-0.955956129194693	0.424752255020113	-0.545475126337658	-0.0804693869112428	0.0686425945498449	-1.55446573895157	0.342651515718735
K02381	-0.888224748732046	0.0213636355972007	-1.14874243838752	-1.3128979972361	-0.337834014859011	-2.18979498547256	0.427416294332779
K02385	-4.15734043514867	-0.61369119113925	2.44002663986718	-0.538069324827045	-1.79398427840691	0.783340530574915	-0.0572731499707333
K02386	-1.13028684055944	-0.19798158476743	-0.916341186594616	-2.14176316771492	-0.170262574519922	-3.7114488760823	0.64111611199025
K02387	0.221736939786478	-0.727905790271787	-0.924514652323376	-1.08842618975624	-0.496177717413713	0.181609721959231	0.258467703577317
K02388	0.425170453427835	-0.912274519863157	-0.0465239296671263	-1.42583997759804	-0.249296202626039	0.452948900044558	0.180772333856858
K02389	0.208335401652857	-0.75705067342761	-0.979643941950451	-1.68810768637642	-0.409412904944231	0.274570794880984	0.290717094656266
K02390	0.321037115691706	-1.01932213729861	-0.732318640780102	-1.27420027766213	-0.423848047222902	0.28062895137131	0.268978863474167
K02391	-0.494811085821585	-0.58186779445651	-1.18817329509224	-2.08435411963448	-0.484623357024004	-3.56942054432571	0.6046621496642
K02392	0.867836238978906	-1.3014125031853	-0.848790646624219	-1.31482871088967	-0.744758948054125	0.547801645577548	0.218229501959122
K02393	-0.614421395422415	-0.573879818382292	-1.10324180228676	-2.43509121451363	-0.427911981310655	-3.37876340550125	0.595198839422501
K02394	-0.945402292372183	-0.200167960437565	-0.835512162279736	-1.45932682070717	0.0261216249093813	-2.58945986431778	0.529343336340226
K02395	0.111974181769892	-0.599721292915373	-1.40723645789589	-0.536742763852924	-0.236153914894869	0.423718901455996	0.245022326227463
K02396	0.723998861549898	-1.13518307632449	-0.923757077288281	-0.879538731908649	-0.627518578734209	0.719669791043398	0.226902752634323
K02397	0.465083392499491	-1.12741688913348	-1.08979082210029	-1.44417663130745	-0.709082289900591	0.158072026551364	0.286130100008286
K02398	-0.511526254774527	-0.740364055099516	-0.382111013960492	-0.244244354104846	-0.410882010426332	1.18902363079846	0.167036145445145
K02399	-1.12598493492742	-0.0614308965826318	-0.305618883204114	-1.65170093092903	0.0603796827383739	-2.52111765545547	0.542271643396653
K02400	0.730707498429819	-0.401518742504148	0.632566063571323	-0.596068816518634	-0.016892209019472	0.487305196107028	0.0482161338293918
K02401	0.204159142612024	-0.76316879219058	-0.966557742190014	-0.976465421056598	-0.430026694502642	0.38243958550751	0.248005836721695
K02402	-0.868269948126272	0.0733453529452995	-3.13722241027321	-1.25355918917641	-0.444406493868639	-3.67844077748001	0.322854190584458
K02403	-1.13910391724248	0.698050876197787	-0.896679164003979	-1.30286605868325	-0.117296724881937	-2.25562521618545	0.131097167249955
K02404	-0.0138538161530057	-3.84574655717853	-0.861499072146069	-0.360334949827045	-1.72724638816338	1.43606901365578	-0.247029632810318
K02405	0.653436342416807	-1.04919944232944	0.192131160664905	-1.12070210490212	-0.237951978411485	0.127747090638278	0.211027711149491
K02406	1.12544450366358	-0.886086682739286	1.08522051470314	-0.687410550451129	0.214638293419073	1.10797739225685	-0.0481647555863491
K02407	0.824956806539102	-1.78004304594043	-1.12340319259132	-1.16031523261055	-0.803320928778459	0.6414509435302	0.247176378485001
K02408	0.101621749042078	-0.829814235630064	-0.913279534411084	-0.367395656442493	-1.19048868056755	0.982829248637555	0.0554758007491001
K02409	0.0835557302222689	-0.72526071495059	-1.02118766410316	-0.859684305524677	-0.705897375311663	0.386046381772158	0.191710561033524
K02410	0.899322481988474	-0.87586889690402	0.589345454144824	-0.508036153650134	-0.0631745153329867	0.607960792363284	0.0223556454146274
K02411	-0.61850157177587	-0.318047280373602	-0.2223505388018	-0.210371034478992	-0.0116714754364985	1.0447503971985	0.239213972803391
K02412	0.983686270354792	-0.987367133560209	0.912482886481632	-0.393455939626544	-0.220022275414278	0.669587167084811	0.00409570288304173
K02413	-0.792421011091665	0.705396373805971	-0.216680348944317	0.752775383854062	-1.67606197234612	1.77682224112808	-0.258179486278259
K02414	0.0648232420669039	-0.432241628828077	-0.757766724657666	-0.651034551000446	-0.56647770043831	0.791961493075488	0.106004327055252
K02415	-0.894588855864004	0.0780849354839042	-0.300103367399823	-1.02859254393563	-0.578277631964495	-1.23535558384598	0.375002234693802
K02416	0.5334004482017	-0.587321679058103	-0.309997082781445	-0.747054534292072	-0.48259817000847	0.53366348344147	0.0263912970984348
K02417	1.00096982920031	-1.17729787057879	-0.0560304532762876	-0.69436569724068	-0.577355726923754	0.816251309693453	-0.0103865270650021
K02418	-1.69703522122045	0.851629932460757	1.05069762365853	1.40371905055061	-0.262585415806581	3.16726330119431	-0.491642117980682
K02419	0.413128974078699	-0.653349648180036	0.0423471023324618	-0.795129733419269	-0.357141151394655	0.455871852219699	0.0782463843787082
K02420	-1.73363271153112	-0.976349811019926	-1.08021986587013	0.0214350649358336	0.141151607666205	1.66483113366425	0.155426114317215
K02421	0.00826034152369104	-0.262394900383978	-0.582582832407605	-0.549124436712116	-0.523312135901262	0.897781567752955	0.00819709849003636
K02422	0.827421831129595	-1.42885402864459	-0.925079346727978	-1.31694324526772	-0.728425129618456	0.638160945952532	0.16800215792302
K02423	-1.67036834156652	1.00668390565869	-0.552827478479992	-0.672275143003314	0.366641089949797	-2.97653791111648	0.297730355974472
K02424	0.68426849150519	0.149702747402163	0.44196097077762	0.603767124676854	0.135436595115851	1.35941893059075	-0.111925125602447
K02425	-1.28539898789068	0.709935327110262	-0.5372058163401	-0.555610494947284	0.147751466069411	-3.23497506779373	0.27350410771016
K02426	1.10816160046916	-0.0229175490761086	0.900969206261981	1.31050525393501	0.880804554257582	0.738132419169543	-0.03698247719165
K02427	-0.717893389822439	0.331286569175692	-0.929694176745068	-1.33778496298775	0.0976562655307752	-2.35735818546951	0.238599210497177
K02428	2.13780006968836	-0.0636867088699624	1.00831955568825	1.51845411744133	0.519102499518583	1.62114456492722	-0.126707584146225
K02429	1.2531766613708	0.174297113952608	1.24478644030129	1.15029863801017	1.08334459427376	0.640519114316104	-0.206781223896705
K02430	-0.211713580252127	0.0801767902946189	-1.15812027556862	-1.40066214117989	-0.537688955035021	-2.57197543781936	0.14917263340596
K02431	-0.169056741358236	0.148522873458834	0.149040042329181	1.4736449548246	0.360970840487669	0.986684689403174	0.0421357746088871
K02433	1.05172652208666	0.496272821960421	2.09687209026848	1.28766260828987	0.604578808579634	2.19897642928421	-0.117907017949783
K02434	1.06066969239573	0.501394112644167	1.63882696526085	1.32627264943138	0.575121656689833	2.35197356540024	-0.0631009345090023
K02435	0.561069725243851	1.04921515756604	2.30747330086266	1.7525955864431	0.426670119795988	2.66431680518448	-0.238766506794654
K02436	-1.595183519484	-1.11374912685397	-1.48935020072426	-1.69776697669014	-0.213104992475321	-3.55671188038528	0.558077007051743
K02437	0.946409555314585	-0.169032848390369	1.15255033867394	1.48824862923637	0.325093851123045	1.12476430285036	-0.0225733225381008
K02438	-0.303159503103689	-0.077161918344526	-1.4535419951197	-1.46260579142556	-0.518011435236742	-2.24361106556595	0.350509494062699
K02439	0.0645487030730685	-0.165341484310655	-1.38394999606575	-0.667543607091754	-0.45783336397629	0.639667483151553	0.139890402075089
K02440	0.406999709247156	0.705457647380801	-0.041509569716107	0.135759694242627	0.252893210087011	2.11879137355149	-0.0191516284978024
K02441	-0.468003062368826	-0.277630913021593	-1.29646658999885	-1.73657341513619	-0.657740696635057	-3.36145993870437	0.441254585500992
K02443	-0.276509014727072	0.0552892284965232	-1.0382884751078	-1.32677205119118	-0.0550466173551577	-1.18903395336807	0.155070870634354
K02444	-0.520470527769522	0.370058079299898	-0.856524706911694	-0.287250655031055	0.253627673421095	-0.532699672400358	0.234868198152817
K02445	-0.10532435572286	1.26925845914838	0.827996252942432	1.43784741845146	0.224296630058478	1.01540078885168	-0.0118676130807034
K02446	-0.120557216764883	1.26576300436017	-0.257387162279736	-0.0974710157869753	-0.0396893763206499	-1.00183316868484	0.195740550276078
K02450	0.0908420404181918	0.905025561389895	-0.940673590731274	0.378257808947713	-3.29561160441857	-2.73471829098404	-0.749018997434341
K02452	-0.756183294416861	-0.00180947309973686	-0.557405353617322	-0.822158174848407	-0.543786927428057	-3.90730258625686	0.389526754137314
K02453	0.547096086828514	0.574588795242281	0.635922520327915	1.80448047604576	-0.452487006153871	0.552216889441607	0.00543260526303135
K02454	0.0892203172431429	0.674062748489352	-1.01256120307411	-1.02777894053444	-0.708285673823168	-2.75059267681778	0.239194184061325
K02455	-0.981565503241018	0.334099550781222	-0.472940743994366	-0.538576560354083	-0.27960596915703	-2.00571200054825	0.374399452921189
K02456	-0.520647434355215	-0.394037763538389	-1.67713058097328	-0.830715136861652	-0.676837130751421	-3.55875941914261	0.41526469540242
K02457	-0.470361022116141	-0.613886604967146	-0.763066531252514	-1.22124023947701	-0.843965693678667	-3.30774470966995	0.461053400751389
K02458	-0.56346371567388	-0.0285246176147744	-0.821383119654309	-1.0056812337397	-0.336257740225603	-3.93619510334671	0.325562923666275
K02459	-0.349503902555899	-0.222119641440539	-1.19396948916877	-1.30106206450447	-0.627897843088915	-2.59455200833023	0.389487891908921
K02460	-0.521052745939688	-0.0462755513811395	-0.858969093393933	-1.11645968470558	-0.669070883955767	-2.66010042828262	0.350021510835923
K02461	-0.318659929396109	-0.295615675809412	-0.953195334505688	-1.15548618350014	-0.807779952254106	-2.74756833714187	0.390582471605576
K02462	-0.732879308821158	0.111919363079043	-0.585255385470044	-0.757989840841144	-0.551354035105516	-1.82197591465652	0.468090980764664
K02464	-1.39771380818029	1.72788306051251	0.72294087605511	1.65180568184868	-3.29086254474144	-0.693726507841947	-0.446373675498926
K02466	-1.78043690121313	0.582604785499544	-1.1481654654261	0.000114990139156945	-0.0076331452689665	-3.1965415160054	0.44300934624318
K02467	-1.12761059200902	0.270329435405703	-0.883313537668835	-0.966804581022113	-0.126469045247843	-1.98738309544266	0.453337281461991
K02468	-0.414944199682669	0.0409902530288413	-1.31036472423042	-1.37424929652199	-0.644831522669603	-3.92500230473221	0.253414600607193
K02469	2.68706259333949	-0.319880220057993	1.2296838154081	0.871734661722333	0.420740917954634	1.4988922496444	-0.0771192615067593
K02470	2.68184694850306	-0.244698374482422	1.26296287672554	0.957577002906949	0.655315533909987	1.6118332465297	-0.0554482941662899
K02471	-0.149398354650931	0.463445623455019	-1.88291514022316	-0.826976852750629	-0.642496689524462	-1.60059162777603	-0.452280197772943
K02472	0.816221060393854	-0.407041992011099	-0.332886041235577	0.254224670791775	0.348115072283934	-0.302485195814969	-0.0418120329415432
K02473	-1.48690572178502	0.959051092205019	1.01369315283333	0.104084474706799	1.15430177811165	0.607398482144473	-0.05281779218074
K02474	-0.217355219484762	0.0110664116716102	1.15359914200341	-0.00206791076645219	0.70833428267021	0.567373843968508	-0.126361668590271
K02477	0.825708436010881	0.0821137624358848	0.370259745884288	0.0942589470387999	0.355270937714766	0.987165035784838	-0.0778824393784634
K02478	-0.0187409797920743	0.0293312119817451	-1.35034167869056	-1.34281452212319	-0.493035479750444	-3.16477605503738	0.356569915529526
K02481	1.03311258756976	-0.524117479982404	1.39439409868752	1.32302503075615	0.695106581483076	1.03757805480867	-0.188467443469726
K02483	1.11842623555522	-0.852882842483549	-1.26993370158638	-1.57292671713814	-1.8151265227459	0.493024321377871	0.0347795779669651
K02484	0.86194396221499	-0.56146408146861	-0.0174714933153501	-0.580353932714313	-0.635294958319475	0.174091847718356	0.0548375244105228
K02485	-1.19230773842473	0.689781446990938	-1.05955791575874	-0.787374692296832	-0.100585713352968	-3.09897491139114	0.157374113317765
K02492	0.505425976751848	0.745096703109713	1.21717381374871	1.47394065346733	-0.0197232582829493	0.894870938838122	-0.00428029942866481
K02493	1.46149042451243	0.406557400760622	1.12214475767647	1.4693245717527	0.312139973674009	1.80375763970673	-0.150801390889846
K02494	-0.458394078375296	0.00903049582001716	-1.00296878917183	-1.24018331084236	-0.692675574984361	-2.87203165692032	0.209356694933213
K02495	-0.378810969950155	-0.0304993791008279	-1.15966367824043	-1.27673979315743	-0.44866673585396	-2.85657831829727	0.382763236280716
K02496	-0.894104150892691	0.163653154907198	-0.796267272066723	-1.01323564562783	-0.284903749193956	-1.85727187794388	0.357602506395615
K02498	-0.537058619619803	0.0428769188499168	-0.958433509897839	-1.33114023718819	-0.4630982422493	-2.52084800404251	0.363123744245804
K02499	-0.021760193468527	1.47529729181287	2.32179880039727	1.84774367299095	0.639891341958235	2.16025474864304	-0.356375284973346
K02500	1.99043664538722	-0.0415107709789559	1.56322049992119	1.17599390234962	0.679943040642927	1.66219529706299	-0.0687125031983487
K02501	1.51783403956751	0.209815611181231	0.871254860329975	1.13899110045448	0.328356013331602	1.46874720054924	-0.0829953556096188
K02502	0.902993621467157	-1.48901228136065	0.729708640742649	-0.742419677114337	-0.570847078528215	1.34390232163727	-0.151559979203903
K02503	1.67299780452113	0.332820554313631	0.996478914189685	1.40624783720985	0.649704293046187	1.77542600232422	-0.200311199310981
K02504	-0.697038201452688	0.0913734334087089	-0.871659279894482	-1.1359279922007	-0.34816904303055	-2.20114156407058	0.377292423960007
K02505	-0.743922261358694	0.246744205293627	-1.43525838954414	-1.37885435137734	-0.495532437529375	-2.56736632984817	0.227920442339218
K02506	-2.20480647480627	-2.63968114084247	-2.48532641036476	-3.43994660887703	0.00323051463444059	-3.24396344822586	0.635232299085892
K02507	-0.923311857344107	0.185805727777453	-0.603018642496716	-1.14245327029213	-0.172464176382829	-1.73728176754654	0.438884466406144
K02508	-0.549546865583853	-4.21918920701983	-1.31029069526161	-2.34354777846321	-3.07398389216881	-2.68789860409439	-0.408719795305096
K02509	-0.663803724409536	-4.32466940111163	-0.488113642763745	-1.00291283640847	-2.9212443673275	-2.88070675533951	-0.220021531466209
K02510	-0.611468581320242	-4.15907291597369	-0.456621826719891	-2.27726526770577	-2.71593211528282	-2.16530725163162	-0.405601474005543
K02511	-0.686925796629385	-4.15111760324481	-0.952981115412366	-2.30459542784676	-2.83089707728844	-2.63865992230118	-0.363006525222026
K02517	0.677631529210611	1.26480956846234	0.911967425513614	1.6701559254171	0.662155107293318	0.929455975175498	-0.0904791955983273
K02518	0.951282145618006	0.987064321575136	2.54979407684838	1.70927183117881	1.8745594179966	2.64427843886673	-0.0577783291375271
K02519	1.81702301108698	0.0795906382178977	1.59452032940422	1.32370887484565	0.789211050305555	1.8654268105632	-0.0318471198117367
K02520	1.37991556727748	0.454914231834383	1.4235948313955	1.60216359581962	1.16531242493172	1.87473204928696	-0.140416384223663
K02521	-0.447103170515494	0.0162069993591026	-0.973931194376599	-0.855111914014667	-0.41278068658333	-2.53524848622024	0.422858029123581
K02523	0.650097457854553	0.913497646388979	1.33044016258751	1.87345151391044	1.00572075012703	0.986318612576125	-0.0936034326588742
K02526	-1.23170009052892	0.490477939186068	0.0117733468297609	-0.539995746946185	0.0459002570026023	-0.784565416991117	0.337745993849076
K02527	0.904848726628824	0.641173203525515	1.28086358206307	1.83789627041832	0.589104071889113	1.05595367226064	-0.0915145580803982
K02528	2.00398883426051	0.207385559616061	1.27774828569924	1.14534799542442	0.705532268319319	1.71671411591828	-0.0993449692761532
K02529	3.06014046275477	-0.234685174139766	0.601470983493675	-0.144415872430652	0.0383855697475774	1.42877134877503	-0.0498009030854336
K02530	-1.10035863316198	2.44564386182782	-1.65317499740089	0.407416252160222	-1.6786871993206	3.96351960498154	-1.10609033751842
K02531	-1.43060436642309	1.7901892262077	-1.2847119580027	-0.824937062597125	-2.3901598298214	4.6958997567302	-1.29390290427562
K02532	-0.16201677715917	-0.294705013694792	-0.655503154825818	-2.25262876067147	-1.1772395217083	-0.396666495024564	0.396666258093155
K02533	-0.428280500532583	0.0122722136354163	-0.555718899798047	-1.58228393111214	-0.507021948065569	-3.2415330092305	0.22808995794896
K02535	-0.285959867598013	1.51150902086255	-0.831630230974804	-0.938507037496417	-0.214802070822527	-1.94754978817642	0.0924412305319675
K02536	0.853270651935144	0.787961979446383	1.11196523802315	1.70422582116142	0.926996246609877	1.11233689832747	-0.0684541468655697
K02538	-1.61878815090795	0.993440945682497	-0.160568238329541	-0.457608180379718	0.310744628939818	-2.81815907162369	0.18516501736287
K02548	0.403332250355287	0.967182596263857	1.23544651167427	2.04577831711784	0.742177859578322	1.32729050713837	-0.0709368889367215
K02549	-0.163223115564779	1.12020655447003	0.448153949249137	1.77535144772545	0.0326527340987631	0.625105472386477	0.0521815712416538
K02550	-1.38008132374425	-1.75136391347888	-1.18135893447364	-2.01516027960762	-0.515063687529375	-3.8136183897847	0.59404739689473
K02551	0.788566606281801	0.484076936778994	0.956383078265537	1.72908310379997	0.495801702771376	0.92468689578831	-0.0861676340138546
K02552	-0.0468671003593961	1.23455115133283	0.0930552770379671	1.97074691739097	-0.00379530277471716	0.541406514227984	-0.0029113893544308
K02553	-1.2113887349381	0.445327063140841	-0.276050926279675	-0.82829268488869	0.0395391179956896	-1.94446250599563	0.401382594820298
K02554	-0.82032599842687	0.331150968608828	-0.884965897631299	-1.45158727679238	-0.151056840386202	-2.3762278239125	0.36639824461583
K02556	0.39260606670241	-0.870565216007261	0.652806847262729	-1.15340276274666	-0.532931431498339	0.411374064267275	0.2456773216689
K02557	0.915462793944879	-0.167838386210231	-0.973578811716687	-0.289726512765735	0.351393864188383	0.275542827427981	0.0945679838621982
K02558	0.150106879113718	-0.140411595764188	0.345536260772098	1.49303166356102	-0.0364747190139788	0.312803896248934	0.0668338234389194
K02560	-0.783374218107657	0.0899728434657767	-2.27848494155372	-1.48009295973763	-0.135385587181856	-2.28142234486282	0.442883938070572
K02562	-0.782974509359793	0.317088981208773	-1.12297535045112	-0.828353600835651	-0.197676300372888	-2.87830778759659	0.238498121019638
K02563	1.96472808921198	0.126478155193301	1.07236695187126	1.3562908002378	0.697557703290175	1.75359580117523	-0.109109461787902
K02564	2.08398470485072	-0.315919402005701	1.27285385029351	1.05230085339561	0.565256074700545	1.48532593447029	-0.0439059143101803
K02565	-0.66208591854711	0.151547421750994	-1.56737935645546	-1.13266225371346	-0.454173817601015	-2.31851121586502	0.358325868364609
K02566	0.124132605432077	-0.426206032695799	1.88562953369652	1.14561681237236	0.751390770707319	1.00582374084055	0.0839277203047641
K02567	-0.324530510069327	-0.0597647679472253	-0.553540111612927	0.152126533651501	-0.406472935643007	-1.84964105290115	0.161299734827317
K02568	-0.794971493841604	0.0172258066510871	-1.16615176303352	-0.383613603448718	-0.229972883429338	-1.58552524250686	0.335222035166062
K02569	-0.785048750997976	0.140994180974932	-0.883814574312817	-1.21833689723	-0.579600914683153	-2.84536191624344	0.277832954641617
K02570	-1.08683422005315	0.861180265483828	-1.25647962195839	1.22266249146476	0.268688023719977	-0.985274283110502	0.0981248314345249
K02572	-0.758704094053702	0.0184257971620277	-1.44870686633552	-0.9195429852961	-0.512814863886644	-2.72843238514602	0.387945085283554
K02573	-0.639099744917349	-0.0909669277692124	-0.570910812449109	0.568145660424382	-0.235304787125398	-1.32685133618057	0.238666980978287
K02574	-0.985004691244558	0.352476497230501	-0.433558286261212	0.728616697454602	0.0988684749938948	-2.0966834704274	0.215269416090287
K02575	0.0418897589431246	1.19351967149732	-0.92113006217445	-0.13308377776131	-0.42481996056061	-1.75044223469436	0.0658057327235111
K02584	-0.84251370823522	-4.37273315614703	1.61135792629753	2.82873467888847	-0.371597453322222	1.48630079823792	-0.075556844953262
K02587	-0.826869873167471	-1.37581459707263	2.01101457970177	0.0205055901052061	0.732248023781965	1.9086693843013	0.0991869265997776
K02588	-0.13482966816564	-1.30129734701159	1.98480510609185	-0.00403569850906693	0.863526181016157	2.04633525210678	0.0222626621687778
K02589	-0.13196638023992	-2.9904606742287	-1.77579534156288	-3.03553100142464	-0.702419027056505	-1.24160000485122	-0.198350117090904
K02590	-3.21580734646459	-1.46345905488971	3.02884709732567	0.0858686098100249	-1.11296795245629	0.168108554661868	-1.42088052678462
K02598	-0.371720401407675	-0.30150123960021	-0.824565173220288	-1.01639540705666	-0.0665428557656305	-0.867462364851835	0.319832771536148
K02600	2.22042140567164	-0.0542743456983849	0.979274510312427	1.20628623452202	0.641209737096022	1.59030369120896	-0.0957627599274746
K02601	2.12948617541651	-0.0978169245147988	1.41690349476372	0.911980403328091	0.429606184992979	1.5013379176265	-0.0995855038201443
K02609	0.289302440522714	1.47824271493909	-2.22274434668983	0.289299366736561	-2.20604513522606	-1.95414945286453	-1.58075931716319
K02612	-0.144792942167715	1.62880631261823	-0.237785996031415	0.0554593929292265	-2.17909525271874	-1.75568410557449	-1.4608998601472
K02613	-0.389158574701742	1.17396362596509	-2.32977926833595	0.625613150859028	-2.23926185008507	-2.21514841717422	-0.86683693576213
K02614	-0.254709688784079	0.62181164794919	0.962440251279224	1.40968487944618	0.697222248349379	2.60084322291672	0.0422103102171787
K02615	0.158445986150308	0.984746535358401	-2.53547394378151	-0.0248689225672182	-3.7510566556118	-1.14411422413528	-1.10019555735942
K02617	0.018295319913431	1.16838165098187	0.0142635096791872	0.0105908044816557	-1.94992433425408	-1.2177133242482	-1.08002933907863
K02618	0.826703565357729	1.15156801515576	-2.41280353171791	-1.81075878653511	-2.50492475863915	-2.11568900746048	-1.83885362792369
K02619	0.428658904670282	-0.266108638557224	0.224950133729328	1.37810067620292	0.430325613055418	0.730884017527697	-0.0280848150288693
K02621	1.28601846301417	0.0782734649753287	0.980357139277805	1.53662948098198	0.64005054596443	1.5503560026294	-0.126474649194442
K02622	1.36870679461817	0.0618268149471	0.992236166167606	1.38235191788688	0.885264889035414	1.59805873233139	-0.0516535942589871
K02626	-1.72705760395666	-1.79315344518664	-1.35154426200355	0.70264602985397	1.86015786293526	-1.15373107594192	-0.956555098775589
K02647	2.09809217059474	-1.26138643449786	1.36534410612618	-0.119131045675128	0.131433547172735	1.06530220630824	-0.0119937067067257
K02650	-1.40944257176061	-4.11867360300067	2.60162532227074	0.791935486459881	-1.28330086108666	2.09029701548874	0.102122574564255
K02652	0.491765873669191	-3.35488490289691	1.77460479633843	2.31697325196281	-0.387684359516908	1.86428472596466	-0.0840735142266384
K02653	0.342614324925943	0.393006702003451	1.28013014690911	2.02941362347618	-0.201802312698175	2.03375736075699	-0.179826409105026
K02654	0.480415458022161	-0.0267103565359399	0.659540547895778	0.926139516496808	-0.379481687512209	1.25744371312916	0.153879791017807
K02662	0.16613805496554	-3.43462447351459	0.842564701009143	0.362867658698708	-1.3721127354763	1.4640236814624	-0.0470376615559689
K02669	1.25102248990397	0.0512338774776176	0.954362451005329	1.73749689545646	-0.143008201684763	1.49097377258599	-0.0463317339455716
K02671	-3.33899536526342	-3.18643693155292	-1.64408052070106	-2.50860662970528	-3.52304576274376	1.22416301268399	0.61552104305867
K02679	-0.978263048292593	0.175251622734042	-0.469269097876202	-0.858867602681964	-0.214477866258432	-1.65064093273819	0.396218031164444
K02680	-0.591681031347708	0.176047046718569	-0.812603117060315	-1.29217203173622	-0.270044907297899	-2.35778829258621	0.279804914709366
K02681	-1.67795219814916	0.496114810047121	-1.62497866256202	-0.688232498502582	0.0576319086142284	-2.34818813008011	0.42601099562291
K02682	-1.01106872952123	0.142278363046618	-2.96792018516029	-0.976851420736163	-0.206124439205934	-3.43708869618118	0.260985582586563
K02686	-1.17815843022008	0.476510603961916	-0.579550267290722	-1.24847896609291	-0.139998778071214	-1.80099698704422	0.41938987326268
K02687	1.64479837024073	0.197782863912554	1.38067811625038	1.45169554438606	0.595663801465223	2.03516796428025	-0.19124241221305
K02688	0.0257146676764926	0.329590995845766	-0.753024340700757	0.0710958668233458	-3.6656610810421	-2.081339089095	-0.36721749279257
K02742	-0.997291235090689	0.280100246009798	-0.726903439592969	-1.66906257185921	-0.202439799275209	-2.42816993397415	0.499064415212906
K02744	-0.194533971907095	0.1289674835777	-0.896406770777356	0.429223512971551	0.257935256395529	2.40560797053635	0.119780629392899
K02745	-0.13393947279592	-0.0785422129059121	-0.8170069466349	-0.000653462743609778	-0.156796231236269	0.447775693715212	0.196016937013901
K02746	-0.696162490011648	-0.0727283311510369	-0.450852454733502	0.439099354410321	0.257461742196272	0.727755608142016	0.144854276891983
K02747	0.293689074157282	-0.310131336512594	-0.744256139826428	0.0704501399041716	-0.179215132560541	0.0771271308070398	0.0839385683501133
K02749	-0.839670685888724	0.505143900451632	-1.2859292040583	-2.20698996100411	-0.0198216357491511	-3.58766194981277	0.261366694685257
K02750	-1.19785895741125	0.792320807514162	-0.983886600565564	-1.6357409528254	0.156562209758948	-2.19397207897842	0.298910170313156
K02755	-2.51339760220189	1.27021213346478	-1.42035698993171	1.3509568401815	0.712383464608381	2.48285988169968	-0.231334701660835
K02757	-1.49835625088354	0.849647481975527	-2.00673806769813	0.87429274406448	0.460868195328901	2.77114215689957	-0.359924011412822
K02759	0.296368094323679	0.185759772596331	-1.03660285575355	-0.715428548192829	-0.624265416827013	1.43391251760781	0.170535891767777
K02760	0.26957604491572	0.682365615901919	-0.640431881975781	-0.31327678475365	-0.31523652311783	1.71103760796845	-0.097483844045364
K02761	1.04625570976595	0.837568004665346	-1.52145946128334	-0.268995480871051	-0.403010859455873	1.88715186911881	-0.203145191553795
K02768	-0.932881979109244	0.928589304027529	-1.37762045962776	0.0291212030889098	0.622041240964125	1.99203214246094	-0.0419804756676785
K02770	-1.804496435286	-0.0281811011457726	-0.748705507349621	-0.54509218249306	0.212602630887221	0.267799647629855	0.453652768846787
K02773	-1.35913315212865	-0.184068816664247	0.257352351117481	-1.27912159476265	-0.203140705194284	-4.03918525379837	0.674058764692582
K02774	-1.9118167439713	0.536436219749422	0.432687512505401	-0.400854723787158	0.590634063515852	-1.04406830471695	0.534299104925431
K02775	0.150972040532633	0.355137248573275	1.11922448771035	0.503093294540197	1.39106120232124	0.237445684254763	0.057051330324448
K02777	0.199087830422922	0.661560972270937	0.668025403190006	-0.242703633642047	-0.13339668449383	1.81688055592835	-0.0154325370823971
K02781	0.0871156772361239	0.882976968822451	-0.841491938662182	-0.489625590181201	0.0082771598138315	1.25800235766232	-0.188601851943695
K02783	-0.268218843103842	1.14792950922009	-0.894349576067578	-1.53029127631173	0.0910623042621118	1.89972362119019	-0.460854586694204
K02784	-0.818849352957205	0.327955563602419	-0.82510340316261	-1.64745183501229	-0.335708900656511	-2.13639566105545	0.175100236650742
K02786	-1.35055580532689	2.57255097204206	-1.26169169051613	1.19073103156105	-1.08673845168572	4.55212691623032	-1.39391073632594
K02793	-0.355586258532004	2.42132540517804	-0.921390057634961	-1.38599248442635	-0.601147993769457	4.22040036517441	-1.43278041530009
K02794	-0.463448671461538	1.72107287221906	1.65837323563134	1.45699070181862	0.472287253174971	3.78853920298874	-0.212744772914611
K02795	0.690378191112085	0.855465491352053	-0.0171471248384825	0.444551577532441	0.0767880758978826	2.73409989672959	-0.183400854948722
K02796	0.863916816352411	1.34699662500379	0.752314953971256	1.39145467963234	0.629377917084883	2.92219117480576	-0.527213052395546
K02798	0.240910532115503	1.73771210485456	-2.44666445357765	0.532902182752043	-2.9263176762722	-2.23469921749771	-1.27408620763179
K02805	0.324803652404352	-0.263515117528467	0.918930410313953	1.52473537411705	0.31690333846588	0.677834214747546	0.0346053535902866
K02806	-0.277945427061514	0.211048771676989	0.592389470804084	2.09653083767906	0.208824709687422	0.588866951048968	0.0275930459463962
K02812	-2.29996409809728	-4.04887561029437	-0.430564344954144	-1.02598615202889	0.64796389702339	-3.2443554083699	0.67349931549672
K02821	-0.397549597383932	1.75310369306561	-0.557395816874158	-0.442457990979999	-0.0658472770116823	-0.308844772993925	0.108211904283799
K02822	-0.138248411776022	1.72322722249982	-1.02338719470466	-0.307330088949054	0.0429890590496761	0.1676900704509	0.0211679334605106
K02823	1.6421953161941	0.0215395140027717	1.93889725105797	0.947848779821545	0.458882585797499	1.85802862244904	-0.172443226460182
K02824	1.08713767135005	0.68402256542203	2.02791285412346	0.844747436905057	0.505311236415098	2.05185488063156	-0.0382986967599026
K02825	-0.16544934904714	1.96644469076154	0.728949068951953	2.86657719101921	0.120128602419089	2.78509453135788	-0.345716856900417
K02834	1.77613935077052	0.348815401134463	1.14524119989907	1.28231660809532	0.524365917477797	1.78079113560974	-0.173006430748665
K02835	1.94653234088282	0.00464514368531257	1.68359899418389	1.34416518893257	0.81959749821205	1.70589432317078	-0.0488825147187344
K02836	2.11173626983027	-0.0682592046881005	1.55274712936913	1.10619680371299	0.65927000406761	1.58008435565293	-0.0760263209378353
K02837	1.98326155745844	0.0202661352729514	1.47455704109703	0.670025123024136	0.741276279721449	1.87903264361679	0.0302488501036533
K02838	1.92213234507899	0.158058186111422	1.32872033016716	1.40927289214149	0.39853979710121	1.71133294898331	-0.166481823209488
K02839	-0.62742331421514	-0.104855778577356	-1.08802199466194	-0.459210710859149	-0.318411871161272	-1.00262090367019	0.432087867971695
K02841	-0.459850458265738	0.000867222485513991	-1.11791229350532	-1.38135488543496	-0.522214754786302	-2.74477717083633	0.358672707792557
K02843	-0.326665965677694	1.39576288038251	-0.542293549608838	-0.634198861455768	0.124475308392237	-1.21846124333084	0.141055613275803
K02844	-0.22355481779714	0.0869469838714317	-1.14728880031074	-1.49016209158882	-0.565080925192644	-4.00450345677078	0.216257243868149
K02846	-0.852768568159536	0.204994310674639	-1.12999093635048	-1.14906902823433	-0.397920831408312	-3.77449676197708	0.361989944692887
K02847	-0.648569134832815	0.39047392183301	-0.737349153589856	-0.616613703107684	-0.554292603697588	-3.33590385121048	0.0375603432619938
K02848	-0.760809687735037	0.23131083422658	-0.620508671831738	-0.833955006933063	-0.398827418055345	-3.63922235172928	0.258613496538437
K02849	-0.303178159357504	0.0540810125446037	-0.972116352152478	-1.3745766452311	-0.718820139136125	-3.30650827091873	0.291476875063218
K02850	0.431906016706034	-0.32626877999547	-1.54194390876259	-1.30968876395211	-1.69463191863518	-3.8783418814534	-0.161531091216766
K02851	0.258755209086939	1.38234456354138	-0.404477776121747	-0.146152155732959	0.0373162284270329	1.90085044699967	-0.137606412652694
K02852	-0.207514194609121	0.0294348644590095	-0.510328174662243	-0.569964723920673	0.217603192362974	-0.388630716025236	0.169277995344437
K02853	-1.04447904026647	0.0986269014453605	-0.633401037287366	-0.980842428541034	-0.359505429234316	-2.76083323162735	0.426013320204056
K02854	-0.413533119322256	0.128221412239046	-1.40736365420784	-1.29771204504952	-0.409021511044313	-3.26165601414383	0.349544673677719
K02855	-0.803995041014151	0.301387389240237	-1.3871586333033	-0.91252382311806	-0.195252879824449	-3.79438516300857	0.35114744257573
K02856	0.481088588176771	-0.0468732369566247	0.843720971513141	0.843161118889004	0.85237850311775	0.655507566512225	-0.0830406253373257
K02858	-0.559247163893179	0.319145877895327	-1.01987826926674	-0.84712346110329	0.0865144922174913	-0.823919741331937	0.210142224546708
K02860	1.78212139212946	0.259862323341341	0.776164411473621	0.730610308909566	0.212598354253958	1.57852599221527	-0.173855945948326
K02863	1.78557333552699	0.303547759590121	1.90029036896263	1.33761237349525	1.18423999908943	1.92372366982758	-0.0482736532723538
K02864	2.02042648398738	0.110330899295779	0.740174784231532	0.851887358093411	0.349405602250288	1.52914858061135	-0.117203236106598
K02867	2.21263632380824	-0.208176688474222	1.71762192146813	0.841393304729611	0.836624339852522	1.63993355828583	-0.0177111034428707
K02871	2.17187068068842	0.083380450544329	1.40884375469719	0.77007590022102	0.715292588505934	1.60753348666489	-0.0943261389767758
K02874	1.46983382308344	0.442075450954409	1.97908568279778	1.57408551659599	1.47926010254402	2.28618255454361	-0.0280941431557766
K02876	2.07447633349757	-0.075863580169706	1.43556082146202	1.09293071713462	0.850433663163374	1.71786222058594	-0.0955528025662533
K02878	2.35799905860285	-0.122139329972295	1.44827288286721	1.01775257077232	0.914488748345564	1.68482068377793	-0.0579416458642117
K02879	1.77791854941706	0.199467380580874	1.48154717581307	0.836050463581235	0.623750702176283	1.95918646651566	0.00845026921871983
K02881	1.79554316603999	0.0926742153739646	1.68156516449486	1.28927580800071	0.924307719502638	1.81562438803971	-0.140328258756363
K02884	1.79891023242335	0.311646063861819	1.72815573112999	1.3070240446569	1.16882385376472	1.7348122318393	-0.126889795545303
K02886	2.44885572993617	-0.123130853238134	1.50965630905663	0.939028901720196	0.769703046117018	1.61969897347748	-0.0386447315251461
K02887	1.6066226681457	0.0222521173333839	1.92469668285881	1.02514289107338	1.2307446158268	1.94159719544708	-0.0644201939141384
K02888	1.32448551261286	0.475634475288363	1.43533021109139	0.860166353845746	0.88412226799507	1.70353815156281	-0.0527409915959469
K02890	2.1747858246551	0.0517330067729667	1.61785745518242	0.967125696802289	0.984790102276991	1.69541350203812	-0.146472126725876
K02892	1.83413979613642	0.207487185535403	1.44111835854088	0.995160860681683	1.04993189934273	1.62088617879212	-0.138338417295181
K02895	1.78320095145564	0.243247170982333	1.71937394039666	1.05719665970817	0.650849238667677	1.59379467564881	-0.0887224082982174
K02897	0.857531847594782	0.0656554596996024	0.974592595267642	1.6527054735662	0.89011432293434	1.14202966737807	-0.0497049396073452
K02899	1.60857364737849	0.238563080368014	2.06342244045769	1.54907314267173	1.22477711800117	2.18218663531601	0.0101353819334873
K02902	0.839832278131052	0.897136409816714	2.46063959496056	1.8392780252935	1.82710398796577	2.44180551368057	-0.127951562885009
K02904	0.242529424069925	1.4435814219093	2.87346804039513	2.15378229107872	2.01318933132667	3.35462668734848	-0.115283370498382
K02906	2.23216101729731	-0.111995148422746	1.55496859447991	0.945254040622861	0.662607387337874	1.61635509330094	-0.0881678466832272
K02907	-0.0132823864235441	1.73768933588025	3.06014144318138	2.35153119053856	2.19139649036903	3.3658855279094	-0.151030391935074
K02909	0.862116636870905	1.17183323675153	2.56540977852379	1.74737028565422	2.02386976841469	2.61640945273697	-0.0874356930291287
K02911	0.443409713147684	0.98478658967969	2.22256719963585	2.3056220242025	2.06081320408363	2.97589305239975	-0.11085560965892
K02913	0.287663908837839	1.5354274111366	2.9970639933828	2.01627401795402	2.31606008175392	3.00280943709671	-0.139955342296325
K02914	0.323143365024134	0.74160655313489	2.26336240665947	2.0657823511602	1.95480121735115	2.42326095897019	-0.0730318729912869
K02916	0.609943458972975	0.984703143177004	2.46518468754326	1.95609025444999	1.91794349316139	2.63224140006363	-0.0829031472241513
K02919	-0.968574194075064	1.55848391824719	1.89175474541222	2.95649365868583	1.32830549839516	3.02769985991776	-0.1343714897668
K02926	2.26776060664515	-0.0639736009264275	1.10231453077828	1.00538401093498	0.573235169682692	1.6264919360286	-0.0887228255307309
K02931	2.38986870848994	-0.0887979594493195	1.32626569168602	0.882774812841565	0.749784663949202	1.46643477875054	-0.0753439073598019
K02933	2.32461485469203	-0.079681272568731	1.31057500736748	0.782976014280469	0.626126304898451	1.50174120265305	-0.127786338809692
K02935	0.227075340388819	0.849045475063296	2.42398929493462	1.89451364960685	1.76798929337044	2.62971642810166	-0.031769425157272
K02939	1.61957881057124	0.160606314477892	0.953704534936298	1.31229464497581	0.627728120122145	1.66784879761994	-0.109258592609131
K02945	2.04607770049433	-0.477999458971052	1.00656735794579	0.935739053154141	0.694144324097822	1.3737282474643	-0.149721831563675
K02946	2.13698193633418	0.0865133898830131	1.77406227486168	1.16604439702049	1.04646708134193	1.84797015982926	-0.0264841322934262
K02948	1.70960125529627	0.300430794296236	1.76328933136498	1.51921336140648	1.37183322075386	1.92859128314316	-0.0864206855332486
K02950	2.2342694720016	-0.0447372747087762	1.79162943260704	1.13609848704353	1.06599535110969	1.78893271285355	-0.0482534472977749
K02952	2.0667650421844	0.142682303724261	1.65269648926293	0.940135879182965	0.913408175740431	1.60674342709839	-0.0663764481579892
K02954	1.29450562798838	0.868380029735537	2.2269566048864	1.89504603829399	1.76231040123482	2.47778728801071	-0.051256627324783
K02956	1.49055478179316	0.567617495593996	2.04945862190758	1.58152334179893	1.16410233143349	2.19846978980362	-0.111471266034805
K02959	1.20516035163264	0.599575360355349	2.09314882652794	1.53130094494835	1.32150723103065	2.21180978614151	-0.074233443025314
K02961	1.55517783963542	0.488066752490969	1.64591193096672	1.19714318003669	1.30532170895119	1.98450717526734	-0.0804433827435604
K02963	1.02896863424639	0.82302208715436	2.39846098320519	1.97270934071556	1.71798266533394	2.62976125079453	-0.0440759961640469
K02965	1.96286472880702	0.177969117698641	1.95892691509758	1.37525389876381	1.27855493191261	2.00604364472687	-0.0861738328969113
K02967	2.17393908107142	-0.097335535051851	1.63539087669884	0.989414198064953	0.856587067876051	1.56956240731537	-0.0834904019868008
K02968	0.432226853607698	1.08841176801679	2.33704638378655	2.08516721215263	1.48431970242042	2.49097803431809	-0.237527579549514
K02970	0.404436724422975	1.10832079225537	2.75281608002221	2.33723847355858	2.1163623488285	2.73611048060715	-0.0707551543748013
K02982	2.37904975020747	-0.171151625874071	1.50690913097893	0.86982606139198	0.6916929042675	1.63102773028672	-0.0617296998536221
K02986	2.43741902911524	-0.0944051695490166	0.870631902385105	0.811029834413678	0.63886304262657	1.36407453018486	-0.142100751880371
K02988	2.00640878283839	0.00122775608059913	1.24004387753044	1.26835994210258	0.827816561494063	1.7278485019809	-0.0936602358853451
K02990	1.7409171780334	0.218626161155672	1.40558946030175	1.25663284745231	0.738523081574629	1.84161010581314	-0.13064086485263
K02992	2.23945006930689	0.0102977799749091	1.33122604982888	0.925698054695279	0.884535626206587	1.6987935026294	-0.0721954410111538
K02994	2.18660566413264	0.0462515848254874	1.59498619930779	1.02983794894233	0.87227870586891	1.45984509784043	-0.120703250650131
K02996	1.71306190097193	0.302337308464022	1.95677614109551	1.37224237408653	1.18040944698829	1.93544307547867	-0.0166278188264004
K03040	2.58449980819087	-0.213035630827388	1.25894486801659	0.627718088889271	0.593318299088667	1.18983777064144	-0.102262825254165
K03043	2.45298335158686	-0.171446534755258	1.44539993898903	0.935538632536084	0.680885390076826	1.53871742087662	-0.0346132223641507
K03046	2.42546853625636	-0.164840842547445	1.4629704345945	0.979883594179303	0.624769822392653	1.58144203025162	-0.0322159831559292
K03048	-0.839255599142508	1.69284590059278	-2.08307564361061	0.36942727651611	0.287770406041334	3.91599157649338	-0.810489416602813
K03060	-0.0406151691689054	1.25608309083936	1.63995373146569	2.07440952744499	0.726325944695662	2.52599111396134	-0.0687834625279538
K03070	2.4082367142425	-0.216073417986362	1.21676045553719	0.972500277424008	0.480978832278441	1.63993063765824	-0.065712273601257
K03071	-0.773165969015555	0.525204558906527	-0.706106663775097	-0.761649446821063	0.134147465858648	-1.62141319912613	0.253959565874375
K03072	0.14004409515719	0.983481963214846	1.83338165180718	-0.946567492818683	-0.304104461636354	-0.10684355896652	0.101282566305436
K03073	-0.434282688261465	1.74318476491925	2.47427773373162	2.6504135557653	1.54487778309364	3.04995945292771	-0.11641979265567
K03074	-0.0148889104141752	1.20944209867475	1.19157463209664	-1.1747520736216	-0.31884945866089	-0.263158051192167	0.0337016875708469
K03075	0.473119573830171	1.05462034517285	1.84679806129967	1.99170951333061	1.12719775799293	2.46065607863724	-0.137207091335022
K03076	1.81818947398524	0.266173352537127	0.807726262975086	0.911490840578229	0.726182059083174	1.53315273124039	-0.102516949657165
K03077	1.77679941260676	-0.191897666963367	0.766244291234363	-0.322744922971576	0.572743014130781	0.773346217454074	0.061239540096558
K03078	-0.0359779874100248	0.323342700538607	-0.872252942156445	-0.844536738729328	-0.338963165249636	-1.90321609181106	0.398135154959
K03079	0.0921500643477877	0.396131475505801	-0.788810969423901	-0.892500357961505	-0.175767242278864	-0.973284928023221	0.346578210111893
K03086	2.55272242629389	-0.266168038311033	1.32497984068428	0.929703516626507	0.747210279736708	1.61562338668167	-0.0603685979878537
K03087	-0.484145430685476	0.176818241414995	-1.23099923236335	-0.949663119649738	-0.274960323538591	-2.55260893505752	0.253701596971787
K03088	4.0940152128921	-0.652002016963987	1.59616041080986	1.12258682932869	0.887277976308058	1.26655782955944	-0.15985149193164
K03089	-0.603225258947806	0.148446162281008	-0.780151487421643	-0.749054866170734	-0.240148826803972	-2.12994023960769	0.296623855348862
K03091	2.50721857154231	-0.745748381080656	1.37931531565224	0.461528802031428	0.267632753286551	1.58881858187973	-0.0797048811947934
K03092	0.978168400167032	-0.143991137805013	1.03165888683831	1.555269403124	0.539125815663527	0.832536639750598	-0.0755716567074887
K03095	-0.664530185820059	1.70626040273664	-2.19542324645485	0.383064886295945	0.182820171747397	3.64600470858872	-0.834387362483703
K03098	0.017693730233713	-0.228202308478384	-0.336898387503277	1.3092435428144	-0.153880178298761	0.231939228356478	0.0839979345763096
K03100	2.1678734740005	0.161319454250307	1.03105842964684	0.915270639324338	0.487935737405012	1.73536172705948	-0.13519015956279
K03101	1.22799137437205	0.325488884983034	1.09701239960228	1.27578888621345	0.404448405537794	1.74123379784882	-0.108257920030319
K03106	1.98231253230433	-0.0357367647314355	1.30757343666588	1.0029475518705	0.531485006842802	1.79626652795136	-0.00644576597567714
K03110	1.88719698989253	-0.00485951727869957	1.30064731733834	1.34080092396751	0.755828634534071	1.7875271757251	-0.0912415986096493
K03111	2.11880728804926	0.270114769277544	0.689481287169803	0.830101592207104	0.387453333172987	2.00190589028656	-0.0158036356007687
K03112	-1.47928038036962	0.171251793441744	-0.570126415323865	-1.24588985953316	-0.0689150535724657	-3.16642829579056	0.312412112470902
K03113	0.138810636638208	0.165789623794527	1.12507617371117	1.46630863633171	1.02395565870781	0.779978560388682	-0.203386992696487
K03116	-0.947583941580252	2.03025909238812	1.74284028904473	1.37285284485832	1.26981772545357	1.66082409220993	0.00260969948414647
K03117	-0.103751448751883	0.272543777761431	0.545654619950403	0.109447670841366	0.370029375586699	0.794305252016184	0.0849987561667331
K03118	0.466119589446588	1.16655619913098	1.12833446161782	1.88753644909874	0.848822549615095	1.76036653119385	-0.143796593431198
K03119	-0.999455598951773	0.21755134039876	-0.857390166353833	-0.97211559329018	-0.328204675879289	-2.7869534174794	0.407117396112717
K03146	-1.36669030583043	-1.91446582502368	0.464566356408943	2.17587403740898	2.82509495380897	1.01212266656816	-0.535696149352752
K03147	2.00641724669795	-0.137366617980032	1.29421591656243	0.869089318180234	0.656174496445845	1.4612731655246	-0.0170801882779232
K03148	-0.528767613531546	0.735425968704195	-0.161513627600323	-0.00590463194832169	0.262075573835562	0.880830394209025	0.284314900156296
K03149	1.64430865847926	-0.0488058132553384	1.25169151918923	1.20833401169792	0.477307513985823	1.39411813217461	-0.00919714618083156
K03150	2.15441331469874	-0.0364922685051247	1.52816939251458	0.693478939795643	0.482842103276442	1.32130047875702	0.0156205887759098
K03151	1.61355230414729	-0.342098320784597	1.04213482039009	0.376708460712582	0.269564763341139	1.67951026755631	-0.0702806716000668
K03152	1.68700692260127	-0.406034882130651	0.912180273700107	1.37791286196724	0.394091442856978	1.80261376696884	-0.170654386762344
K03154	-0.606332449079947	1.74382694536206	2.24446773426567	2.6762445398809	1.59636248711128	2.97515216666519	-0.0384755437409512
K03168	1.83203312957148	0.0616800981139854	1.25196391241585	0.901316774749905	0.602583245072554	1.77808270055115	-0.043520004037582
K03169	3.58582815730433	-0.526552538337736	1.2982993115667	1.55564419713035	0.784588352475355	1.63410386639893	-0.200883165482246
K03177	1.97764966094355	-0.160899012299804	0.930041669774402	1.20205168213859	0.161888003978918	1.58897277909577	-0.126521736863815
K03179	-0.420239714743094	0.338155468044253	0.0108048309568056	2.13129369702354	0.13488339695711	0.866149248660204	0.000228791948593488
K03181	-1.88854613697668	0.799410660800906	-0.87723517520393	-0.68639405283913	0.302385673556517	-2.9100994746083	0.349189131971634
K03182	0.0792634805427035	0.112706949052782	-0.106201828550946	0.20974083032623	0.412671462331007	0.767028899968264	0.0800280864203342
K03183	0.94805595481257	0.520559628543825	1.17736947433983	1.87714902844444	0.583288208279799	0.920450167835352	-0.107992411140167
K03184	-0.71748462116857	-0.0792572451257989	-1.66005361182655	-1.41251643214211	-0.677529021467974	-3.22755691212356	0.422829776521958
K03185	-0.545850304724173	-0.0979208228612229	-1.34397328002418	-0.999620275831073	-0.426806970801164	-2.28811332386673	0.37906286072377
K03186	-0.42413893139501	0.0816006856536582	-0.425737560820233	-0.379723923539966	0.51632042292137	0.0147592146998621	0.31829705786351
K03187	-1.06335904991765	0.4834836321449	2.46021318333184	0.820530963802487	0.455495015416334	2.56443610984146	-0.281883806470596
K03188	-1.03593340313573	0.185838748750658	2.3835602988485	0.1181967088224	0.63774569395561	2.42689565020859	-0.223852485898697
K03189	-0.637282637716726	-0.17117233103755	2.1318809975866	0.431564727538973	1.03373469475288	2.34661856490433	-0.158449560884201
K03190	-1.38302174008031	0.474645038185091	2.98316085236107	0.841403944158703	0.980819360051344	2.67091873484909	-0.200701594833099
K03191	-1.79658213055272	0.850951631603213	-1.63655650718177	-1.31786163363442	0.28800050977249	2.91026058989823	-0.549189895871841
K03205	3.53565582835536	-1.00343869155887	1.78269588844811	0.436436859631688	0.742704049382399	1.36492368775666	-0.0775024597680203
K03207	-1.63123836910863	-1.87121550268176	-0.346578062605511	-1.43096550021157	-0.18278923567753	-2.79408642452896	0.605433314558304
K03208	-1.78060617840429	-1.4617832106972	-0.562475920748364	-1.33131762061104	-0.452342464890291	-2.68524429005325	0.726936190840042
K03210	1.06004697286944	0.519692500171633	1.09511536257302	1.6514265963079	0.743421868119429	1.93558380204499	-0.182425365332328
K03212	-0.758461741568045	0.301605184612246	-1.24767208201851	-0.678157525396198	-0.264969899620821	-1.48434087437332	0.294907241579331
K03214	-1.16100659763952	0.539261777935	-0.488056958746564	-0.789640503263324	0.0317447517484361	-1.58531805676162	0.399628370519913
K03215	2.32438489997248	-0.275164338710336	1.13476693527733	1.11286626544014	0.343224242959212	1.57034346658051	-0.141943157199585
K03216	1.5282113274322	0.224148203668566	0.943103103804935	0.857404155397565	0.441419408354948	1.83562210398972	-0.0302017931973568
K03217	1.81780716979365	0.498863418636294	0.936506270337451	1.09585647072807	0.293392465148161	1.74848774272263	-0.18309402513858
K03218	1.96150264346461	0.045751740274401	1.37805920736824	1.423204762602	0.4662370241024	1.71884128648102	-0.109302223209106
K03221	-1.7690538445725	1.8865084248161	-0.119770766329419	1.1460709401609	0.091034047935198	-1.60060593289078	-0.535063654664718
K03225	-0.670730380178885	0.690152187881441	-1.75412261588539	-1.47900624785408	-0.520691438879778	-2.63608166378677	0.0305878813231357
K03269	0.93580398166041	-0.189650419118433	0.836885183024753	0.695486454034001	0.890738502774428	0.545455398142932	-0.0834276084935299
K03270	0.47271627390246	0.875051696834536	0.971899418998111	1.44869248356834	0.738176420960615	0.938919277966616	-0.0826189224755398
K03271	0.378467740653559	0.800553043422671	0.442017937916864	1.4535808393003	0.0774294777550203	0.594833525002596	0.0431446428263553
K03272	0.0997670015082797	1.11646183305738	0.201926975417484	1.49890963521019	-0.153616591658403	0.238344522297976	0.0628618891203769
K03273	-0.0743441859497587	1.33256610208509	0.390020853746284	1.96695379700676	0.201397985849569	0.656106205762026	-0.0108160679375759
K03274	0.195778580544992	1.04977424913404	0.24925014274155	1.70091001477256	-0.1193552308939	0.375660749257205	-0.000136763337813983
K03275	-0.383924333216147	-0.659651736679105	-1.29104685885872	-1.48581321749672	-0.872304125990679	-4.01485129994095	0.288739591356552
K03276	-0.0647544542564908	-0.167969318988352	-1.66618454558815	-0.872394399976581	-1.25082085963707	-3.13745042484939	0.0713925356829532
K03281	0.835992874740167	-0.274272407355337	0.944268672633518	1.41023753371254	0.440111712250899	1.16074535447418	0.00162327241543614
K03282	0.484008455811544	1.23421057039258	2.07003259556328	2.03002612080589	0.757446602616499	2.05538407164871	-0.113988936427795
K03284	1.78605589473109	0.405665774879427	1.01087754862343	1.34688846554771	0.886292592320631	1.54500702220261	-0.162773669246399
K03286	0.103444935916468	1.16233857446668	-0.0547045479532591	-0.754265861844867	0.394460961852263	-1.31881901425064	-0.105188638452255
K03289	-0.250145522715048	0.0737230675792411	-1.4678413878199	-0.78816075835213	0.00706773873050039	-2.17819639843643	0.1504864389861
K03290	-1.32008293068548	0.244217802820177	-0.273255826067578	-0.784905748700946	-0.0681838014386194	-2.5757968108052	0.440230398889817
K03291	-0.228579608560995	0.922257502613039	-0.719465137552868	-0.911306696271747	-0.0340993249080675	-1.72035452526748	0.202314108129776
K03292	2.35267910563807	-0.581521729888944	0.729380576777805	-0.46115435872063	0.0123692366071445	0.734368624270556	-0.0961595480477444
K03293	0.173791023133798	0.839104731616946	0.120361803937305	-0.749166326856464	-0.207318573560526	1.82255241471588	0.0466592307055362
K03294	0.982667239545389	0.281111558017702	1.1096259941343	0.0678761133195463	0.0201287508719069	1.43267694312393	-0.13949233341571
K03296	1.33426532351832	0.280324389276476	1.64305794136559	2.04735223736778	1.14225353363533	1.31830758053124	-0.200586617473327
K03297	0.192811312316461	-1.2092881602669	-1.02770495517219	-0.252472000455707	-3.51583956119042	0.0551087577944971	-0.559706211570465
K03299	-0.0337639728798429	-0.248275387051134	-0.514121414255749	-0.0936169794557985	0.248443931970785	1.2371576001054	0.126306443926133
K03300	-0.13679215109487	-1.98689810461047	-0.0853995691057554	1.25560407128349	0.274262503419111	1.3288314064151	-0.22910554755088
K03303	-0.0755437890305082	1.23049493604657	0.843262850213397	0.297288028264195	0.76122792128105	1.26586903828442	-0.0552870636021725
K03304	-0.786929873587088	0.299486895141573	-1.95160424811805	-1.04406519446358	-0.266505196060945	-1.68367931050003	0.255520134683884
K03305	1.21936568820338	0.215259631214114	0.737526326346744	0.884788227939755	0.270974726114462	0.206796856701968	0.0829598004782566
K03306	0.0232834538207491	1.09209962659833	1.21923947231804	1.1065059134008	0.589564577374647	1.16235850948155	-0.13128054190036
K03307	1.21858862244944	0.658739944038363	1.31739973919426	1.54462711300865	0.844174996648024	1.53285905915558	-0.0898728077447049
K03308	2.11423954570155	-1.16278467601779	1.54015946285759	0.759285969400555	0.493897870812605	1.52081209617913	-0.100081503871643
K03310	2.10912654006342	-0.117987203362016	1.36360937254464	1.27359960761085	0.787672952447127	1.94438222247422	-0.119893521550857
K03311	0.344535024999185	1.51628168397901	-0.0556101809259764	1.52627567734733	0.234924004111479	2.0347303469783	-0.271444514874183
K03312	0.745669873593851	0.604788144168825	1.57966124908959	0.586955776178986	0.64886869553108	1.26119105714619	-0.123173028711044
K03313	0.657013977108999	1.21353681856153	1.32562208073174	1.95783643212333	0.579198077950667	1.38094568449318	-0.20637688088771
K03314	-0.925985006452994	0.175711859998675	-1.32972586257423	-1.32228060278878	-0.491161450114061	-2.66139146488846	0.249250202890671
K03315	0.129915686486765	1.217768509922	1.36893361704384	1.65836111989036	1.08680392864723	1.52620718079865	-0.0767900352513424
K03316	0.0403506478057345	0.674503465232821	-0.0719681392427793	0.239803639912755	-0.0975526117942827	1.79801103669464	0.021421789642609
K03317	-1.4209195653214	-0.552484313907652	-1.47300863368477	-1.03934176478371	1.27649666431923	0.994428014487622	-1.00731322217342
K03319	-0.434602169157461	1.28828533464429	-0.850563169550549	-1.58330007109627	-0.0885930055044191	-2.60935112637222	0.254980831857956
K03320	1.25643882357936	-0.298451918127565	2.32771122353112	1.07033739771858	0.76530803802986	1.76473722058594	-0.049860120300018
K03321	0.76447367870669	0.602765341339083	1.28649121420418	1.52861575570121	0.813848332200239	1.74334672290146	0.00857308458927952
K03322	1.05232003533702	0.688495059547396	0.711910216975559	1.16682438340202	0.307923958335112	1.52623737055123	-0.180230036858284
K03324	2.18248722159724	-0.476113031568556	1.03872913019692	0.68057152416721	0.605809227261732	1.55158409673035	-0.135417372468673
K03325	-0.560791043402151	-2.01380054182055	1.54564869301354	-0.725079851484149	0.855023459229658	1.10438119816839	-0.170565516236984
K03326	-0.269850281835989	1.18713982873914	-0.238772929739606	-1.22381611380562	-0.126468583311846	-1.77063914936722	0.221052795168198
K03327	1.22318861090998	0.557226200637789	1.32811444895302	1.9057492443563	0.808269039426039	1.49137652117073	-0.150143325809204
K03328	-1.66313519871374	1.21078129583356	-2.01584828002418	1.65248577084556	0.873649851117323	0.807847993553279	-0.2055095289981
K03329	0.307536574243112	0.834241588649721	-0.918890715670239	-0.125848489141315	-3.02241419192772	-2.51888438862503	-1.06500735926982
K03332	0.442929612635179	-0.00761657482626885	1.10629737274681	0.550148842597157	1.03012235525627	1.26806719797909	-0.176382169607841
K03335	-1.93932810223241	0.202479352292986	-1.46251285178627	-1.13238807234749	1.93331481579323	1.0857775119251	-0.610345378998481
K03336	-1.60939636623998	-0.210220121030314	-0.786129237246167	-1.73057098898873	1.46278323296089	0.948246630013583	-0.32787778276559
K03337	-0.761838106275992	-1.30361692136767	-1.67906200988258	-2.36926765952095	0.617053226266096	0.293313594639895	-0.296485722545349
K03338	-1.79466476833959	-0.219545364330141	-1.66211211783851	-1.3573590091227	1.67723061207313	1.3251045961982	-0.503983498100006
K03340	1.20298192107539	0.481392999229403	1.31865465538536	1.69087330784813	1.21350766781349	1.14077890116036	-0.125620335820877
K03342	-0.33786704933782	0.974539359149905	-2.35754835708107	-0.042865054941028	0.0695534243025286	3.79201963740647	-0.940512687448227
K03346	-0.415504602552847	1.71291478448865	-2.24129974944557	0.376340774560124	0.0830428904630644	3.60928371745407	-0.997381300214492
K03366	-1.08424666321416	1.21727498346326	-1.96039068801368	1.25237981762901	0.565524176392744	3.9539883454448	-0.746725410703384
K03367	-0.371734170080618	1.80662556463239	-2.28123700721229	2.24911348309532	0.0170591181852323	4.0762753804332	-0.983734816793167
K03385	0.215282859443231	-0.256177416952877	-0.813926578592908	0.307082636022717	-0.282655223574449	-0.408817974745634	0.196337550398148
K03386	1.34177485310893	0.48048218065259	1.16587626831566	1.56762401547447	0.43759106162567	1.00014206032514	-0.122599602225982
K03387	0.644590182392403	0.311086555061312	0.702249928284038	0.754484994077832	0.59135498169441	0.723464759171603	-0.157769650701248
K03388	-1.01618161595006	-4.1619580191994	2.31460237400566	2.47475842919365	0.711653903756331	2.25185886222183	-0.12335994887706
K03389	-0.640350131155447	-2.40351227945331	1.22172015802895	2.06627337422386	1.1414073860981	2.28431979018509	-0.192938417676651
K03390	-0.749787358404593	-3.6336012286568	1.44644898073708	1.84013871636406	0.735823229584883	2.11151448088944	-0.0635384326016537
K03394	0.76483603024344	0.734717209873171	0.463095328677047	2.29224388089195	0.763243273530195	2.17366865474045	-0.457807489219867
K03399	-2.06604495442052	3.21735854917523	-0.457396389078747	-1.57778449568734	0.0821198492087824	1.28768620091736	-0.214450955871307
K03402	1.95248887145381	0.374200542507143	0.708160011935581	0.613751051688344	0.181256309781264	1.91935864287674	-0.254717901829445
K03406	2.13027247989039	-2.50896696275714	0.775382905173648	-0.231722610330432	-0.677053436007311	1.40746024447739	-0.034012735370361
K03407	0.69897746497254	-0.608412454786329	1.11455565588509	0.154581470155865	-0.266115053858568	0.960799651325343	-0.0343695287739865
K03408	0.072436424134775	-0.320638033511667	1.81914174454247	-0.317298131322711	-0.347229167189409	1.53087231713593	0.0294526512587436
K03410	-0.00984170830388464	-2.95154217905047	-0.776072264742505	-0.859853701925128	-1.72937427398186	1.45740270811379	-0.197090164307319
K03411	0.218493940471216	-3.0086753768349	-0.819297791552197	-0.593737559652179	-0.715013488497545	1.31252047616303	-0.206011891845428
K03412	0.24309814178805	-0.694994280996351	0.871927707362522	-0.781983929014057	-0.664255365099718	0.904107542813418	0.158165841814316
K03413	0.909293146966501	-1.03408763832095	1.09465944664513	1.39399914231315	-0.0957712524793642	1.63981417018234	-0.136662215474807
K03414	-1.00734129345556	0.312572856483431	-0.730767251085888	-1.29465146574959	-0.468420430388262	-2.72831007641495	0.301530211683548
K03415	0.774132983921572	-3.51745657152179	-0.446905375551831	-0.830761509275287	-1.56762050029259	0.97517707768142	-0.254130557659828
K03417	-0.0256010571732084	0.280312796173067	-0.608048320841443	0.166083736086041	-4.48969934817772	-2.28144570988357	-0.360571042183601
K03424	2.04095921122889	0.298076351222964	0.733832879829753	1.15136997189537	0.449960694346617	1.57263001996338	-0.0957808797394863
K03426	1.42322477900843	-0.7132977051163	0.333927347231258	0.111246300602109	0.164468810591887	1.03002609887639	-0.00275829482432521
K03427	2.82326707446436	-1.08379719680789	1.05909371273552	-0.173717098569721	0.0154628778584701	0.541753502667544	-0.0786326234376065
K03429	0.569785664020582	0.546229382095309	0.145811020303119	0.182572526598126	-1.42236195441704	1.07635376426637	-0.225363791469299
K03430	0.784289406775041	-0.752988199653654	0.717179878521312	0.707207409405858	0.228349790606688	0.315528186143038	-0.261435568813049
K03431	2.00906238162379	-0.025724346699743	0.933121054339755	0.511700341218859	0.120956667397211	1.52961960631668	-0.101236701492035
K03435	0.169541211961313	0.0454115169620231	-1.32212758166755	-1.3556956819056	-0.759581073489	-3.32126781147659	0.233619898077286
K03436	1.30857733094554	-0.435730586710005	0.4457028423432	1.74109320130363	-0.682725592818071	1.9753209670192	-0.31754373807069
K03437	1.74869248473506	-0.0131384385252282	0.759656666684497	0.911437911653668	0.232253522310446	1.86322096186936	-0.25107358444091
K03438	2.25973293387751	-0.151931292327671	1.24255520002877	0.995343012476117	0.502535954747389	1.63662877875626	-0.103609264377319
K03439	1.93611714446406	0.0985720353698447	0.75347342984711	0.783195776605755	0.366603866849135	1.47242438989937	-0.0809150342976681
K03442	1.33737465941767	0.0553164380168632	0.612588493991245	0.250771833324582	0.220547542605589	0.730567934096453	-0.146149844411575
K03444	-2.34234490788122	-0.527662496032743	-0.555917383265149	0.620042038822323	0.179044828448485	0.976855749369261	0.130233734365738
K03445	-0.719565419317679	-2.02655092901233	-1.27104067904915	-1.72399707350716	-0.983514770235826	-3.10839053791702	0.634252637144364
K03446	-0.729707030416922	0.100437452135058	0.259484856295932	0.125322533512265	0.0432482554354173	-0.306419221579435	0.25752863239888
K03449	-0.0301950255646268	0.996218402919741	0.506217885668922	2.3482827373983	0.157381445799063	2.64189818698227	-0.313578688088619
K03451	0.0451093634353121	-0.448907370629339	-0.949619294237744	-1.51682169947609	-0.502625509466936	-0.671837059676053	0.276891320463456
K03453	1.13666716420512	0.537738104400606	1.0350375761274	1.53987543072715	0.686095789704512	1.93181434470474	-0.125760913375579
K03455	1.49346456134181	-0.569584171237974	0.847876011300434	1.6460681387426	0.389245704446028	0.518752964318392	-0.126176774982177
K03457	-3.85676851666112	0.884229381618471	-1.04876983268226	-1.44540520224556	0.113068402443121	1.40880909758866	0.333070665117539
K03458	0.893859328864618	0.791504343090029	0.0773586024526247	-0.00327484521850907	0.0242924342640144	1.28802386123001	-0.0764357154404751
K03459	-1.22073545849462	0.502588708934756	-2.92052734000648	-1.8766541055201	0.0249718867019219	-3.47247144383133	0.361047535654343
K03465	0.773535387753054	-1.20200363821032	1.76184427635704	0.99399278845802	0.634179905686567	2.24092331725418	-0.0895044808423153
K03466	1.98035773837428	-0.0735348117971703	0.993589936662067	1.10568861451164	0.383831307921599	1.92116335231125	-0.103231609348022
K03468	-0.794478444220022	0.362071295318575	-0.562484146189343	-0.900441961622089	-0.0389605083725947	-2.23805829685867	0.286008864160813
K03469	1.26904311978678	0.0226515727615073	1.19563162224327	1.20857934441581	0.533017770085524	1.53078857261002	-0.0533235077893368
K03470	1.80275008284907	0.0993146198367789	0.9083188761953	1.31076685872093	0.61644055012245	1.46137345033943	-0.0739842956101529
K03471	-0.173164037825064	0.614470501480074	0.893284468818057	2.71657661881462	0.0923381305076582	2.9540373404628	-0.369027216467821
K03472	-0.178269235254721	-0.229156806083946	-1.82518422706093	-2.00810142073616	-0.732789083685686	-4.2692691962117	0.326860218759812
K03473	0.51567553931336	-0.100725005331068	0.970075159240116	1.02447418656364	0.662544742856215	0.65958100754082	-0.13043066907283
K03474	0.421489881514116	-0.0121365142488763	1.7128295888189	2.22666613545433	0.894974366460035	1.62776038247406	-0.0673509841000668
K03475	0.585263701318308	1.07881017499921	-1.15424239737953	-1.00401266131386	-0.756255253519823	-0.635148135840299	-0.0160800521409146
K03476	-0.784182457090811	0.553750534591646	-0.863518596720349	-1.16435344729409	-0.0904531174562472	0.240754755318759	0.387121110674179
K03477	-0.479222206236319	0.106321533260317	-1.74358546836342	-1.4315150550364	-0.386584266390611	-3.98245879810989	0.311073570963181
K03478	-0.607628254057364	0.499734361705752	-1.18975997073616	-1.79782052550301	-0.286263122525026	-3.69036456745804	0.21460118841771
K03480	-0.317298499704794	-2.1907905740166	-1.36762762172187	-0.263126867151111	-1.18348203536492	1.47916290360749	0.00726005386952244
K03482	-0.52534594929357	0.368047972259493	-1.45767819983925	-1.2102597526072	-0.00666896935920889	-2.98249122303665	0.200013070818222
K03483	-0.496569303633169	0.52663548761365	1.44276618855034	0.307599959635884	-4.03315971728783	-2.7293145338887	-0.41376263975706
K03484	1.00258103215556	-0.146516072514085	1.02242916719948	-0.256703513002246	-0.190501838292887	1.85110476809799	-0.0388012533223263
K03485	-0.776261953474478	0.282386411962481	-0.892556787562024	-1.29662831339821	-0.212565674748232	-2.64803668659866	0.357083290334977
K03486	-0.898747948767141	1.52961726957318	-2.30241477591957	0.184461576604993	1.23352159622688	2.89522436457932	-0.519021526459419
K03487	-0.893845466734366	0.435406823692293	-1.0967932949778	-1.1209475568293	-0.223318442072679	-2.9750888029927	0.349915235754288
K03488	1.07503217661242	0.349100847778292	0.900205164122928	-0.396779077386707	0.221292123828123	1.02307060743928	-0.0610065465008847
K03489	-3.27829161083837	0.123294194278689	-1.7270103703257	-2.6521565488337	-3.64910267230492	0.449924083531497	0.634998291250504
K03490	-0.378732291819052	0.33511116081235	-0.853520394396435	-1.48353202853188	-0.699678822722246	-2.73422977131546	0.0203150207960971
K03491	-0.524419931532339	2.66947122388837	0.131318210530628	0.0113786288739745	-0.956327065195848	4.06117585498154	-1.34715893912669
K03495	2.19166907870631	0.0729261832809165	1.37823170321022	1.09179691758171	0.666188553605269	1.5526154358989	-0.107246608022415
K03496	3.24209127032618	-0.193705736609726	1.6081194867376	0.678820682430417	0.876295820508192	1.43253132897675	-0.0917976503407589
K03497	3.29135427081446	-0.431423108043699	1.53965771095787	0.724236307406575	0.54098911646385	1.49396926361382	-0.0927604739701382
K03498	2.38288232886653	0.00298676365372688	1.05764031307732	0.718858627343327	0.402392045293043	1.60444435674011	-0.144887418035232
K03499	2.92534718119959	-0.17693897611144	0.85649478333031	0.915552330875546	0.30462928179283	1.53486946421921	-0.147924513105117
K03500	1.20454505288462	0.516249676284762	0.750363140273441	1.41544012513176	-0.0191347518227595	1.84485289651215	-0.117720544818603
K03501	1.87353119456629	0.0979594784354881	0.396485059428562	0.543861305081994	0.159647361073683	1.52810225087464	-0.14852553654071
K03502	2.13617369735102	0.278484751520129	0.92228943007027	-0.259034233426898	0.181299850974272	1.52927670079529	-0.0499669616257779
K03503	1.03340491855006	1.38843472772595	-0.491601408552777	-0.934567885732501	-0.140269219245722	-0.180044142424467	-0.752585053924286
K03516	-1.8894254246964	0.948981245098086	-0.654576064180981	-1.64001317534432	0.29422934416313	-2.99462529820144	0.390998512026108
K03517	1.58221480452876	-0.709518472614317	1.08824616568123	1.11936585392967	0.312224403653334	1.07586952123105	-0.0328512792622677
K03518	1.28194788300852	-0.105449872972994	0.152755766082157	0.45671590577975	0.354280874762724	1.52103376585305	-0.064798206571304
K03521	1.8088806589828	-0.182342355089812	1.0131800760511	1.13217149462715	0.763462916646193	1.19718137580216	-0.0643778746163479
K03522	1.825341912149	0.00832063430306465	1.14006113903557	1.2578588553907	0.737202957902144	1.23507763642132	-0.056477517369949
K03523	0.844245242117449	0.928519805011721	1.32277589933907	0.882769567632825	0.344238833222578	2.31048444110214	-0.182229653481208
K03524	1.70963427626948	0.334559639034243	0.793708561826099	1.69915656533256	0.545588806901167	2.02512994605362	-0.197096050265991
K03525	1.90269980037074	-0.251796538891821	0.801301120686878	1.34438179221168	0.147236489389132	1.66808709698975	-0.105827272418701
K03526	1.82118162715296	-0.0284363282347009	1.40177351133858	1.26934818711296	0.668476120267103	1.56765929061234	-0.0737722520863644
K03527	1.34024843776087	-0.595483641090421	0.725386827159274	1.03117988791481	0.22441099647064	1.03573321654707	-0.0382352774178616
K03528	-2.05606475269933	0.769795616207094	-0.754389287066113	-0.408177452421039	0.163787812624167	-0.860374776541593	0.306221395250595
K03529	1.25859883630137	0.435290594634981	1.26516193048989	1.02088980164543	0.444176629815291	2.1544368584758	-0.142001539949142
K03530	2.01187870108943	0.183361609516115	1.359656750131	1.41165058102623	1.04840554359932	1.9639501889354	-0.174082503203117
K03531	1.63971206748347	0.232009817895861	1.69592630760704	1.45811025586143	0.921418265137861	1.83419016200363	-0.0912353699242703
K03532	-1.30382326042791	0.666497905788393	-0.457492233347546	-0.572685914373248	-0.0661913448236483	-2.32077333134353	0.355195730444229
K03533	-0.699879554869131	0.546164889869662	-1.17677915198768	0.253588689232022	0.0165685533322794	-1.34307023686111	0.129936426397599
K03534	1.13117733800273	-0.107130008699922	0.452338344323982	0.510520752260238	0.741890803609083	0.154857548058627	-0.196414337042534
K03535	-1.08776178753515	0.390297134456606	-0.768051625322949	-1.16701550993904	-0.173181235160639	-3.69584581059158	0.41452714752797
K03536	1.62087127768855	0.477869768676729	1.47126608984505	1.62555102791801	0.603775576386641	1.99332615929901	-0.227595106247627
K03543	0.237923326133295	-0.0910635692501351	0.0954101373437533	0.0607065984250609	0.0493890649415952	-0.0255416313999914	0.161257892366684
K03544	2.40729055011134	-0.276787052812605	1.25378966228997	0.943485690021664	0.649478331837843	1.42852857905686	-0.068125159028732
K03545	2.50004717910151	-0.265138483556537	0.541530347335685	0.936798287296445	0.0366668432727856	1.50666803318321	-0.157645792249405
K03546	0.586546271270617	0.895276506481142	1.01948165791069	0.886048508548886	0.799383536610792	1.30257317620575	-0.0983720724618069
K03547	1.44233992898326	0.303196569023104	0.512257164250661	1.32189856257454	0.315305278334807	1.55921337205231	-0.120212257388794
K03548	-1.62176051533361	0.402790804443331	-0.629024029802929	-0.978684025144428	-0.0373980471156138	-2.01975771588028	0.350443034883774
K03549	-0.212514547468619	0.285283972558947	-0.0734951506372801	-1.47957618746743	-0.192903249826242	0.470559986413119	0.357791453119553
K03550	1.63569006526332	0.275358428297015	1.2651491750959	1.47433535542503	0.483766928944777	1.9303859193927	-0.162130117896759
K03551	2.18564805590968	0.00558658414837868	1.54211425678765	1.4616039225103	0.78691710594673	1.90783754187882	-0.0562176709210507
K03553	2.02113995158534	0.0236298488950446	1.68492209808861	1.27700887408271	0.841352776322554	1.84725961285889	-0.0318044130837551
K03554	-0.364265112043814	0.525460501251192	-1.01961279017891	-0.935044007634967	-0.357088997330477	-1.71252605122268	0.165321319814957
K03555	2.09401986205439	0.0347141521548942	1.24084216253792	1.21263091053978	0.574721649918745	1.62754938203156	-0.127040625098907
K03556	-0.342193094850973	0.0324106561517432	1.30100268023049	-0.476007418966144	0.404913947615812	0.357746752083895	0.233585267778672
K03557	-1.12059035694738	0.490872939166994	-0.784419537615429	-0.904673533773273	-0.245531483855058	-3.48174401920974	0.322255640741623
K03558	0.514659987925096	0.0416142242526725	0.615740320551742	0.75776077594772	0.5192335105278	0.225952239812014	-0.131323576453888
K03559	1.13559910857539	1.46425898843762	1.36974614756142	2.24389152016655	0.303978935513685	1.08452927890479	-0.140455306056701
K03560	-1.1305611411347	0.277815540370913	-0.242442072462689	-1.46048183951363	-0.322304054465105	-2.86586758297622	0.359721034284867
K03561	2.00318107211451	0.643957336482973	1.02233958141838	1.76530973401085	0.516760245595167	0.882081793726084	-0.113072485212051
K03562	-0.544985441328482	-0.0438594175005242	-0.476612807345044	-1.44389374766335	-0.749962612356951	-2.63600370091141	0.294375389334
K03563	-0.83147433197637	0.907415350017519	0.436177088785518	1.0009989568235	0.972076193127821	3.15536621409714	-0.357972130659782
K03564	1.75508210265498	-1.00416604703906	1.17107725040947	0.198592586183697	0.419768468175123	1.21911314326584	-0.0285056536233059
K03565	1.58822456204753	0.228630204734774	0.879056661296237	0.869746906423718	0.0843528850712282	1.5926722009784	-0.221320406082832
K03566	-0.57624128258367	0.178905119237871	-1.35282003982032	-1.30329938445076	-0.332481398548891	-2.14409825009048	0.279797404524124
K03567	-1.32493427193304	0.63689817958829	-0.791582704615246	-0.845026331281513	-0.00675388735156233	-1.73365136784256	0.357962816473282
K03568	-0.132488218904928	0.0375909256314948	0.521539238188017	0.0351117679120604	0.277988657984923	0.190660329640505	0.148476331945694
K03569	2.4254543503509	-0.680971394243269	0.873064963984836	1.21467439618126	0.679267004761885	1.41516873437226	-0.0798705225026242
K03570	1.11405089700083	0.659887869892092	0.660748942661632	0.700295937919766	0.26946692231674	1.26216505664646	-0.100527346614563
K03571	0.429247530339762	1.1758539276695	-0.683453441691052	1.30457816805854	0.157116756472777	1.73556497889817	-0.204800993684494
K03572	1.71244988047938	0.241391767797442	1.09662341969048	1.3063754865171	0.360851929221342	1.79923615056336	-0.132123351577484
K03573	-0.55779793656011	0.0971680777644828	-0.813966632914197	-0.816956358289569	-0.184708400931169	-2.65586253803909	0.309054702039994
K03574	1.99448773467402	0.595142503318758	0.626242793071617	1.30017618622795	0.431341842446516	2.46184018451035	-0.277377918842994
K03575	0.965794952748819	0.888670046863528	1.00617658989464	1.86144785370842	0.635641113553236	1.8649185617572	-0.117411256316864
K03576	-0.359985975386099	-0.192837250369219	-1.20540523631538	-1.04318030390725	-0.510107978548815	-1.96993657749832	0.386639862772263
K03577	-0.946243313909964	0.45966382795331	-1.22585523230995	-0.800805406904071	-0.287562295164873	-2.49060055416763	0.312957733389176
K03578	0.0958655794845065	-0.15667780018094	0.483632641750921	1.23074714627281	-0.471526607241442	0.766169132769702	0.160534172769822
K03579	-0.0458506623520414	-0.168892449649601	-0.00568425757850322	1.51007990326896	-0.175946413841059	0.28892699080765	0.0970226819479831
K03580	-0.338869897486166	-0.100645082953005	-1.12781500918831	-1.24690123114571	-0.583004459109117	-2.29512926739395	0.349530249353684
K03581	1.74320635402064	0.234395404396029	0.872512935567249	0.866352153682858	0.326973006758879	1.83877775269806	-0.216937721255981
K03582	-0.534422663809256	-0.0421516699219033	-1.08512711627449	-1.3189103177546	-0.566981478895952	-2.40282079380691	0.390241056200302
K03583	-0.646977333189444	-0.0168254924440667	-1.16550445659126	-1.38199730429634	-0.520211323466112	-2.39451572102249	0.404440134283341
K03584	1.74335000121455	-0.22510819411519	1.0279934396032	1.28529707875267	0.214071483049582	1.66438475447953	-0.180190980914795
K03585	1.84862336718897	-0.164608004453211	1.41284990208184	1.77302638974205	0.852173701558302	1.18838234442532	-0.130802274230682
K03586	-2.16461387074132	0.844435294208498	-1.2100551138636	-0.0853607228754457	0.279739365611265	-2.82294270199478	0.411298006292618
K03587	1.32107505404811	0.323212881622286	1.00308513538872	1.41479305710807	0.152001135680865	0.811007814586756	-0.0300568347012631
K03588	1.19234380328517	0.703209956226321	1.58193325893914	1.97747878518119	0.790186122689436	2.17203739482224	-0.143109649900161
K03589	1.25397655570368	0.451151986656161	1.05306482212578	1.45336173262611	0.203726381693075	1.46331113773644	-0.113318503383361
K03590	0.893876167176767	0.314663370189638	1.255881546903	2.02217618908897	0.680220381055067	1.74263069230377	-0.162787646535598
K03591	-1.49099865353246	0.629019756851168	-0.10231185061897	-0.267261879777759	0.1656177795269	-1.32619377773941	0.351226359125412
K03592	-0.432871965528921	0.252511312303515	0.329075931477893	0.0643679329396788	0.221976400051306	-0.694196311652067	0.1774559910262
K03593	1.09627104008059	-0.266132104160814	0.961369304824222	1.25393430676475	0.730078355107496	1.00753930035293	-0.0328255896603695
K03594	0.345890345214411	0.140871305999728	0.732707156706203	0.614585069680363	0.729252175126265	0.433024557412264	-0.0943807070290676
K03595	1.8568885048614	0.145841409502001	1.17628234522377	0.561665778720528	0.776825860772322	1.41748038131058	-0.106825531009399
K03596	2.08327719771723	0.0146339284753516	1.38333475487267	1.34789661850944	0.833979562554548	1.80480417805969	-0.0590957706009976
K03597	-1.27868845856328	0.325050671634646	-0.541787386965405	-1.22232933554634	-0.0548035272620218	-1.85920044583023	0.3627028162444
K03598	-0.677282122732596	0.175926824150057	-1.07016658885444	-1.16680510554299	-0.391580715145876	-2.66561814945877	0.296959429498947
K03599	-0.870134858252005	0.187392910060854	-0.653291345667492	-1.43760188136086	-0.280785425867845	-2.37237426441849	0.443237989660538
K03600	-0.906173733831839	0.219528664884539	-1.00613999469246	-1.0090981296061	0.00842155951638048	-1.69724103611648	0.291707306619919
K03601	1.33607676827769	0.300636430320711	1.05940657751595	1.28432576146141	0.479784861836622	1.74069395858109	-0.0613062088524929
K03602	-0.200839666487173	1.51756211095807	2.43482959167992	2.31320552315727	1.52137281063576	2.95011154013932	-0.0906654899155728
K03603	-0.495178965689139	0.0923625724887565	-0.941087008547436	-1.517986374235	-0.629664405550768	-2.17521473568619	0.258433073278702
K03604	-0.281998602510885	0.0221268581723884	-0.960531831812512	-1.05423684630379	-0.654290124144365	-1.61914726895035	0.176491647478379
K03605	0.363474475382372	0.983749945697756	-0.0920861969705931	1.78185920205131	0.0886981456317407	0.60926732617676	0.0272567267382511
K03606	1.01557842099528	-0.57170561975482	1.06258815424477	1.23491255726829	0.965183929238508	0.79380718070328	-0.181469604853355
K03607	-1.32981207764287	0.459766407546969	-0.533593059610974	-1.09795566115364	-0.0451425903699892	-3.18566056889236	0.260506301637925
K03608	0.64733349361877	-0.453909586133985	-0.773227931093823	-0.641264753675311	0.173023805651854	1.63081130582154	-0.143175483230316
K03609	1.39460399949412	-0.300315770270853	1.08310639755761	-0.947911577558368	-0.104787408675958	0.748516263545153	-0.0451025073563687
K03610	-0.0701613703980009	-0.165136071803598	-0.587103129458081	-0.812990026807636	-0.451793923344423	1.13718778836787	0.160549371954239
K03611	-1.27860143578191	-0.291147055985956	-0.746137977671277	-1.73742695364937	-0.034814602997114	-3.77607938450516	0.536613970514572
K03612	1.37606039845805	-0.564464013042478	1.07024621861016	0.990920943880231	0.282061637077521	1.32112395960152	-0.133540392402374
K03613	1.81706890666346	-0.764889280262022	0.895466684270252	1.09664575543419	0.48714013460655	1.53796735602677	-0.0975345079934231
K03614	1.67620107734065	-0.556614707174329	1.03722250359093	1.24179039683357	0.462207660708616	1.64825216132462	-0.176489532474243
K03615	1.77864298426966	-0.893795470657377	0.821681677270282	0.800912303590924	0.340778664384077	1.26286542612374	-0.0744143133198849
K03616	1.36043146455149	-0.610778163137464	1.04824364082848	1.04428134646431	0.390915349755476	1.4116958399421	-0.0525022153889767
K03617	1.81488582694392	-0.622826407613783	0.929144143033374	1.06484566416755	0.738713578019331	1.51492187577545	-0.13848930645343
K03618	-0.969943431974844	0.445263763008089	-0.785991192888867	-0.615265803670734	-0.145413457717707	-3.47252580326736	0.260112612959183
K03619	-1.08437636292119	0.409650047359438	-0.600686312746655	-1.04500468287453	-0.18583050307255	-2.90448638600052	0.370056300874985
K03620	-0.306173709989981	1.42083056741712	-1.03381240470375	0.127321583891064	-0.0970494740865725	-1.35643145245254	0.0754888648951419
K03621	1.54509595239024	0.164619316396685	1.00947940247094	1.42894612040535	0.363560066256712	1.93734601336777	-0.15738835978862
K03623	-1.29428401386877	0.509631832179995	-0.131812990736615	-1.05997772726998	-0.229579552378465	-3.36387511891067	0.337786942240036
K03624	2.01471886241297	-0.0111336511993691	1.13035696642433	0.802921397352368	0.68556429508705	1.65370068150818	-0.100537330392563
K03625	1.78487977588038	0.144982566175433	0.744556202459682	1.20520220484749	0.208507627878378	1.56405261355698	-0.174648449305259
K03628	1.69987485015254	-0.380273009600668	1.1009845723394	1.51435093369499	0.659499899182509	1.44327950674355	-0.0689581637417904
K03629	1.85079452597956	0.265226771173449	0.85153433578049	1.34841529812828	0.235546559724997	1.62077006894409	-0.131138235810959
K03630	2.01645085418086	-0.221398166331081	0.827876864838947	1.01716260399833	0.369778350625227	1.242321493209	-0.07968387055751
K03631	1.62724480235438	0.152966310319872	1.02340823309456	1.50171904053703	0.351688579354475	1.75936851102173	-0.117729068282806
K03632	-1.41526189243932	0.780484874782534	-0.70260584456886	-0.486995475625842	0.250221729908178	-1.29119130772293	0.380105286356247
K03633	-0.510554699064688	-0.0848925811672494	-1.57980764014686	-1.0305311254023	-0.555635257925798	-2.33766767185867	0.297359138246811
K03634	-0.642105249525503	0.144056637821169	-1.00262737376655	-1.54002304587349	-0.602596088614275	-2.40059539478958	0.239543467279709
K03635	-0.385316101671652	-0.00285741216185539	-1.39459645850624	-1.51884360823616	-0.458013250794222	-1.69577213925064	0.27724310707692
K03636	-1.61784830486913	0.702395995197268	-0.208044529986035	0.13023061838165	-0.0457894050739306	-1.32410904568374	0.493362158056534
K03637	1.49849721991877	0.112069656190844	-0.0798211704012266	0.836697114372403	0.33153568271179	1.37156838375389	-0.195597902420723
K03638	-0.841818956495718	1.4287561970329	-0.975943685602795	-0.545594649648517	0.253678024444769	-1.86858460110367	0.199952512499131
K03639	1.18494400584559	0.351706882057162	0.124837844539035	1.02050785508171	0.160093561444472	1.16772438782513	-0.119027913097107
K03640	-0.923516420484976	0.343532462654085	-1.03605306251014	-0.281835871076434	0.426195517811964	-1.91112276714981	0.137954920049942
K03641	0.422007890580698	-0.280275943639307	-0.645806194376599	1.15531985249534	-0.113539590802004	0.883139224827883	-0.173942357782089
K03642	-0.0357401052727262	-0.351249585809736	0.91022169487511	2.33226363148704	0.156127550337504	1.01012039753854	0.0355869526827701
K03643	-0.633218077780203	0.0522372024631217	-1.03445398910011	-1.16668613467202	-0.343700900044252	-3.68280479115188	0.225721030947007
K03644	0.582664456381007	-0.0834788782024667	1.45541304247414	2.06483118023887	0.703112140927504	1.25832417804062	-0.0578408544098965
K03645	-0.611737875105337	0.078677286443682	-1.47680258853401	-1.47859664473519	-0.423316343989183	-3.48395606678665	0.375809698816574
K03646	-2.08305683529516	0.384185095367403	-0.777307272982251	-0.885203795766681	-0.097370758023073	-0.984727350890043	0.272032230612076
K03647	0.23233249986033	0.858823855457278	0.00396454231773702	0.335635242724568	0.0498890603669388	1.99993846017182	-0.165863931659423
K03648	1.76348862254481	-0.412036727132826	1.0391970266584	0.730046016836316	0.532500342164229	1.61624017554581	-0.0824995641743771
K03649	-0.795918492437796	0.0792677598571494	-1.31709849936927	-1.55746908698067	-0.159823089208414	-2.09102007549942	0.420236855264939
K03650	1.92426058852534	0.159213800964327	0.928127943444599	1.24020091977134	0.269437492523382	1.57546737986862	-0.172568843249046
K03651	-0.658931163908438	-0.0259246183061883	-0.716666699480664	-0.752411322927326	-0.2100534730814	-1.86216065090835	0.333024411913193
K03652	-1.55342379009862	2.31988879018781	0.315682633686412	-0.717554645871967	-0.406883850064089	0.914094651222823	-1.31806835580226
K03654	2.39573154055934	-0.177122260394125	0.918257473874439	1.20188419308677	0.555434063706587	1.14139981764614	-0.0915594701802365
K03655	2.84587583148341	-0.550811718168287	0.949281482863773	0.609879566097409	0.402160302434157	1.25278474587261	-0.106563330177032
K03656	-0.439952758909659	-0.0236308229589745	-0.958519221377026	-1.35935862574562	-0.541845365729143	-2.32728501957596	0.386860280748642
K03657	2.36046800219874	0.150488485631914	0.965202330518115	1.17491255488411	0.152008459601591	1.4729297478801	-0.0730062429940335
K03658	0.0205853899703463	-0.330391439559488	-0.865885616373669	0.0290311404706541	-0.0874131017587679	-0.145000306784513	0.167183786150254
K03660	0.894995602010294	-2.89593080705646	1.29857689039742	0.560105537736565	-0.488484784331133	1.6327300389415	-0.267903581742012
K03664	1.23561760985713	0.41472734981534	1.2423831214193	1.41620836939827	0.810341671738814	1.916707785905	-0.0696752970254055
K03665	1.9562674483047	-0.330703976514368	1.21195381777321	1.28588609185234	0.717456833157728	1.70569703179657	-0.102832705262863
K03666	-0.948093680502371	0.727030594882937	1.31933087008034	-0.492562549447864	0.083581705275963	0.391509087861178	0.181307106729782
K03667	-0.151123730303244	0.298868258533449	0.0221412469628939	-1.0751267245768	-0.440795018639376	-1.68572851818741	0.25689718079213
K03668	-1.18549087441106	0.671054680881472	-0.934570313524853	-1.03458102259621	-0.269863053526689	-2.06085726422012	0.206572979208268
K03669	-1.04136898911138	0.21782543235776	-0.843708158564221	-1.08854682955727	-0.24340812798958	-2.34570976895035	0.353644817587174
K03670	-0.559632090689139	0.0807707207774833	-1.05700254542793	-1.24340971026406	-0.674182995524217	-3.8867647330159	0.295644372221268
K03671	2.30808863246302	0.0659699636077598	1.16948252813851	1.00112662997261	0.443321958813856	1.85704574185669	-0.116412878516876
K03672	-1.32303181088109	0.603345413742037	-1.16011679275001	-0.228435950612872	-0.0475848459861773	-3.29542228382766	0.312267809625901
K03673	-0.478419212461905	0.0111939805125907	-1.00455439193214	-1.19535191569313	-0.325661822523882	-2.59402701061905	0.43249383520726
K03674	-0.985182909132437	0.362710495529146	-1.49470329387153	-0.475777166223377	-0.487162812914659	-2.34544536274612	0.213893204447068
K03675	-1.15005841648717	0.755904813346834	-0.732750774454724	-1.07967289004311	0.0551856147833568	-2.77793642681778	0.236116080995835
K03676	-1.31568279659887	0.304632921752901	-0.560302377771985	-1.25502224478707	0.0585554751344425	-3.51575442951858	0.421982198473252
K03683	-1.23514559662481	0.844858487186404	-1.25842106444801	-0.837508159017413	0.317587063346098	-0.577205506979825	0.11653229546193
K03684	-0.0550050417198698	0.07431780272481	0.925846963096012	1.98425976719871	-0.154167338576128	1.25565070110619	0.0530089731181034
K03685	1.78402719104151	0.194495041904421	1.46723765032326	1.06641129937187	0.5019055164196	1.63700959283173	-0.100869268659317
K03686	1.89195451342921	-0.0181656134748742	1.09758239882027	1.3167714306356	0.429577872786711	2.03399089175522	-0.0598674123322598
K03687	1.6968873461471	0.314702351627322	0.994956224131931	1.26652501311317	0.481431648764799	1.58753904897034	-0.177074179533683
K03688	0.856758954165979	-0.28212762898448	-0.663319946360241	0.0320225485803191	-0.410042240586092	0.993527667701838	0.099588840719498
K03690	-0.376401094557242	-0.273851036044388	-1.14479696853126	-1.34173090968117	-0.602686866488268	-2.22832676571548	0.453276425119675
K03693	-0.14103016054769	1.25079973512647	-2.51819074256385	0.244013813996464	-0.231145992245485	3.69485834437668	-0.9219371979272
K03694	0.321220221160456	0.152820517358752	0.937638013530124	0.522213810795695	0.77124293211479	0.166916163743136	-0.0277397041356198
K03695	2.25795838439326	-0.670136908950834	1.15829789536034	1.04944376435295	0.590491012368391	1.46147373515427	-0.0155020360982052
K03696	1.82135924899439	0.0518205957984641	1.52946185963188	1.47675119128242	0.548993781838606	1.93069866496384	-0.145696044448578
K03697	-0.518579153181509	1.95755596929547	-2.23441302878822	0.572522056961209	0.276170418296049	3.93685654002487	-0.909098357442581
K03698	1.01178625428538	-0.388488213481931	0.13135480778252	1.32690368380561	-0.00411694061379606	2.06101039248764	-0.203426644686424
K03699	1.16959884965281	0.500262160835238	0.971312551665653	0.559253742659241	0.22825783554096	1.84318879443466	-0.162965268377029
K03700	0.595912034785851	0.102489014205904	0.441915738302816	-0.179032223558277	0.535399452481459	2.4025545437938	-0.341717817369663
K03701	2.41784343325953	-0.153279109808235	1.54890119926964	1.52180556740776	0.83007420662422	1.75115665990174	-0.076792538646423
K03702	2.12209567630152	-0.060982759060888	1.56263458626305	1.11063496556297	0.64404441479225	1.76191213923752	-0.0255012815034024
K03703	2.08745250308375	0.0945768850421622	0.992434292006839	1.13146553721443	0.565118745598982	1.63510456878006	-0.139539570096695
K03704	0.781561019061609	1.53949650102613	0.946293978858341	0.684419972562939	1.02440448168297	1.31902721720993	0.0191501076186069
K03705	1.3837502320991	0.39553197198865	0.999266235995639	0.945552540683896	0.357424006495665	2.16842082339585	-0.130255014184677
K03706	0.933023752807184	-0.344739670815496	0.636914118099559	0.249082116151005	0.874623314175795	2.18895486193955	-0.272565305713379
K03707	-0.860493926168875	-0.692891041698484	0.474465505126465	-0.428039090967029	-0.574338837828447	1.29459163743317	0.349323838468827
K03708	-0.322621969343619	2.31057782941815	2.2533534754995	1.67331687893882	0.857958630356978	3.19103005725205	-0.626761898878776
K03709	-0.385772792459921	2.03331156545636	-1.9723750363108	-1.44481773886666	0.142789669964503	4.29179957705796	-1.33381965804454
K03710	0.893247040151163	0.577858527240725	1.07647591726815	1.70079831566826	0.457397983107756	2.23960951167404	-0.302907884601318
K03711	2.14249703490595	0.0843998091792777	0.344404294062007	-0.0776823333261903	0.205530867610167	0.967899346829054	-0.09109082866069
K03712	-0.989389685751394	0.248616804418536	-0.529015422892224	-0.931292252874225	-0.314325466122438	-2.84168931645096	0.299137442823685
K03713	-0.43841865456243	1.78609093004224	-2.22239625556434	0.152562154197842	0.377725467715452	3.84140137034714	-1.00059565949794
K03716	0.175109090446039	-5.21526340669635	-1.69772899253334	-0.654623465871662	-1.90033744212609	1.240259470523	-0.0376680498158566
K03717	-0.32815459168096	0.00687724822518379	-1.388574362826	-1.61359496626839	-0.604446395602037	-3.93123313587845	0.224357276674546
K03718	1.60481462085108	-0.476640592279463	0.588823183346141	0.527388790363223	0.829754785332869	0.458047660172579	-0.104996473077499
K03719	1.49259200894694	-0.511952499809293	0.0814134468320498	-0.174627559518665	0.131280005607794	1.12955837148487	-0.0241098408734433
K03720	-1.74154177105565	0.717297633228274	-0.517689586710583	-0.424250142907947	0.197381213936995	-2.07146450680435	0.322042613741196
K03721	-1.01519301331182	0.381840665874453	-0.814506770205151	-1.42409129652962	-0.162498831119348	-2.16709729832351	0.293419092413224
K03722	1.76521656119685	-0.6098060411835	0.253173067140926	0.499335933217556	0.038043758995871	0.742079289734957	-0.00506174612399257
K03723	2.06396743857722	-0.0116449547434136	1.13586729662453	0.978783918285519	0.434114501509855	1.50921148258507	-0.0544412140881649
K03724	-0.722597269178824	0.374183197555514	0.279320030379642	-0.0662047437189516	0.120383084449957	0.722823383391497	0.246239691492356
K03727	-2.0923599282517	-0.406544501843481	0.476639413181294	-3.77530928168282	-2.48079369899254	0.659903826296923	0.703535288091935
K03732	-0.358945635916189	0.0377382832145408	-1.35735392672981	-1.01948018584236	-0.323587521281053	-2.24405905407608	0.301094322916306
K03733	0.76060238683085	0.100795348224612	0.880337624717105	1.36769626822487	0.50424806836624	1.0010727160728	-0.0355793838536373
K03734	1.70605740153651	-0.236505326765208	0.721206395793308	1.42236374106422	0.356758103404234	1.56878534156143	-0.152602851871215
K03735	-0.323543337942557	0.0335009592151359	-0.550898076128613	-0.338807540273517	-0.072296529378702	0.241383167088626	0.231221526380814
K03736	-0.352206198336081	-0.0719962520027444	-1.75965082747902	-1.22759326014504	-0.311794682707598	-0.421174256026151	0.302066891905106
K03737	2.21482810580592	-0.243574148925571	1.16749262707268	1.1108228394033	0.669526294503401	1.48143759566605	-0.0218923990761868
K03739	-0.533956793905691	1.694286544857	-2.27924549682106	2.06508128132835	0.120184645686339	3.80504182177841	-0.843456417802536
K03740	-0.27283289826055	1.48098572069165	-2.42537248237098	2.07637409653679	0.0333310203170804	3.61402037936508	-0.909956574920379
K03741	0.219941916106745	-0.532055626573591	1.88659107582604	-1.73938675436959	0.714621619019697	1.15805536705315	0.0635319049322971
K03742	0.568254741071268	1.22448178106305	1.31444144146477	2.67510847535148	0.614796892438124	2.80828920203507	-0.272136405590736
K03743	0.404822515486284	-0.200621757606594	1.29788559572731	0.204013181591183	0.445339248213957	0.930063063383696	0.0790057475531467
K03744	0.849376427172228	0.391279001769991	1.36388593809639	1.78729395356193	1.03293062809486	2.40069762069046	-0.315857522669994
K03745	-2.31253900921483	1.528643925724	0.854662506747592	-0.248004095887988	0.765965238843153	-1.19387551945389	0.31915828537587
K03746	0.20016908848147	1.44923027330396	-0.691212655138623	0.39428031232372	-0.751596018042375	-3.17260238331497	-0.506986529115402
K03747	-0.592619685293631	0.0721617835139945	-1.03589654071296	-1.25083764109597	-0.49355278846245	-3.29257604283035	0.315389602896012
K03748	-0.161522177816824	-0.158733825149564	0.321195839810718	1.57277981724754	-0.157460837926676	0.54426437813103	0.0121277565920719
K03749	-1.86857333576818	0.479644675788851	-1.18821036918129	-0.917837815618366	0.00228473979611223	-2.38172480267227	0.332897573229111
K03750	0.563631432293459	0.89159365468976	0.254452585149158	1.72010724034324	0.347505227360914	1.21409167546093	-0.198927134755813
K03752	-0.611831096769766	0.207235117492647	-0.0618447075601927	-0.590968089437335	-0.23387192126732	-0.615973202406766	0.34625789475087
K03753	-0.65494468605657	0.213364024696322	-1.187810898852	-0.747079568242877	-0.114042490091135	-2.37328025501907	0.340737312551773
K03755	-1.24140086567541	0.795178850231142	-0.903057695459973	-1.33795805487618	-0.00859530207138235	-2.51991674107254	0.259115844484604
K03756	-0.688289074064688	1.58276208215711	-0.47815698487724	-0.848907785749286	-0.107157661881258	-1.92288896244705	0.154080599066056
K03757	-0.58919134533544	0.0244607823466972	-1.32774412734474	-1.25560887370095	-0.621695800986101	-3.84619590443313	0.28947535109166
K03758	-0.0680379549278776	0.495627244052859	-0.949083448481213	1.73053197350517	-0.0236156204007166	-0.538354722678068	-0.171823159340583
K03759	-1.14688983357091	0.15752782398221	-0.723983408045422	-1.26021881613716	-0.310676350559999	-2.84095451039016	0.467885225530899
K03760	-0.546533969999746	0.281832327184649	0.176687150168765	0.421985575670153	0.0912732041217787	0.0339348633891321	0.193877607103623
K03761	-1.22204270756383	0.375347276267977	-0.704048038553845	-1.02797992739663	-0.268425478901674	-2.92331763905227	0.408929198499955
K03762	-0.51076367294927	0.088668604431124	-0.0561888228174559	-0.0326205662249025	-0.273502095904161	-0.0939725319737219	0.300188868757523
K03763	1.62942740523676	0.0921721356486991	1.24060654537712	0.543474038803727	0.307894513640593	1.96568080979645	-0.166787356618606
K03764	-0.561655191542105	0.0506187277412131	-1.0124917040583	-1.26419146571144	-0.179462074603845	-2.61509391468704	0.383725851293839
K03765	-0.407064108015494	0.367880602416964	-1.13731217486824	-0.636157827710956	-0.794004424776842	-3.50182840031326	0.0254329736197361
K03767	-0.103022662760214	0.73407389694211	-0.432765663694989	-0.558041768407672	0.0351723019741875	1.68106886941254	0.00718498181942784
K03768	1.49445060098033	0.487445850906344	2.07457327740227	1.81482605423942	1.19892539146919	2.26441756087601	-0.145898819450103
K03769	-1.26102533733983	0.970187504825564	-0.3572941432711	-1.00803275618538	0.154294349882792	-1.32711073559463	0.166955619570053
K03770	0.910470159886881	-0.36527487164977	0.924723564553607	1.81740824666038	0.37503664258499	0.841465847671626	-0.0764959161316983
K03771	1.48335930907588	-0.471981535615949	0.929067044425357	1.17934725966468	0.474940792355726	0.505346628010867	-0.114497364047729
K03772	-0.370029536844687	0.029419456658335	0.416373505163539	0.749077481889874	0.246633724007796	0.518856437981722	-0.0189530556237332
K03773	1.13872608744959	-0.255763809146909	1.03551030056511	1.18351249184623	0.630318359170149	0.39193186360657	-0.0663315062558285
K03774	-0.858962682844595	0.218894441661806	-0.777795554232251	-0.84742076907143	-0.231400593485643	-3.84194013279617	0.398180096861161
K03775	0.111091049550577	0.00464022630211861	0.959010480809558	1.31021348919883	0.843349889550398	0.882923903048632	-0.0277694468533627
K03776	-0.926595477224783	0.20521836453435	-1.02483201129402	-0.852824883794635	-0.270272120203783	-2.21671649616897	0.363882690187729
K03777	-0.634751347662405	0.0725885229682639	-1.22886860473121	-1.20512576613411	-0.612169667448809	-2.85094353359878	0.30913653921727
K03778	0.810917096375032	0.0121707516288474	1.30631190435921	1.06643746581093	0.434069917235563	1.06499788734376	-0.0516509418522946
K03779	1.18550679290156	0.217197825250597	-0.141916156839978	-0.252967732286304	0.365234539542387	1.35531914430916	-0.0259169046914212
K03780	0.692073116241499	0.606710632381411	-0.142320991587292	0.0833486744405333	0.747094765935133	1.70010629493057	-0.0564790074860684
K03781	0.326191695569559	1.17475541406629	1.15082251923119	2.12487618412986	-0.0713994794748324	1.39562976557076	-0.0489764516389004
K03782	-1.11644151604314	0.457554836807223	-0.714750290941846	-0.876347618436664	0.00910060543198412	-2.24890944164932	0.461757927652634
K03783	1.5173048695312	-0.287390741469888	1.27209603683983	1.07420472588554	1.05483903053779	1.71781954366028	-0.138085246566497
K03784	0.947647484181925	0.152343501386614	0.337004511523593	0.580312257373482	0.240375713143538	1.69231668311417	-0.141006321195327
K03785	1.30571320855479	0.528512318668337	0.44370365785395	1.50747601475731	0.114029691252897	1.6724970062381	-0.174533844474517
K03786	1.06978643143038	-0.32860646671298	1.4690175046209	1.48648921933189	0.667046026025007	1.71666869717896	-0.203180626515113
K03787	0.800808625458284	0.689008374748202	1.08402979271447	1.01487932887092	0.516740635667036	0.488228412449954	-0.0924901371037594
K03788	-0.751857666136221	0.557679017124148	-0.726470829081189	-0.934193687772601	-0.204160183038523	-1.95810934704483	0.258686691042221
K03789	0.870640875934168	0.863702972469301	0.845945267844547	-0.0907086900232729	-0.0528296151421564	1.75939205485642	-0.112010270837509
K03790	0.893157722590967	-0.21808893042299	0.668483613896717	-0.393372075891345	-0.6066629135273	1.57103899318039	-0.0236161654030911
K03796	-0.230141965509848	-0.202269578302829	-1.23965001208748	-1.37668271574959	-0.80771385070305	-4.11794683140457	0.273312597986496
K03797	2.11712607943873	-0.0857381475591943	1.07969885962044	1.51258043732658	0.514351443085859	1.24259276884854	-0.158881068710052
K03798	2.71554050052027	-0.651057760181455	1.15225660698449	0.94744606103912	0.543243662152479	1.60403689938843	-0.0163353388344876
K03799	0.933145882724329	0.45569141679761	-0.335896612238537	-0.351595657205432	-0.0387579270861643	0.944303641200659	-0.0565885608231655
K03800	0.444306316016718	0.599026520786257	0.425075515079845	1.32044790472999	0.163658038411329	1.52556890446007	0.0131323332751163
K03801	0.703860419033571	-0.234504436093001	1.0191991914991	1.98268405880943	0.486414984498213	0.797331662953494	-0.111746579889022
K03803	-0.651300458075003	0.378983874855013	1.33028131620919	1.08824322905555	1.2114734804966	0.917081954062579	-0.0521002416646115
K03804	-0.628288892866568	0.215615798768969	-0.869752169680249	-1.31226559195504	-0.449903353419115	-2.79039975804031	0.269069998976029
K03805	-0.758560685278372	0.242967356977434	-1.56001293761696	-1.10417910132393	-0.504499241080095	-3.58855363529861	0.227983086820877
K03806	-0.66365423596044	0.0783462124442771	-1.02398562533821	-1.26154668841347	-0.435751839842607	-2.7944988886708	0.353800445314682
K03807	-1.21484222805639	0.662920494613619	-0.6148025999781	-1.03154166254982	0.163919270668219	-2.02077385586441	0.338830917593277
K03808	-0.0517826954140226	0.0352982925748542	-1.27229487998451	-1.30988247904763	-0.525448723997881	-2.72610208195389	0.326835780855454
K03809	-1.49148550427099	0.835720618305178	-0.461927474569928	-0.248092668390125	0.230736271176527	-1.66343352001846	0.284528046366013
K03810	-0.856967119337515	0.641735632953615	-1.08405900104011	-0.460016446447223	-0.199721335735132	-1.90113350552261	0.222847848650254
K03811	0.320814641355081	0.608238478240938	0.835976092982639	1.12922249522224	0.747327343259047	1.88789871531784	-0.181605071309768
K03813	-1.4852665940537	-4.27592281526568	-0.803387046885144	0.981470508241803	0.330777124200056	-3.16724130314529	0.315887420889176
K03814	0.476256447075411	0.00659011775013954	0.59004212813412	0.402808649206311	0.68791808250923	0.161378355801699	-0.0504853730237118
K03815	-0.892541555525259	0.127896149692507	-1.10710823638405	-1.06351395163521	-0.463107570376207	-3.76907226246536	0.375032811876572
K03816	1.84852716529231	0.0260913419103339	1.20646756784951	0.719879327082783	0.344365224871824	1.70586231547653	-0.205477089170181
K03817	-0.374824968935446	0.815591414508791	0.376055671739925	0.942173285150677	0.168982074294279	0.526639552891848	-0.133504510406219
K03818	-0.35223027861257	-1.10243020481112	0.702504514623035	1.96461765255943	0.710237578187178	-2.20581003826797	0.0182786579096683
K03819	-1.60058703816076	-1.85902420705798	-1.09527349574531	-1.93395634207711	-0.322477593388368	-3.69223043125808	0.621190398451126
K03820	-0.275868384005026	-0.0465928120041177	1.86391293900048	1.97364263024345	0.337422952685545	1.48043149906456	0.0471830065215
K03823	1.05672773921351	0.747156282005282	1.23332804338967	1.59314040627494	0.514844313893507	1.85597363311112	-0.170866996530258
K03824	-0.586265472532705	0.0574949579810813	-1.7076524506327	-1.15761514220223	-0.457351162400057	-2.21165343922317	0.376999586340226
K03825	-0.161465911032156	-0.365780080618887	-1.42775702578987	-1.61813850913033	-0.768439813818743	-2.91088577908218	0.378245323416031
K03826	0.528759339986845	0.199312229690523	0.641290395427097	1.61019925560966	1.30434991482277	2.11512354213059	-0.111145884278976
K03827	0.41230133378367	0.0493924217796043	0.496443555596817	0.606543225908429	0.6487640893795	-0.0222867409580969	-0.0593775217568508
K03828	-1.1612429896607	0.932376225528689	0.118782400060047	-0.535125809049457	-0.304461731877138	-1.75648876827896	-0.00425881195422328
K03830	-0.962384609343008	0.551970263061495	-0.748777986597668	-1.05109079394326	-0.125194846954157	-1.90219899815262	0.271326928850449
K03831	-0.64160993492742	0.122455437717409	-0.878714443277966	-1.10848124537453	-0.381586744751741	-2.67793652218521	0.368177264448441
K03832	0.473371448157831	1.26865406805036	1.29682582514321	1.60344676461235	1.20931519630928	0.952943535626528	-0.0747360293900601
K03833	0.00271377169947229	-0.149083821984558	-1.00256323916877	-0.127768175935596	-0.446025773253252	-0.83574911755264	0.251434117075241
K03834	-1.54951873219152	0.673781652984591	-1.03847599132026	-0.699329691266864	-0.0790378743074434	-1.67763230007828	0.305594533201493
K03835	-0.778127102018789	0.144801278648348	-0.832864643168103	-1.02644618067726	-0.29151768919449	-2.93222448033035	0.392303794142044
K03836	-0.8362484256043	0.262378712234469	-0.987377644610058	-1.39485140357003	-0.430238648619463	-2.99950524967849	0.336155563112534
K03837	-0.416311291815237	-0.0200703097009942	-0.973312855791699	-1.56211610350594	-0.534231468405535	-2.48319312733352	0.249179154154099
K03838	-0.884521392942862	0.2421366470432	-1.38562333686317	-1.49031503710732	-0.411619737114717	-3.76926776570022	0.371928721185959
K03839	0.636119784949823	-0.0214415592575356	0.986738710570682	0.902760905885846	0.450311318669508	0.190543921769259	-0.0265205209290615
K03840	-0.548156885267691	-0.182918668674855	-1.26474988563026	-1.50516803774819	-0.666509553160478	-3.12096807163894	0.35616829943303
K03841	-0.0949242392792264	-0.120286765458612	-1.1648913632151	-1.5722381642817	-0.575486942496111	-2.04645487469375	0.275144427534378
K03855	-1.09069648182531	0.0710727768516257	-3.09013044936622	-0.826712923383563	-0.491933449473192	-2.13213273686111	0.42615953039769
K03856	1.43845835530619	0.172113527593584	1.78411531345879	1.19083039250389	0.651642755303572	1.8831721265918	-0.0982671384846798
K03885	-0.285481003881888	0.697599907455416	-0.454935134482037	-0.37347467455849	0.17640540066738	-0.0312447230213904	0.0942489201987156
K03892	0.178549261926218	1.09577592187879	-0.540609241556775	-1.75892634901986	0.335397586856077	-0.847936360060575	-0.0508467261826626
K03893	-0.554909495474295	0.220770199832888	-2.0271366844889	-1.56945248160347	-0.142496018972208	-2.20552584332168	0.115724831339157
K03894	-2.61552443897863	-3.89304999536517	-0.72130119903053	-3.47692199263558	0.533203974995802	-3.17118474644363	0.750779360052384
K03919	-0.878586200834707	0.281509120998354	-1.50333201987709	-1.20059938940987	-0.357643439736177	-3.65887948673904	0.310337095972336
K03923	-0.471135763288931	0.161318411169024	-1.13695955378975	-1.04704781088814	-0.493757172789385	-1.56641480129898	0.281087129827774
K03924	1.78458270633082	-0.434920455279379	1.44670456545388	1.62974504914299	0.559650138650129	1.51648408371269	-0.0306097869908444
K03925	1.24755713546137	0.210705776748629	0.752085952926029	0.794029695654065	0.309374705586622	1.41516041952431	0.0563021893465885
K03926	-1.63765015995641	0.782792349395724	-0.895173550676953	-0.573619799947589	0.113702409599016	-2.91058608692825	0.244248836752213
K03929	-0.0679660121216337	-1.759082595768	-0.315090120863568	1.89308957543388	0.0774411788918478	1.96795520383179	-0.277495012167656
K03930	0.336687805293604	0.84855075651166	-2.77927148444618	-0.144876735544055	-0.765916033949663	3.21022561389267	-0.999573022607528
K03931	1.02487725221972	-0.25082059479001	1.05785399572884	0.565583726132065	0.454711154732893	0.180004211247561	-0.0998839144742123
K03932	-0.465734986425833	-3.3674593371773	0.220234333443988	1.59500770058647	-0.325662388768007	0.804437341273425	-0.320621796432697
K03969	-0.75899365341802	0.122494478759737	-0.552697301935803	-1.45470114264473	-0.579787417616655	-0.669394222914579	0.344182222601212
K03970	-1.72020759976049	0.856436331806155	-0.277177990507733	0.417525527739674	0.206477299962233	-2.10406228703201	0.258652895208634
K03971	-2.20043578541418	1.00672872835156	-0.77922356231178	-0.267030077314227	0.521048054728697	-1.1553296725148	0.393956332918442
K03972	-0.662421492697195	0.107304264841051	0.470478259864796	1.90468816247001	-0.32796503540497	0.590916575968859	-0.01993444609996
K03973	-1.09180453217168	0.525049944457979	-1.96216023070778	0.195302618408353	-0.185073345269968	-3.29775640171707	0.213021605726517
K03974	-0.72770407593389	0.238906581935854	-1.04555726153816	-1.31953235182747	-0.424953236546327	-3.6439120451802	0.242563515421189
K03975	0.301821502088114	0.220838059720965	0.72341604428326	0.613965986037404	0.70732452038307	0.927964510501025	-0.0742678945099942
K03976	1.69558438861231	0.147578020629855	0.975107639003147	1.21981636967674	0.215002284083555	1.65721753436386	-0.100497961524688
K03977	2.28739032351832	-0.0836804760122582	1.22804528372322	0.988571388387829	0.626147822175215	1.48814574080765	-0.113983840230667
K03978	1.81826338374476	0.158296604690523	1.0394583334211	0.715915856623799	0.610575453076552	1.5788913090831	-0.115327120307647
K03979	1.7634054144607	0.170344759759875	1.68079769508873	1.43147735085502	0.812735096249769	1.88419196206391	-0.0777174537217251
K03980	-0.190638152719931	-0.00993956154826134	0.800265907216419	1.56018011059776	-0.224501534666826	1.11114603477776	0.142051308866776
K03981	-0.408833531500296	0.13410829478261	-1.30700206859077	-1.63402743849739	-0.508969112601091	-2.75701471966446	0.202460258718766
K04013	-0.566557673574881	-0.00177965587618797	-1.11265599830116	-1.21141274485573	-0.534656628336717	-2.45678040188492	0.39373800110463
K04014	-0.410116461874441	-0.0410474938774392	-2.57307088477577	-1.13571305785164	-0.624740287031938	-2.21026608151138	0.426109820123947
K04015	-1.08547463810583	0.187107552823992	-1.21758270366157	-1.00306554350838	-0.42419813510399	-1.79410788220108	0.401581257101334
K04016	-1.75325193798681	0.599677701530428	-0.381183327269208	-0.66397817645058	0.164684698615263	-1.79042741459549	0.421884208437241
K04017	-1.25290968811651	-0.0727016878748223	-1.17094612224067	-1.0694350770472	-0.129238426055719	-1.95297071140945	0.313109546419419
K04018	-0.807986883284048	0.493407507476778	-0.748537422251355	-0.912063794469684	-0.192045255865862	-2.50213452976883	0.36257824253682
K04019	-0.692970780493216	0.165678133306475	-0.96418643100227	-0.933417992925495	-0.250544830527117	-0.31119188469589	0.354362755533493
K04020	-0.655453590513662	-0.060117582740812	-1.08935976130928	-1.00353045973763	-0.515285118784716	-2.19702097576797	0.411981194731034
K04021	-1.01845136082311	0.141738166151018	-1.08164024455513	-0.929846244191974	-0.351955457892229	-2.11348554295242	0.423341482397354
K04022	-0.997702745558218	0.263383974370928	-0.942636610102307	-0.683687763547748	-0.238848938908388	-1.90384694737137	0.415552824255265
K04023	-0.426695613028006	-0.108742061021356	-1.1125369082209	-0.619085150098651	-0.528727158274462	-0.638588754355314	0.285603790994919
K04024	-0.802890447737173	0.10325696044919	-0.660216213297497	-0.891759114599079	0.611421242985914	0.0827049930697656	0.331484466310776
K04025	-1.96006813442846	0.922369678554507	-0.118618966173779	-0.111029224729389	0.115439959500025	-2.76335093182266	0.302789598223008
K04026	-0.63042726910253	0.137871493635149	-0.850121618342053	-0.490205960607379	-0.20680263575535	-0.442012278258207	0.235224097486771
K04027	-1.2548195401444	0.596030374107333	0.927770434785236	1.617769403124	1.22792114380379	2.14444366294205	-0.0707735722100369
K04028	-0.786028770567373	0.598223228988619	0.105395316052783	0.013980967664868	0.411563620600889	0.377247782528994	0.16898408484105
K04029	-0.273119656206564	-0.0690018785620019	-1.00870323283638	-0.88018317732796	0.123606637749861	0.0969435294276453	0.240521519895829
K04030	-0.643360761763052	-0.0132096213722512	-1.38204491240944	-1.24782331500038	-0.0981886827610033	-0.810759989439847	0.302035718675888
K04031	0.134724321006342	-0.386435951056509	-2.93097508056129	-0.460006254052966	0.280958787236403	0.61222097474396	0.15746816944722
K04032	-0.575139669538931	-0.146719294550447	-1.60471093757118	-1.15756710085854	-0.577427610125353	-2.10666724842727	0.433214336153305
K04033	-0.454923299910025	-0.0799540979290292	-1.17118382556404	-1.11090333971962	-0.698814913000872	-4.09960529011429	0.358241647001541
K04041	2.05139956080775	-1.02916310256961	0.458338445890296	0.530862910413891	0.196517483029555	1.2433282752639	-0.199390262845718
K04042	1.35025635564189	0.565860887107821	0.763993798661579	0.614731250071675	0.0961499592997534	1.61376288729965	-0.0952720050847164
K04043	2.62750038707118	-0.341797406735449	1.36268198387657	0.972299320364148	0.636814490590284	1.6649873574382	-0.0305480067765347
K04044	-1.07206716931005	0.3613653975105	-0.737847329210888	-0.71480460677132	-0.11141703959923	-1.92278048199356	0.442383259054459
K04045	0.634251846163078	-0.0517774922275826	0.096524505782474	-0.467733161783069	-2.15055225726586	-0.797635881125333	-0.439256117228233
K04046	-0.679167060018973	-0.15664659342411	-1.12243390185798	-1.24711425814614	-0.521804376807024	-2.71336957615555	0.431380539652146
K04047	0.477496097026869	1.37291141324994	0.397654219436992	0.907624764108807	0.247573987279127	1.90612474280655	-0.116419345620834
K04061	-0.314196972013907	-3.30282501405719	-0.774217964243542	-0.0263412765024599	-0.839807912077715	1.90681180554688	-0.242444202784263
K04063	-1.01018574631353	0.125415970621081	-1.13439512355293	-1.05725093398079	-0.389906599488069	-2.82464667957962	0.298772841211594
K04064	-0.855577019812063	0.101503242788287	-0.684003950190198	-1.01964135680184	-0.593927010264208	-3.51316043537796	0.232371955629624
K04065	-0.515762833715872	0.0427966909980491	-1.04019761187996	-1.35187252078041	-0.42098061677437	-3.28212663334549	0.37559071135167
K04066	1.93589887225489	0.127277453479739	1.02028638021981	1.30565009799019	0.371910706792067	1.64504268962204	-0.125043154243194
K04067	-0.838592199446158	0.0989983873939231	-1.042702437472	-1.28162880454048	-0.168648480739404	-2.08856007260025	0.375511556383408
K04068	1.85882839763026	0.137647767600985	1.00231403009926	0.830096227789075	0.338636801276396	1.73143723803818	-0.178774163607322
K04069	2.18692824447016	0.221082498369189	0.82183629171883	1.25450841870323	0.461001292500685	1.44380325275719	-0.0955412988698117
K04070	1.27283832633357	-1.76944200223926	0.620476133096565	0.499772693702728	-0.275992616381456	1.49100664454758	-0.159144372228347
K04072	1.00742900574069	0.255235542592974	2.06881749527489	0.58790243204847	0.630343750748823	2.02063563662827	-0.0825383966004483
K04073	-0.714615491987661	0.1966024237251	-1.11523330314125	-1.5346598199366	-0.31111197110634	-3.78516360920608	0.31145462345723
K04074	0.737185569642588	0.201891441879244	1.80188739197289	0.89583901848808	0.0643897584416372	2.21945515471756	-0.368558761212789
K04075	1.56461832129817	0.201984693345995	0.957516758609165	1.44955210175529	0.172088236246298	1.80096796351731	-0.142083913568222
K04077	2.17848155104975	-0.0841182125234887	1.60011052982842	1.23045663323417	0.736598507199476	1.73156938153565	-0.0542505984341732
K04078	1.53167090022425	0.268949021635027	1.61547517674004	1.33801464524284	1.09261156681557	2.01183191138565	-0.136520714048111
K04079	2.12174615466456	-0.966943065586118	1.13764119045769	0.653052640819699	0.341590718064497	1.03058972208541	-0.0589617495572201
K04080	-0.577119139791922	0.0979629653072074	-0.977245689463269	-2.05940027747139	-0.570473834242632	-3.94040795963943	0.328733950372971
K04081	-0.700553325773672	0.251224656639071	-1.24359536273445	-1.10907538447365	-0.500707551207353	-3.78072711628616	0.299135118242539
K04082	-0.684542206884817	0.197961201009722	-1.43308138949836	-0.832362609243244	-0.217570348944475	-1.79969140690506	0.294892817255295
K04083	1.11521622741084	0.717439730701418	1.58269190685784	1.66305176701561	0.523439810309599	2.16514316397965	-0.1436970238721
K04084	0.889727117656275	-0.336880098047285	0.904933004546512	0.881341261530072	0.60645063284416	0.559257181466219	-0.071626693490707
K04085	-1.74892273342748	0.875877578792544	0.166447847056735	-0.519075947141498	0.276091427240561	-1.26090547245682	0.400160401579178
K04086	-0.598861245275931	2.81112643056867	-1.40170812709297	0.3016604014875	-0.100871532525827	3.63668254214585	-0.695151836160385
K04087	-0.907818106771902	0.170363386211367	-0.49441343648399	-1.04076142821297	-0.286175742115785	-1.78022977513016	0.348057180162705
K04088	-0.888492373587088	-0.133378381791143	-1.0546892891642	-1.35009391818032	-0.520521327223589	-2.48050257366836	0.435231774565018
K04091	-0.784009603620962	0.355797668037386	-1.03647077186073	-0.606810527181476	-0.168444021906664	-2.33837339085281	0.32144191813115
K04092	-1.56998243725439	0.0425725477313712	0.00826188819443074	-1.80999274764046	-0.878316804137041	1.73582557040512	0.360443084951676
K04094	0.98398244583468	0.758565385875674	1.58088672058617	1.30657176461235	0.486343637738417	2.21729603606522	-0.249118924621307
K04095	0.503818260668321	0.189218153295489	1.13371240990197	0.236637128257901	-0.167031019296457	1.30422708588898	-0.013181686881744
K04096	1.46998062932353	0.248763282833071	1.19972324268853	1.48224930253044	0.241732553277205	1.68224433261215	-0.129941881183349
K04333	-0.668460992933706	0.232336063919039	-0.897422195505749	-1.07470770392403	-0.89796100493889	-2.71623441380203	-0.0124457185303799
K04334	-1.12209895050664	0.163743187723131	-0.744550467562329	-1.28514094862923	-0.679759904112627	-3.3410260359639	0.253906934973038
K04335	-1.30722906983037	0.534231920776339	-0.273107529711377	-1.01202221426949	-0.310291185345461	-3.1177422682637	0.213946133371628
K04336	-0.310002771974997	0.219481964645357	-0.941786767077099	-1.09892125639901	-0.977121933665087	-3.49985334080398	-0.0237628524338833
K04337	-0.595907358290152	0.0450576441859916	-1.38179481131996	-1.58759303603157	-0.803289099898149	-3.66492053669632	0.198416858431137
K04338	-1.37932732498784	0.897093017635317	-0.394613922667157	-0.488108353948444	-0.21711894806843	-2.71744581860245	0.0182402427161106
K04343	-3.21862831509252	2.81655712896344	0.177988140750278	1.19312278714195	-1.30522034999352	-0.513575760542753	0.09401819061879
K04477	0.572233334346219	-0.240389994295864	1.30148261683022	0.0447569319249693	0.59392531279106	0.781942116201518	-0.11236700463649
K04485	2.01590201461176	-0.00067027932646721	1.15405404465233	0.756134314203412	0.514679179225157	1.49495098191559	-0.0603379910027615
K04486	1.81605705821375	-0.0473877740526482	0.504822891112019	1.31866495099083	-0.129329189028551	1.55529514151871	-0.191810459378921
K04487	2.36766550147395	-0.396513367953329	1.01547801392113	0.918779087925107	0.193572521839331	1.80768260556519	-0.188326582792961
K04488	1.7558884342895	-0.0839882892990395	1.3986143459562	0.441452642643601	0.598232344422529	1.69457021552384	-0.0257925694024197
K04516	0.869073422788187	-0.49895558780673	1.02753692762886	0.909028423690945	0.853105620179365	2.0012882669574	0.0430727000201114
K04517	1.28859070145945	-0.425877238574056	1.02597749130761	1.55722801175132	0.292689785990904	2.10589304763138	-0.145361155751907
K04518	0.943033429025217	-0.0731212896728799	1.20296627180611	1.63900534596458	0.800723627839277	2.02366700965225	-0.256605834249221
K04561	-2.68243780529638	3.9220537739372	0.70442001419102	-1.10426528964028	-2.56558941241722	0.540207268775103	-0.270780832055771
K04562	0.340972216962381	-3.90279916948321	0.00559189813171712	-0.510692553853839	-1.7544621073864	1.4659423251754	-0.281659588698112
K04564	1.05982583963732	0.911808450756045	1.10787594215905	1.46021179642692	0.609703496728132	1.45433697301209	-0.155761749032699
K04565	-1.00806358254095	0.0578258829688743	-0.823747993540417	-1.58874435935006	-0.239385708536913	-0.564842669188383	0.53180476975087
K04567	2.45744165980677	-0.125185186924963	1.20975255863701	0.758687926197201	0.484876439604948	1.38941443163216	-0.0373171870743862
K04568	-0.341936735273794	0.262410421905489	-1.04960835082496	-1.27115197691902	-0.302796050276567	-2.3967356364125	0.224276154753006
K04651	0.422843711613222	0.617803533611269	0.206962733435977	1.31586836066261	0.0681379108466608	0.243026884377596	0.109059243913926
K04652	0.176373930810495	0.777131994304629	0.973838447499622	1.34805129256263	0.419022665057371	1.31333390075028	0.146308391805924
K04653	0.0704149922118624	1.01609834009168	1.30847585098778	1.89312808003441	0.963104740414808	1.43713966208756	-0.00980499434825099
K04654	0.323270203708216	0.905224283275576	1.23229217426812	1.63248376336113	0.693155721459578	1.39731860357582	0.0190725619757541
K04655	0.668909790156885	0.606389542160006	1.12200921671425	1.68676678624168	0.563165143761824	1.38445165950119	-0.0534653370415799
K04656	0.0423693975196322	0.926991065082522	1.43135833637749	2.059046787882	0.697874621186445	1.4604816456443	0.0207820231879123
K04691	-0.943890718580679	0.307607849178286	-1.14544177157844	-1.31825740847573	-0.238364621367266	-1.63241407078445	0.311669855829514
K04720	1.14701137149195	0.257788558540316	0.560443631279815	0.992934090757519	0.236682579550932	1.47903865772545	-0.258744091275894
K04744	0.0567179640517672	1.12802799516675	0.546352787781108	1.47719906058326	-0.239745690789034	0.168503197014926	0.0355611438715824
K04749	-2.24213328755041	-1.54287664121631	-1.53727805716957	2.55145315613762	0.694917932782362	1.23177622455418	-0.262681633714401
K04750	-0.62191954052587	0.522617836532564	-0.673089862894665	-0.905337052678913	-0.321552916731645	-2.60324236553848	0.336124449487961
K04751	1.11960706317286	-0.247607170554428	2.27202463047539	1.19061295475975	0.589095608029555	1.39282170134842	-0.167942673448288
K04752	-0.691550401808218	0.248002548751803	-1.90120637519325	-1.37356575045571	-0.249560638632585	-2.85777208012283	0.298745244261063
K04753	-0.962783364416556	0.255330552396746	-0.826014400553357	-0.833452658986896	-0.157090678181459	-1.96556374233902	0.3654243047202
K04754	-0.415203122259573	0.0448974567031577	-1.6909140358683	-1.72887321028694	-0.565150841440966	-2.86764356297195	0.194441288229264
K04755	-0.781952289701895	-0.0939672020697877	-1.26358854873146	-0.652053790426105	-0.31036157843094	-1.55700012844742	0.374010532614029
K04758	0.553506681858106	1.09881683164594	3.09413945572411	2.59416584458366	2.03684307697792	3.09782126742661	-0.111688644174301
K04759	2.36491915786128	-0.548022995653181	1.62160336868798	1.08134285893455	0.808905438218306	1.68092271882355	-0.0316173141038052
K04760	-0.180000452162222	-0.00456967479231804	-1.29936671359504	-2.05168362174019	-0.570490583147814	-2.96021196049392	0.22089043211583
K04761	0.199030192731424	1.04478593641278	1.07000702517067	1.30341498341575	0.360481605563353	0.750519188225863	0.105001717325486
K04762	0.670218775211378	-0.30122402584794	0.978488563466419	1.11156837430015	0.595489875111769	0.634854646504519	-0.00142636943217433
K04763	1.52997008168559	-0.375501836600332	1.12723785536324	1.45503298726097	0.571562305722426	1.17831194597542	-0.123702139142715
K04764	-0.633391169668631	0.112245460090609	-0.693801880907666	-1.08463426146492	-0.410881086554338	-2.23701616924942	0.198348313089646
K04765	-0.920242218138174	0.390227098998995	-0.839450479578625	-1.255326466894	-0.17511615094166	-1.87367173832596	0.319422155138291
K04767	-0.422073749662832	1.00323005491254	-0.419587434363019	0.917317731046826	0.594639972481917	3.51175549823105	-0.674242645982467
K04769	1.01037824356417	-1.75658230012897	0.982365845609058	0.968594474458844	0.40496759179611	1.68725809651673	-0.144895583871566
K04770	-0.435320643545584	-0.0420044315481469	-1.1989741335627	-1.08190877947792	-0.591806873049547	-2.54347798031509	0.214359372373856
K04771	1.12696370684962	0.492717464504214	1.2040410627607	0.541537077838332	0.209181637201498	1.71537354785263	-0.0803337996041409
K04772	-0.990631846548514	0.346683104572268	-1.03969538314308	-0.799490647649616	-0.00488021161775763	-1.56011268299759	0.316657572504319
K04773	0.59135313534598	0.0564110773181632	0.862654059100498	1.08296547617927	0.573521689210127	0.606923433125613	-0.0957796876465908
K04774	-0.733476666571097	-0.0719392103576943	-1.11394107444252	-1.04608448061928	-0.693443044390489	-2.45864483517349	0.279671102281845
K04775	-1.05358770287176	0.307974954185458	-1.37464797599281	-0.849263983106464	-0.38531286951523	-2.48306581181228	0.30310079407338
K04783	-1.50590005314489	-1.58239762014392	-0.746735693049084	-0.612170772886127	0.474847958121489	1.05533709946334	0.410856037851609
K04784	-1.75882592594762	-1.69100383943561	-0.555245281290661	-0.653994398450702	0.398360774550627	-0.239097086607816	0.544321804758347
K04786	-2.49019589817663	-3.72666577524188	-0.377730251383435	-0.837584691381305	0.0464968696944815	-1.96797057789505	0.81998893570546
K04794	0.504471497772737	-0.624406884374647	0.742566569614757	0.00890721168533004	0.444026187691878	1.39410579401314	-0.289229035857879
K04835	-1.84034195339818	-4.45480636781695	0.838946073222507	-4.01725311789498	-0.0700373196266192	-2.06002661389053	0.729593723531998
K04844	-0.775199560286001	0.813549717006655	-0.634916664194714	-0.448586421346515	-0.361115648712923	-1.7031640688771	0.0666365618670353
K05245	-0.906281737448172	0.217195530471773	-0.659502984118115	-1.11460598025307	-0.253275945153047	-3.79071685475052	0.397024780031479
K05275	-0.0293704549088041	0.698260386524172	-1.55401051146949	0.425601107740552	-2.79990504619103	-2.56814238232315	-0.809918135884964
K05297	-1.45046916401525	-3.85350970453265	2.54825842278038	1.89993373837486	2.01962889793892	1.91542843180954	-0.110730529311859
K05303	-1.77364268696447	-1.32740704244616	-1.88597166640724	-1.68108768973336	1.27998007896919	0.876768039644358	-0.290236205342971
K05305	-3.69787111675878	0.16248240047452	-1.29281294448341	-1.95468349966988	0.31430517200012	1.99838736850083	0.491435914751328
K05306	-0.0278495231880704	-0.0410169762993142	1.23155325548683	1.45585416045204	0.962176040444563	1.10210310864508	-0.382748663905822
K05311	-2.53261056339879	4.15747495466229	0.231580792832721	-0.969441371297687	0.395975843701552	-1.18084761303604	-0.45347752097603
K05337	-0.419659880758719	0.781396468219729	1.17287456886803	3.10494880166069	0.989204005036543	3.21650770503342	-0.595839903238975
K05340	-0.177596775652365	0.973835189876528	1.40043443338906	1.27898178782478	1.02951730850715	1.12991830158293	-0.25541494834777
K05341	0.671824546693369	-0.641466508569746	-0.157701910566937	0.73109140779987	0.535712436471174	1.72568580704987	-0.053348660949432
K05343	-0.328533379198507	-1.16017911857608	2.40332281487023	-3.57675333533272	0.524189398322294	1.21187719899475	0.117237656828202
K05349	2.50714227759699	-0.696564386549024	1.26083707706963	0.87465171303764	0.644169942174147	1.50034177500069	-0.0507820849454037
K05350	-0.545183328749136	-0.162743597241668	0.86519709126984	-1.10918696436867	-0.50624547835808	1.03859692356795	0.26827618431691
K05351	-2.19853415882726	-0.878629188003568	-1.84706604583229	-1.93307848486885	-1.08400641318779	-0.0582506338948034	0.0513514573538669
K05352	-0.853538779379324	1.18958922201154	-1.52383649451698	-1.01882179293618	0.785163775716017	4.25894072848618	-1.48451510119792
K05362	-0.311523346067862	1.50299473577497	-2.37032520873512	0.0452064701558653	-0.00294695359091932	3.75622132617295	-0.936869115117752
K05363	-1.00116112625738	1.43569930368421	-2.00329411132301	0.723222596311719	0.270597160492132	3.82056620913803	-0.76086068201419
K05364	0.150390656827494	-1.73796312040332	-0.607696772646557	-1.83684726271614	-1.88040159579735	0.955336818576453	0.304551630731858
K05365	-0.675655631185965	-0.0812944275760934	-1.40104317767585	-1.50903673682198	-0.586440249647905	-4.04600879353225	0.41943904709462
K05366	1.93611058795313	-0.10488166189435	0.784700303244937	1.01655356373802	0.302162573371123	1.29094243246376	-0.12123620558139
K05367	-0.0626275817169706	-0.0184866291904733	0.200217931437839	1.09778760161415	0.222469583783339	0.622176082909701	0.0849270517790683
K05368	-0.639505294920401	0.19318570667264	-0.793715001177441	-1.53433199439034	-0.374072864022066	-2.38791200321853	0.395629554506577
K05374	-2.48673644459386	-3.92979745096209	-1.17022967441047	-0.499695258474201	0.384221539530943	-1.46649166744888	0.692458003279007
K05396	-0.38764527237554	0.161175121602984	-1.03597116572822	-1.11583622012123	0.0491352907158834	-2.24677225750625	0.104646354433335
K05499	-0.123916832567648	-0.165912358971862	-0.997232676577221	-1.0077142289637	-0.134023323025514	-1.89054176014602	0.246065228697098
K05501	-0.928353575827078	0.387928624687166	-0.664703727793347	-0.978488402700275	-0.158994271721651	-2.13258358639419	0.360415368791855
K05515	1.97339400851588	-0.156795221331148	0.643264665174831	1.33801369156852	0.131014519069384	1.13647698807776	-0.164549500230514
K05516	0.505297610698744	0.105882902679415	0.857997178006519	1.21177105393425	0.898997858796309	0.637489738047717	-0.108669668916427
K05517	-0.607475546957449	0.26174553209302	-1.17342996699775	-0.543697433805316	-0.452971144881059	-3.67773315113724	0.213169723268784
K05520	-0.816731719137625	0.544647117195101	-0.0270417938944212	-2.00578113112435	0.218176618848036	-0.307272760092618	0.388857036348618
K05522	-0.706947831274466	0.0249835597848609	-1.00420856578315	-1.4740821889399	-0.460898443426897	-2.42508241337478	0.32954624247197
K05523	-0.989317206503348	0.561600883541079	-0.770327569079053	-0.964745955800861	-0.0972751670740145	-2.42463442486465	0.197430878397263
K05526	-0.991614846350149	0.431387026843996	-0.586350322794568	-1.1351865104197	-0.0805655860565203	-3.58931800526321	0.326285868402756
K05527	-0.785154370428518	0.375684161720248	-2.14105141265358	-0.416996198034137	-0.456691458191683	-2.68254181545913	0.221391051527298
K05539	-0.580074576498465	0.178604771432848	-1.2916243086573	-1.35453494105324	-0.330384983982851	-2.11081930798233	0.280813365694321
K05540	0.356087925075098	0.256927927074404	-0.852352262568127	-0.328940885400623	-0.168707548942377	1.76694378453552	-0.196606845143997
K05541	-0.225228873850302	0.118005354938479	0.497426531184066	1.74794880833641	-0.0176705786250132	0.440899701893923	0.0596670503580936
K05568	-2.07588663494726	-3.02336792177203	-1.51437795264686	-1.25689645323738	0.379114226136397	1.33871367770493	-0.438292380902731
K05589	-0.904049543501333	0.211705227432223	-1.85037648780311	-0.954183535909503	-0.191246255602648	-1.63313433331192	0.30130431007985
K05590	-0.85701897537847	0.00284159654137642	-1.236026407313	-1.13110311541542	-0.48034934636574	-1.93208882015884	0.398926287409104
K05591	-0.823145536543326	0.18234791332242	-1.19517660243477	-1.06496556315407	-0.380001499619295	-2.44085427921951	0.309525817152298
K05592	2.03138539397578	0.0716030793761924	0.70895595746075	1.21409450259224	0.486763850484083	1.53337255317032	-0.147523314241134
K05593	-0.506316689611868	0.642941017684908	1.39568841354882	0.960073156023175	1.55384637478371	2.8935178835994	-0.43880693476256
K05595	1.8110847195373	-0.42896086997035	0.450464158225406	0.994985921049267	0.29124648931999	0.187525721371768	-0.178317532423698
K05596	-0.689478544355826	0.309989948806734	-1.12025022609199	-0.968394475316852	-0.124381884302904	-1.14385673206985	0.286828785654343
K05601	1.71156701648097	0.0557974176978782	1.27888136999642	0.58867341812864	0.645800427231978	1.38881954747498	-0.00721249032374538
K05606	0.81798441910605	0.469850738582583	1.31930673019921	1.76063005414024	0.343510434661101	1.22300128835499	-0.114151627305709
K05685	-0.955699829222159	0.408617694911928	-1.04923546416725	-1.25380476031288	-0.256681873764803	-2.03362533253372	0.335487931486405
K05708	-0.563137439848379	0.23503534966466	-2.0610893975016	-1.64247961554512	-0.115894167985727	-2.25324222248733	0.189988463636673
K05709	-1.52221479809423	0.975468714771242	-2.73265230758155	-1.1733556560038	0.526862130198668	-1.34409925144851	0.410168200250901
K05710	-1.38553419506689	0.348277051982851	-2.90770614249672	-1.46001179728493	-0.014366365339567	-3.54499503773391	0.459990053888596
K05711	-0.893323330046133	0.434583623943301	-2.07642066581215	-1.29075093779549	-0.0523091473839777	-1.99523803394974	0.322388976331986
K05712	-0.435440210463003	0.0577224391078666	-0.959895254206311	-1.7295901349543	-0.2785219394825	-2.31240722340286	0.268904953714646
K05713	-0.552563695074515	-0.0409658504152581	-1.56359684569801	-1.7655951550959	-0.421154125895311	-3.96660253208816	0.335737078901566
K05714	-0.572229293943838	0.0763659673309043	-1.1439237604853	-1.51625545535073	-0.229508801665117	-2.73807665508926	0.249913900610245
K05770	-0.0243844071640531	-0.0885133398199364	0.575904413032878	-0.712196426725238	0.861090616021345	0.116822274506686	-0.500203200164997
K05774	-1.1910566369309	0.629825730857821	-1.06123793227638	-0.0633336475847658	0.150780447457026	-1.59368654888809	0.484264224287308
K05775	-1.18151059544225	0.542435665664645	-1.04375863177742	-0.825856523847431	-0.18933784898739	-2.72557326954544	0.33672442984227
K05776	0.637097744433685	-0.101752559604673	0.651095314789165	0.318210733795315	0.488633469376753	0.0837126095896936	-0.0433145766293637
K05777	-0.885212687612967	0.0713335173701957	-1.69811976058448	-1.09189720664009	-0.418887957300951	-2.81624957722366	0.319449334856308
K05778	-1.71215858853002	0.547863562641115	-0.927353859972607	-0.489159362649768	-0.23904941913109	-3.22033187550247	0.427627771612442
K05779	-1.2614547292008	0.658134241638155	-0.89527261359657	-0.421536462640613	-0.0510715537927645	-2.19069406193435	0.323533564325608
K05780	-0.824194101454214	0.685174067554446	-0.725820661615979	0.633858440184743	0.299494818482588	-1.22080656689346	0.298677712198532
K05781	-0.825246600271658	0.399340887603731	-0.600214005541455	0.743703109884411	0.130389549467753	-1.02490374249161	0.265019982572831
K05782	-1.23702040112157	0.557583172855349	-0.861706019472729	-1.26761312994942	-0.106874435510446	-2.31224676769912	0.352051108595169
K05785	-0.795676020742849	0.431241055068941	-0.942928196024548	-1.04089255843148	-0.466980829205324	-4.10861608189285	0.496371060129441
K05786	-0.0406396070732633	1.19299670034406	-1.1879866133448	-0.692196445798725	-0.277296020951082	0.476058097661135	0.131213336702622
K05787	-1.05048206246038	0.620793362197848	-1.04954123599495	-0.7241004279612	0.358464435372542	-2.20816036862076	0.218971341367997
K05788	-0.973053363920645	0.248899390039416	-0.209212423395764	-1.5329291394709	-0.0927001380584734	-2.35340449017227	0.181510179754532
K05789	-2.33319130337377	-1.36171559518817	0.15819355742966	-1.20201762232766	-0.139117121066858	-2.27126928967178	0.627162783857621
K05790	-0.625494984747366	0.109689225492449	-0.785191775393139	-1.34747942004189	-0.329471244778444	-3.50651857060135	0.392170398947037
K05794	-2.36640539562841	-0.454910184206991	0.445920920837272	-2.70590062651619	-2.80772517558556	0.376877101243136	0.855642765280045
K05795	-2.23905458843847	-3.34835890954974	1.05651575224434	0.898357523346097	1.2877400076725	2.5013037045604	-0.00942158747073329
K05796	-0.44736948406835	0.14977722340581	-1.43412721259559	-0.22458745751366	-0.30702011224251	-3.24597617787063	0.206712334867752
K05798	-0.367579011084036	0.0408467548465446	-1.15331733329261	-1.68308444533333	-0.609294935431291	-2.87660690945328	0.259788661714829
K05799	1.03462070429186	-0.885346095027952	0.0346857299092898	-0.393157737588733	-0.258334442343523	1.01807230442077	0.0313510889971622
K05800	-0.468040494085745	-0.0647404593849465	-0.77865827186073	-1.15922029528603	-0.352610125508119	-3.19373866718948	0.36834463429097
K05801	0.292186023829981	0.198004146156283	1.0487271537069	0.322251958513409	0.612232700619887	-0.0339103619450354	-0.0638943915402523
K05802	-0.616902140737967	-0.0955847231173798	-1.36950719459022	-1.47379334483132	-0.618236287798693	-2.83807584446609	0.384889572378434
K05803	-0.358274189592795	-0.151156826826362	-1.67433273894752	-1.60651727232918	-0.750876351561357	-3.0363909880513	0.337335496660508
K05804	-0.489065436483816	-0.00201278454306572	-0.989289046358716	-1.55139728102669	-0.565152689184954	-2.69356414478958	0.367281227823532
K05805	-0.805116442800955	0.206493576106997	-0.71181154353584	-0.818068342542499	-0.124410315718462	-3.71691486042679	0.31499853682164
K05807	0.53436789864163	-0.178448523345022	1.14989447491204	1.92477504696861	0.69634743097801	0.87964856821358	-0.0845625703370205
K05808	1.38396540486674	0.472999890384646	1.01341962711846	1.4149268695356	0.917810992036055	1.53626039820969	-0.189578146222793
K05809	-0.545064596296744	0.531467993793459	-1.0209442387339	-0.675376730298847	-0.524631484713365	-1.52881380718887	0.0397184784376987
K05810	1.30304840409617	0.157260020313235	1.13174837725197	1.20269261088386	0.0446997356377942	0.931728297949431	-0.113712877515518
K05811	-0.858296660543875	0.1657987731075	-0.431811929773938	-0.779655533170551	-0.449478938545992	-1.71292349499405	0.339799373861588
K05812	-0.8619573394074	0.367885370788546	-1.15445411307777	-0.927120404577106	-0.208179637160112	-2.79313465756119	0.375542431589402
K05813	-0.193424848677115	-0.111281569066076	-0.37186819417442	-0.946330385541767	0.0873446247317297	-0.565083352743986	0.262879818197525
K05814	-0.415408758284048	0.0728717344379142	-0.478391529154431	-0.695378260946124	0.256195232901762	-0.7158468644017	0.21009120297078
K05815	-0.290483621717886	0.0771143334483817	-0.30127847297157	-0.981295662259906	0.323681638274382	-0.309606877982023	0.200756996389664
K05816	-0.352322188974814	-0.0396172804260537	-0.459636570047986	-0.876557903623432	-0.34704770084839	-1.88835832279861	0.370726137872971
K05817	-0.967135099531607	0.538290997085543	-1.91023981673683	-1.7922601274012	0.0856673202254278	-3.41144820851028	0.227955549474991
K05818	-0.579692391516165	0.134416778621645	-1.43153536422218	-1.50653942141518	-0.273569389548113	-2.25648185414016	0.268773048635758
K05819	-1.14015450871129	0.0522423880672172	-0.551755310129773	-1.74241681609139	-0.341099932160189	-2.03137942951858	0.404889970537461
K05820	-0.91326930916448	0.0556707578277305	-1.12910688025917	-1.37031240973458	-0.438094630207826	-0.816841808974149	0.466060846563614
K05823	-0.455490020872549	1.58207162195203	-2.31796252829994	0.439391256982237	0.216286555562208	4.03849652606308	-0.865532905343734
K05825	0.0109009464965304	-2.24581555551532	2.64201104538475	-1.24371083292946	-0.684032245840837	0.460702033818362	-0.115376264337265
K05832	1.34909489953379	0.435795445976229	1.56388199226891	0.98533914771095	0.669662252698134	2.38654926616013	-0.22185023177024
K05833	2.0778288563476	-0.0476104421043679	1.35106712477242	0.874117417001874	0.656663790974806	2.08875242072403	-0.171537727597915
K05834	-0.848010925413565	0.121092398700686	-0.943680168223034	-1.32272286925301	-0.459943964447786	-2.25836345356643	0.391790657755173
K05835	-1.05422678387304	0.587967117366762	-2.92968666655983	-1.28970308814034	0.0750658853687746	-2.39428207081497	0.256745546575821
K05837	1.1773680766807	0.732343276081057	0.780695645976413	1.32467369523063	0.887872055802534	1.84302827912628	-0.216458842638694
K05838	-0.749966410757498	0.148452241954775	-0.384707332682263	-1.12193711314186	-0.511411651339342	-0.0547151247853064	0.44458028626088
K05839	-0.584533599974112	0.0735254483794883	-1.66091644866432	-1.05892296347603	-0.397309555973818	-2.99693891209305	0.297682970281876
K05844	-1.06866922772069	0.517215152320833	-0.827273250651013	-0.416039007043689	-0.0377629914544123	-1.52132507961929	0.397576421018875
K05845	-0.434951213957266	0.290233035621615	-1.03664171798195	-1.02708454642281	-0.280819281306078	-1.368936745345	0.180464714285172
K05846	-0.512285141111807	0.612155755100222	-0.906433344912182	-0.329099433755725	-0.0649598458073633	-1.42485496205032	0.317062109228409
K05847	0.497716995118662	1.15957434946057	-0.810138464998852	1.45913837637916	0.283918247256468	2.2951451857692	-0.462004293236696
K05851	-0.620462922216849	0.269387085971804	-0.886476040911328	-1.01539989027962	-0.160807325806429	-2.05255457562149	0.324981480356491
K05873	-1.73322096264501	-2.8320589465523	-1.3434802304026	-0.9278677276133	2.1198773539402	3.20645502406418	-0.961577922586166
K05874	-1.04546144402166	0.298654218254061	-1.53363430602516	-0.756369071340412	-0.264951511587908	-2.14946862858474	0.371450274702347
K05875	-1.36251571571966	0.588971038398714	-1.00774848563636	-0.912085490560382	-0.166289537515451	-1.93077036541641	0.300008326288498
K05876	-1.50814643299718	0.669989486274691	-0.610822440218579	-1.56353970084175	0.0455144128539068	-2.05006715458572	0.272965222116745
K05877	0.158532144664331	1.24171694093701	-1.05030405623878	0.0756612249852721	-3.49523232814293	-0.79093619984329	-1.35454556393977
K05878	-0.0964194217934171	0.756350179252596	0.182415514159549	1.36275230135933	0.582704619202803	1.08516225042999	-0.175651491168701
K05879	-0.454617170454458	0.767116447029085	-0.827740670275342	0.383144845926911	0.357517496380995	1.14692480313837	-0.0209041540658108
K05880	-0.459562925459341	-0.0840300274515435	-1.50832045180763	-1.2443708947657	-0.487444206442644	-3.31914922398269	0.263344555612839
K05881	-0.547521380545096	1.08077474409101	-1.07015514476265	-0.396209972238391	0.0351031298526031	0.701450528681872	-0.145903528217041
K05887	-1.09467759525915	0.420313735542269	-1.22639870746101	-1.02433164629921	-0.396312519278337	-3.41102096241653	0.276224940534867
K05895	-0.515300897718863	1.73464473062512	1.08633482353722	1.71164123501793	0.0506159147955877	1.78032973605454	-0.255549788955413
K05896	0.960581155656381	0.743543167648287	1.20717257158791	1.17579327311531	0.0670280164815885	2.31462112265885	-0.405328806970083
K05916	-0.425862697721914	0.000763719019861525	-1.40515554053749	-1.35513337168679	-0.451245024170687	-1.91516276997268	0.2858624155486
K05919	1.00059211456637	0.474361796913119	0.854916064906467	0.379091491663605	0.752243474755476	1.96920535165131	-0.228952855352127
K05921	-0.327705709101156	-4.07175735658648	-1.09594500167335	-2.06490393195137	-2.3229982697628	-2.42065211933792	-0.725882888320648
K05934	0.255562843917414	0.786256154117556	-0.258567393850934	-0.585632758474201	-0.947846754755785	1.3472831864959	-0.126723677400314
K05936	1.02857405149798	0.299826999244662	0.560095260757554	0.789636684322507	0.392579690251539	1.71513238745987	-0.0835228865182034
K05939	-0.226880399347738	-0.0426728082323357	0.798540948796619	1.84320144143119	0.0505334666707022	0.340435477078555	0.0701918895209201
K05946	0.884354205964609	0.469885607299776	-0.95883929831947	-0.441426294183582	-0.737555905546953	1.47802227932274	-0.169724613908493
K05964	-0.525715021254019	-0.374172682824163	-1.16558098895515	-1.39056177649483	-0.711873992647936	-3.0443312804097	0.419686585184372
K05966	-0.898698476911978	0.23229389363286	-1.22486817939247	-0.701193528508991	-0.1105092608593	-2.75895044010818	0.347614675279892
K05970	1.56311634385447	-0.458945716681509	1.39789485828911	1.28395269598976	0.708116546902846	1.18050703603089	-0.163802683833801
K05982	-0.751279620291189	0.272619386253329	-0.764814973902356	-1.12254460368142	-0.281105115380098	-2.77021142643631	0.415393262621201
K05984	-1.14151587879796	0.379432876644106	-0.96217501265968	-0.991878347730487	-0.254401042427828	-2.42322727841079	0.324514418360031
K05985	0.678026819764181	1.38453992181775	1.36155432360207	1.35690198626533	0.641326860223005	2.81966260272324	-0.4080923642179
K05988	-1.25097897446294	0.797840912876101	0.0177867700341829	1.40012411561027	0.36163412097473	2.26077655154526	-0.172960207346641
K05989	0.530372897325559	-0.292913305523424	1.21021228926216	0.774916691446454	0.494732395444105	1.21853433746159	0.0223828847372898
K05995	1.96216270530085	-0.859392802181272	0.893215536046375	-0.633096533155292	-0.279415383305361	1.15894538360893	0.0564298028910526
K05997	-0.0119284073128263	0.360229929027529	-0.98902773959602	0.091557038688809	-3.51070211764794	-1.34461018246353	-0.504584052149021
K06001	1.05290338599543	-0.82567677921298	2.28660738365685	1.94676653828636	1.12779428127785	1.40405571657479	-0.107208252433502
K06006	-0.513587621809439	-0.0376654667282388	-0.958601475786816	-1.14667947802529	-0.50701622601967	-3.1301991621846	0.356326251741684
K06012	0.518534133373304	-1.63400475210193	1.18872731821572	0.95907543387428	0.0132333642580015	1.92067453461945	-0.0516647999322049
K06016	-2.64173379337926	3.77045222097394	2.01507937805687	-1.46424658808693	0.0398724821173055	0.757295461476443	-0.0713129644429318
K06023	1.4896970113502	-0.653427223625211	1.32522046463524	1.11196307625785	0.460092649493406	1.99367496568024	-0.134226531270706
K06024	0.950810672877832	0.618475039539309	1.73492932217156	1.48523704495445	0.604562119279097	2.41413238841355	-0.196267158273422
K06039	-1.2641824761643	0.0246296870088294	-1.04007780654396	-1.65924902472481	-0.433062895502855	-2.69256517094314	0.388705759760178
K06041	0.934906276105448	0.622042317924471	1.16594982044731	1.79485706772819	0.662286416325758	0.958556192100642	-0.0158180897271267
K06042	0.462398188351198	0.770934184131594	0.320257200765956	0.747507108116299	0.370106891427229	1.91470733481705	-0.110749155763351
K06045	-0.752245930792288	-4.41267923540118	1.48444014685189	2.83430652108207	-0.724651321139147	1.292370321334	-0.10852554488536
K06048	-0.596139577986197	0.124862452087374	-1.25849485499824	-1.32730014834389	-0.226426019635011	-1.90083452862442	0.294502406832016
K06074	-0.927179364325003	0.0540462630366996	-0.966763020586621	-0.822082953786701	-0.364293351139833	-2.07643124264419	0.365722208734787
K06075	-0.661477593542532	0.316403348979922	-1.74698126418556	-0.631063895559162	-0.483218117918779	-2.80844756764114	0.133968740221299
K06076	0.318172903893991	0.0961066382503226	1.14857226507698	1.05150960173622	0.773227409157942	0.753662826598284	-0.120568305734359
K06077	-0.957186845900015	-0.339229728045492	1.16597247021233	2.44401685681358	-0.0387921178005236	1.08793959963381	-0.0330002908742062
K06078	-1.59210124409337	0.639480491218539	0.456112294364322	-1.62880631003365	0.0871203026511175	-2.06214925450027	0.381915240999497
K06079	-0.418699530722098	0.24592732363698	0.16979884998833	-0.22906686577782	0.436429992947767	-1.65557405155838	0.144078522440232
K06080	-1.49235787785192	-0.0228335214281365	-1.17154944045509	-1.13856549773201	-0.128100960817148	-2.76877257031143	0.484627514597214
K06113	0.400434153317018	-0.28642743355277	1.01337057249581	0.527189181858451	0.563724890980909	0.986093787581322	-0.0688491170441738
K06131	3.02043518626551	-0.791547755661039	0.73062917487656	0.585998294615895	0.262986303005407	1.10470739203751	-0.221580133322441
K06132	1.79819700324397	-0.963070492210417	0.921267299819339	-1.68233461890206	0.46902741554756	0.371269257844088	-0.0968511407410733
K06133	0.819641785858675	-0.784312109413175	-1.34815049273933	-0.803989367818683	-0.54903624888878	0.330529483140109	0.140885561224259
K06140	-0.368158010603384	0.271193762359591	-1.21645879847969	-0.998207407331317	-0.49765674706917	-2.08259269398391	0.224553137537278
K06141	-0.487383274198965	-0.263626831533937	-0.987485052179944	-1.57249541792855	-0.558058186735918	-3.28055974644363	0.420663922544754
K06142	1.22251978719096	0.737477024135561	1.01025867359673	1.48388199296013	1.16461791161079	0.841299789131281	-0.178678215030395
K06143	-0.542976168753103	0.109585155782671	-0.778650523256909	-0.601273732519	-0.381367816891481	-1.16421291035354	0.296791821237839
K06144	-0.358241168619589	0.0280564772462562	-1.10741877658332	-1.74386497054085	-0.504797979559709	-2.84722515743911	0.190525024648941
K06145	-0.639349130751089	0.0606888728713706	-1.12639641864265	-1.30018027338967	-0.393599822487642	-2.48303076428116	0.425992875810898
K06147	3.55295261943202	-0.522746483745603	1.41369455950295	1.00692306246772	0.761520460877607	1.872997554124	-0.0507357423340908
K06148	0.453191222785517	-0.338514978947668	-0.469560624193799	-0.438046591615528	-0.132943584885408	2.07757988768875	-0.160162598375045
K06149	-0.54545560276647	0.0535971718406394	-1.06088471515144	-1.27262087378487	-0.474944158758928	-2.73269793194473	0.363438218351639
K06153	1.7596269568191	-0.27390261268857	1.00665289061104	1.30869219985023	0.527887330088804	1.71044287282288	-0.110341042760574
K06155	-1.10337939655919	-0.16876050731781	-1.36764383418525	-2.09874506506905	-0.663204475607683	0.254411252320407	0.709917991873062
K06156	0.108946563838526	0.0545156496143058	0.644565313029636	0.0481070407868925	0.320877984795759	1.33587521511376	-9.74540745846131e-05
K06158	2.13996574485163	-0.003138343753843	1.0881044854406	1.41588996138588	0.730406299863051	1.65376082259476	-0.0913700466191403
K06159	-1.11436214840551	0.102718551692934	-0.968498588633191	-0.859691577291339	-0.371596410240938	-3.57795688313186	0.371661096330918
K06162	-0.680605796934561	0.423306484756441	-0.636963368487012	0.952765209341199	0.0957569039203627	-1.39215680760086	0.199720412012375
K06163	-0.806466249586538	0.388225157794924	-0.806488753389966	0.224370760584027	0.105028287205885	-1.48202463787735	0.339275985475815
K06164	-1.02306905186315	0.674132962760897	-1.17271900279487	0.697932390237004	0.419956699643324	-1.14828821819961	0.315339236971176
K06165	-1.27243807709356	0.838800867137881	-0.495882512163769	0.754128707313687	0.462358311448286	-0.682315198599698	0.332413583513535
K06166	-1.02275672352453	0.645285506782503	-0.613806606363904	0.595741336906106	0.174709335599135	-0.741851536452176	0.32127192568425
K06167	0.3954270502315	0.184596140918703	1.35059428112542	2.0667611786367	0.761386648450087	1.34056920009911	-0.0665671234166256
K06168	1.72212693297724	-0.0556371462965295	1.03809320824181	1.29340468134895	0.478754953179548	1.27266225415528	-0.0377155249154202
K06173	2.05109963023524	-0.0463192415857598	1.02226781742607	1.28021339859977	0.125964582596014	1.77957043248474	-0.159398556235992
K06175	-0.966582564474539	0.370824952659579	-0.895724655222546	-1.01427777323708	-0.275015755858232	-2.52851697605789	0.339396446462906
K06176	-0.673932699324087	0.120153804359408	-0.987542391848218	-0.996404366826862	-0.0295543031058806	-2.48245784443557	0.268994837518967
K06177	0.462828846810861	-0.0954688889408395	0.19499924676453	-0.354512231683582	0.120109171304892	0.228919001401064	0.148751705404557
K06178	1.79434380137782	0.312544186649294	1.29905438320671	1.34508435215965	0.545245543751906	1.59355268079102	-0.183211863521301
K06179	1.37768230044703	-0.917129854621916	1.01642763512169	-0.171389477586597	-0.224246158566286	1.12329720157444	-0.0647602682149044
K06180	2.72879800402979	0.234681566295595	1.15336841242348	1.42201857056633	0.553035095963667	1.82803693610489	-0.168355435613357
K06181	-0.361738947988943	0.305748363075228	0.440018500107873	2.21480099644676	0.0788846618272764	0.904967749596236	-0.0205144588982693
K06182	0.505066426633402	-0.571307311716108	-0.989728213381421	-0.808109360074848	-0.462079956497957	0.86259617108166	0.0604686136210331
K06183	1.45154068076472	0.468075831470461	0.861118822265018	1.46332202639595	0.104897030327509	2.28005698520005	-0.218959078673088
K06186	-1.52524104511877	0.905132015285464	-0.44046235187019	-0.816981988286823	0.141512744758318	-3.04777642887771	0.274260848280228
K06187	1.82000753486018	0.207876403865786	1.54700612919365	1.5288304516317	0.689980462823103	1.7864377220279	-0.0837281053101651
K06188	-0.603716639639334	0.827288229999514	0.848041503596652	1.34334246602073	0.649938777718733	2.30085233050644	-0.0769272451436154
K06189	-0.542708663107351	0.178986867008181	-0.877710701059949	-1.30449672255501	-0.283496423926164	-2.22885390919388	0.172093182321823
K06190	-1.57255807316442	0.54952230030057	-2.5035771141764	-0.789127068853229	-0.317462875809481	-2.12724086445511	0.225253730531968
K06191	-0.382417408586935	0.95323916250226	0.390339239406932	-0.44505031619057	-0.0106741444430845	1.96312204200089	-0.0185585920846096
K06192	-0.695175794722036	0.0463923411941245	-0.898891569208752	-1.53514619383797	-0.675301297869493	-3.20688077610672	0.350814610239304
K06193	0.326440306542917	1.03508504205701	-0.615364314150464	-0.777892904615253	-0.0961442583463686	1.19049702781498	-0.234208226684295
K06194	-0.816015509726004	0.167458464441271	0.532681881356586	0.0455290206910673	-0.0780199759862917	-0.616188852011564	0.205897062536515
K06195	-1.19632687962194	0.335802991924258	1.0957145084623	1.83559922661796	0.399656102690886	0.885551275790331	0.167329638716019
K06196	-0.908749131323294	1.02302654558179	-0.644643903803479	2.53661446061149	0.345146433148573	4.05982712107956	-1.11797103333827
K06197	-1.50611534512182	0.860521038112612	-0.724896312784802	-1.21343322310433	0.143335991237353	-2.76543947857559	0.10722437452916
K06198	-0.79509725964208	2.06078406148908	-1.99926650626625	0.830658567810208	0.419981375966261	3.6107688267833	-0.945936829332077
K06199	0.556616695760294	0.3970418768501	0.628760903048862	0.981618208551556	0.0673864415623648	1.24472738999188	0.121482163187302
K06200	1.14225766265254	0.262525131044359	1.21047979490792	0.459532623851449	0.696093872819136	1.67413291531861	-0.00758773136492885
K06201	1.17033180796961	0.00044806772229225	0.870129196811069	1.45161597218528	0.472467795643995	1.9709731658107	-0.178858519080841
K06202	-0.669391898275808	0.377381105957003	-0.844336629938733	-1.65727825674996	-0.194227411713411	-1.58271094959915	0.237421243902481
K06203	-0.547443775297598	0.281249065933199	-0.752208472323071	-1.37989194903359	-0.332621201243212	-2.16811367672622	0.20336660694722
K06204	-1.02371409332891	0.289689083633395	-0.465657950472485	-1.09969957385048	-0.316464021172335	-1.56879874867141	0.305806546922959
K06205	-0.733994869352774	0.454627950725527	-1.10617244346107	-1.06124980959877	-0.160455419983675	-3.67617150944412	0.2657829816306
K06206	0.73264940285544	0.721252103385897	0.645520283747066	0.0114496776105467	-0.0606202625892657	1.34962496358216	-0.0498428945576779
K06207	2.40240737998347	-0.145665976169138	1.32582270996605	1.01478729929939	0.652506068978499	1.4925159831649	-0.0781770055329434
K06209	0.581552909849687	0.388176162776919	0.854530065226901	-0.279301600789874	0.0254902277850014	1.50372296768486	-0.147961438182556
K06211	-0.475291995169119	0.145163466272326	-1.48382425410713	-1.23627563033089	-0.525432451929857	-1.03801581066787	0.304539352175034
K06212	-0.45858660137792	0.260462631521197	-1.2101817141291	-0.892215328550189	-0.52012692328911	-2.51311704319656	0.180519133325852
K06213	1.85750302874903	-0.921072999897032	1.40552687542473	0.532074467951209	0.204333604011725	1.28119000989258	-0.103962570909225
K06214	-0.693632868887381	0.118572582540484	-1.48096013171638	-1.33374162230477	-0.57794968720894	-3.03866883915603	0.260421543833054
K06215	0.857797535298868	-0.128668609025507	1.99765086071526	1.40744338717476	1.5782753384449	2.07795575457871	-0.0556137864625088
K06217	2.17339596354823	-0.0920417932296082	1.32423090832268	0.705359114074856	0.526327297721098	1.40454945164978	-0.044160098317825
K06218	1.30062911116938	0.540908296642275	-2.80299007995094	0.0711242982389036	-1.3426230990551	0.591335149586794	-0.527752340320312
K06219	-0.737064985395865	0.0463548498725608	-1.07571721179451	-1.04520280871376	-0.655048712458422	-2.69174501103103	0.357078104730881
K06221	-0.212069360376791	-0.505155573549299	-1.29627299411262	-1.7417561582087	-0.593161925043871	-2.76404735249222	0.521451144930161
K06222	-0.520916012884573	0.204001356897326	-0.738690973353039	-1.0359181931971	-0.591383799280931	-3.73911973637283	0.207324951406754
K06223	1.29583701693873	0.573058744010897	2.08788967030083	0.189980728292615	-0.399365022148897	1.14830437499344	-0.106920540813171
K06281	0.635614356188579	0.857565124568911	0.0757028152230868	1.33339820590034	-0.0705922984741228	-0.0646680275791907	0.0318850572073826
K06282	0.144454272626444	0.994360406932802	0.352100162673343	1.57060234036461	0.179787487421225	0.383420975983737	0.0837261970007785
K06283	-0.200953690172629	-1.5956247252846	1.38665223019158	0.846332592630536	0.0116324170269472	1.77720585662186	0.182685583349503
K06284	-0.224965004087881	-0.509154627981214	2.21043026344811	1.16878752198234	0.881996349129866	2.34512451487839	-0.201617345694267
K06286	-0.665222791792349	1.9274658756828	-2.16932571036781	0.275178415441662	0.176765233907889	3.81456139880478	-0.855652839425766
K06287	1.62604913318019	-0.0905186486864373	0.694528593588222	0.931438548231274	-0.0228149772844809	1.24960421222508	-0.0639632051026455
K06295	-0.394201068045096	-1.1861027879143	1.84970068829094	-0.840760307645648	-0.978987559046556	1.15724191266358	0.0626611704790958
K06297	-1.90411940014501	-3.71356038278583	3.10566866295372	-0.0599402359484132	-0.820421978201677	2.02600440579712	0.07307451915387
K06298	0.243749322532221	-2.72989515489581	-1.74286329848732	-0.779094295835346	-1.50810299750786	1.50792992311775	-0.23860493350383
K06310	0.146536620496317	-3.4819350642586	-0.470645130705487	-0.727333145475238	-0.108500062789728	1.51314443546593	0.00329101037625157
K06317	-3.81215229427953	-0.720827917518644	1.50798344509636	-1.98450108084664	0.622559086117933	2.28180888491928	0.534397035356797
K06320	-0.409177092672781	-2.28803447908404	-2.5235601673838	-2.13365574393257	-3.81778739329796	-2.48906037014663	-0.634558871868812
K06330	-2.02994242108007	0.053702225027056	-1.97161090476478	-2.05544634375557	-0.978626712527086	1.54966935712158	0.0233539040053257
K06333	-1.70630040562292	-2.01628629392627	2.2414453019384	-1.55950780425057	-0.273564472164919	1.2730957289344	0.338876813169754
K06334	-0.00479486382146277	-1.51511673158648	2.56979977982079	0.527380807066113	0.670477584634016	1.74835023480713	0.123623698469437
K06346	1.41845724189143	0.386903663215609	0.850701837706912	0.58172464903608	0.251200721297453	1.93375864821732	-0.187251061681472
K06373	-1.82403412258764	-3.96515492624286	2.49511027233635	-0.226551728582233	0.0325877266480056	1.7097758372432	0.257853418108261
K06374	-1.21676590836187	-4.29699711030963	2.85984146492516	-0.38432969365105	-0.227243020500948	1.47926601964295	0.130763440843857
K06378	0.287503602145716	-1.50538794225696	1.32862925426995	1.31836931195274	-0.133808746304323	1.88164398270905	-0.105876178029739
K06379	0.305542083619638	-1.08424190706256	1.62164628403221	0.504080427551419	-0.0665139624140757	1.689164193452	0.0538413519823917
K06381	0.689489582716032	-1.50576798147204	1.51231193439995	1.353435916567	-0.293345555033495	1.98303780156433	-0.117610633853637
K06382	0.882981481193109	-2.15819243616107	0.527367074880351	0.883193535471112	-0.313680722679903	1.66523423987686	-0.14840421128627
K06383	0.0541713556037386	-2.63769082254413	0.862053929734577	-0.676104741430133	-0.832647486891558	1.22609165507614	0.0393672282660373
K06384	-0.714787153364615	-3.43626097864154	-1.68304026229347	-2.00785847220406	-1.66988871928673	-0.612994281470182	0.157023041960038
K06385	0.726418050168558	-1.21590987867358	1.01918822424446	1.04228989567772	-0.00179472502689535	1.90796324807465	-0.137462735656463
K06387	0.649875445453926	-1.82566181844714	-0.0309433351274839	0.883497280740887	-1.13879679080467	1.43061191040337	-0.154233992580139
K06390	0.767442839382692	-3.06458262628558	0.355017005372394	0.583931555712372	-0.523042782511522	1.51969614821732	-0.129610479358398
K06391	-1.74618568813939	-2.00446001714709	2.33904206650292	-0.812013821935504	-0.595579847063829	1.46417480903923	0.356413214918412
K06392	-0.536182550550894	-0.193029534953265	2.86986076729332	1.7378832527639	1.69151081207771	2.90569725829422	0.0164330894911655
K06393	0.43252930247645	-3.78778533166888	0.6806045611385	1.07380614962593	-1.01269350882988	1.76346990662873	-0.294945821646415
K06394	0.425253035663172	-2.22437767213824	0.849011181760181	0.555972991252095	-0.814018114771654	1.48226747113526	-0.111897618058883
K06395	-0.177442399622397	-2.16168801015857	-3.09242785079445	-0.385238843297809	-0.414254500832369	1.52928731042206	-0.234085277203285
K06396	-0.580117372633413	-3.37354616350177	1.66338956253563	1.56656317200676	-0.0999888771436709	1.95034131604492	-0.271913797143661
K06397	0.254111262200876	-1.74763433164599	0.866148590016712	0.112531615162045	-0.397646918263246	1.60618224936783	0.0756633276903995
K06398	0.495718816457792	-2.84306649393084	1.59251129524742	0.150512529277951	-0.265063419308473	1.31883964139282	0.0501837725603946
K06399	0.548325469879909	-1.57454113191607	1.22781383888756	0.847008807325513	-0.232546164955904	1.70200357037842	-0.0552411680256955
K06400	1.27425411546092	-1.24270526594165	0.689387499261249	-0.294919567441791	1.32300962570686	1.95301881629288	-0.300297514084541
K06403	0.293835522769495	-3.0345120829964	-0.790456892084729	-1.24365170512184	-1.12706039782982	1.04895288693964	0.0614483053648838
K06404	-0.723149208189444	-2.31786660379413	-0.109346510004651	-0.356732147073596	-0.57428245183449	1.8341871817714	0.092278152223862
K06405	0.434744300483271	-1.16011981195453	2.37206470863854	1.4450895616056	0.858419493470381	2.38697353202164	-0.133890748504364
K06406	0.12206319177012	-1.71877245134356	1.07085221903359	-0.255908327436298	-0.230909361805727	1.53756025630295	0.181609898325241
K06407	0.499646799801393	-1.12673453516009	1.11639398233925	1.42078618493095	0.529338882003019	2.18425908881485	-0.151611507419311
K06408	-1.53724828159948	-0.924507359924345	-0.55301129920448	-0.874689894056171	0.106910743448923	1.07712105485856	0.297529607530869
K06409	1.0926729758964	0.65212102704999	0.286033182311405	0.413057384753377	-0.768328174319078	1.52741873461067	-0.151797801736557
K06410	0.155075373290583	-2.33606509393695	1.14595365421807	-0.346913712358325	-1.00610302325707	1.33030581671059	0.114124565836228
K06411	0.466042744158312	-1.92285601324084	1.36931049721276	1.53138761010185	0.302479968104551	2.24186018306076	-0.167004347327911
K06412	0.639673831103845	-1.21405748552325	2.15473413364922	0.277911929154545	1.69057346943397	2.28863874274552	-0.171776980642044
K06416	-1.95337787068029	-1.10620526498797	1.74239885704552	2.59436587777153	1.33327080372352	2.06473151046097	-0.304395959261619
K06438	0.923047037957712	-2.75233940309527	0.857350437808383	0.55842082735315	-0.978870495524217	1.35262215334236	-0.253183767679893
K06442	1.22410014474253	0.25773431831357	1.92647123234307	1.3465063997747	0.339722648892592	2.01934221583664	-0.155619979385101
K06445	-0.609301714064078	-0.0465808761740014	-1.18637216193641	-1.35689790759072	-0.58781228896599	-2.97102042835891	0.430102496858872
K06447	-1.0129115859284	0.231812854347201	-0.669672967028271	-0.944490151738971	-0.334465547766497	-2.16216274899185	0.352133541818894
K06518	-0.606611756445364	1.00419886880872	1.52408468620812	2.22645418133751	1.2688647663929	2.70448389846146	-0.119908094886505
K06603	-1.02380719578405	-1.36047832197192	-0.251779020857464	-0.0389345458506044	-0.471973284449388	2.19194033938706	-0.0138105754887692
K06605	-1.55539050495763	-1.40203885263446	-1.9531370411631	-1.71712012801155	1.68444706562538	0.415526898682711	-0.357725292924606
K06606	-1.14243474400182	-1.45083860582355	-2.1686013947245	-1.85707755599007	1.29373611572761	2.86821583110153	-0.474965978894197
K06608	-2.06707730686803	-1.31980399316791	-1.67433107001747	-1.50306196722969	1.56176938179512	0.770734282315371	-0.268964276198112
K06610	-3.13446703350683	-0.826045255126981	0.54206099631225	-0.717357950544208	-0.152249842252542	1.0771717672354	-0.339142889264785
K06726	-1.00634780323644	2.13136740499494	-0.369404555391919	-1.01654370341286	0.116990313563536	-1.76806184452713	0.0735605652296909
K06858	-0.472373513342337	0.00262505286690742	-1.46207702262367	-1.5756446889399	-0.563017889227678	-2.64164849919021	0.337485044714249
K06859	-1.84380546009679	-1.44426469034198	-0.153400481772076	1.53668944325462	1.40529610279579	-1.64192029637039	-0.444957079846226
K06861	1.30264803969721	0.411935647067995	1.03517687218224	1.53696994271293	1.03424026134987	0.938389564037917	-0.0849132542645565
K06864	-0.931058196188406	-1.64986781305316	0.50314887056553	2.60615424599662	0.518440411124418	1.86662730771363	0.0093578691447147
K06866	-1.85778060352941	1.09619410806653	-0.691515327524792	-0.386354046201557	0.391826496157835	-2.73686596554458	0.24396970820073
K06867	1.15099343860011	0.718891103801699	-1.19911158187355	-0.272684591150134	-1.05289100047569	0.938096637011168	-0.55254370022174
K06871	2.41929635608058	-0.19123324094954	1.00767713682686	0.235296858215481	0.269869760308455	0.996185133338568	-0.0918125216996304
K06872	1.21327260339121	-0.633792529764204	0.502263646479298	0.389174436891228	-0.187447234358599	1.02528746576294	-0.0646638875043026
K06878	0.190622003911539	1.16838236623761	-0.957929373812329	0.324770269656331	0.357643113169859	2.58298328715622	-0.379533775631153
K06879	-0.189944831491903	-0.0577472401285455	-1.51050245864357	-1.37767358336434	-0.595526202883531	-3.9283268133992	0.163025587316788
K06881	1.74763283336024	0.0388313429927543	1.08450150387322	1.5947118231298	0.260207236442755	1.74154946404755	-0.227458447698318
K06884	-1.06475940144201	0.776460667190523	-1.04032051665748	-0.907926755285114	-0.0986020260713595	-3.22243568104446	0.156129449125565
K06885	0.38193190300326	0.417410870132418	1.39033371107613	1.11902282919899	0.809000507626722	2.04941252070725	-0.342301398996078
K06887	-0.602895526052908	0.0352142947292045	-0.292489648890149	-0.709513621663898	-0.495367928709795	-4.22923823994339	0.475817590471543
K06889	2.45464381778102	-0.266042916985779	0.936220466065753	1.19698749270454	0.219617039594839	1.03946365985334	-0.0646151905095211
K06890	0.559151409356399	1.36501653963086	0.702197416591991	0.470136137420088	0.408980861935805	2.04927626448929	-0.180045173052513
K06891	0.0468496402488192	0.340065141258211	0.35311962561642	-0.0260638168810304	0.613654688630293	-0.469498721777799	-0.109701127294265
K06893	-2.30263748562475	-1.70602838224414	2.48452734844719	-1.84248395476326	-0.114335148896982	2.28520885306656	0.0136192138159641
K06894	0.326829256652399	0.0998767512416557	-0.635990739893567	-0.361161904668659	-0.100661947693636	-0.704793421446683	0.232494204756058
K06895	-0.325775889517264	1.15536864572522	-0.984256983828198	-1.03714175734505	-0.589578851427843	-0.161517230688932	0.223948329206742
K06896	-0.198642222048239	1.05960973077771	-1.61237657172645	-0.269942062234729	-0.242340549197008	3.17703440982163	-0.647390559796058
K06897	-1.58033337986608	1.29284985834119	-2.0666202316996	0.823753339910657	0.238596380386542	0.824405999959109	-0.200682789567672
K06898	-0.482574967504934	-0.91213301843646	1.61885034935509	2.72437529053703	1.13423754337807	2.20320645171463	-0.0281122033631436
K06899	-0.745544103743033	0.244397868452044	-0.967675210070263	-0.879625754690021	-0.390893682207872	-1.95924112003982	0.205701261278427
K06901	1.87554404342036	0.614770551261874	0.327205373812068	0.119401020670087	0.136542440090368	1.26222016114056	-0.0384161775147549
K06902	0.988902958272501	-1.19261787361148	0.287159561086048	0.528585066759736	-0.288057222332765	1.56812474328339	-0.0984814767872921
K06903	0.166814031241937	0.938612540302248	-0.433923841547619	-0.933222966527789	0.207343355450819	-1.18009468716324	0.0415020878279575
K06904	-1.19428649342199	-0.0799092156315133	-2.97561657531227	-2.09817953619942	-0.189054086174776	0.267025562108157	0.405974179025925
K06905	0.520796017883821	0.693651755390139	-1.27311194045509	-1.09250731978402	-0.242042496170809	-2.18982359570205	-0.00532183099146999
K06906	0.715849915681883	1.08278926187512	-1.2901195297953	-0.554328995084613	-0.569114729132463	-3.7311603705281	-0.405866647619568
K06907	0.717818344174429	0.5062908130264	-0.952407599520337	-1.15143223319039	-0.220686062540819	-1.51592895191849	0.0305071766341098
K06908	0.340245427726312	0.960387189922304	-0.716887713503491	-0.615712361669391	-0.0431953438780802	0.00840452510177858	0.0112687046492466
K06909	-0.38996186649938	0.522823830184908	1.24550741808449	0.589226497078091	1.15112461212654	1.45209783512413	-0.453195002410375
K06910	-0.0393420735611478	-0.0541945052767083	-0.476568103861462	-0.535835223531574	-0.75891904469948	0.107699485600588	0.322665780302323
K06911	1.01648014986376	-0.158136668565302	0.309855251479495	0.95326824274078	0.332256273064802	0.18418678838074	0.0249148900473484
K06915	0.168611558316751	0.0710405605411246	-0.143037618231427	-0.657261090612262	-0.00992660534005339	1.21270589727223	-0.0928851966893307
K06916	-0.477233080030874	0.0426489608859733	-0.929250122141491	-0.972370581960529	-0.168822317685892	-2.2529220263356	0.250564723726548
K06917	-0.637859491468863	0.164207686719866	-1.11066448790992	-0.849526124334186	-0.31757770415764	-1.82124110859573	0.316938250776566
K06918	-0.325028626085714	-0.107485848429231	-1.98383987052406	-1.17202134642586	-0.54247252580147	-2.42008372944534	0.249856322523392
K06919	1.9996856173263	0.254257191953631	0.720348103809703	0.476733228863925	0.872245267663191	1.26180312234223	-0.0539488201176754
K06920	1.08866873586039	0.51086707883832	1.03072506086861	1.47209898915306	0.794118658337782	0.941599154949782	-0.0705968444382779
K06921	2.14929065310816	-1.90435437387469	-0.361534417700421	-0.763930635785907	-0.856367632117082	0.825491638959048	-0.151510149720871
K06923	1.61801275813441	-1.60656181997302	1.05171871082817	0.478051086162925	0.0838440215923292	1.41921499568283	-0.193420857671463
K06925	1.86222383582453	0.0385026531791404	1.10943275587593	1.24198691334739	0.552767232690046	1.70356872874558	-0.104980528835022
K06926	1.92569861018519	-2.15075592226031	-1.03796863658394	-1.31158752951607	-0.422302319969942	0.802386747778056	-0.254419997814857
K06928	-1.9159957448258	-1.42421940988543	-0.169226707052838	-1.44317145857796	1.51735939148445	1.22664706605732	-0.374931656304561
K06929	0.0296893438086947	1.52581890398023	-1.10214519603218	0.424573125058562	0.460039690766524	2.36789849597275	-0.343377784374916
K06934	1.03962740504603	-1.74605623907092	0.374300136137355	-0.797780232763141	-0.181453838314821	0.322802933037875	0.0347329075301059
K06937	-1.29360535538335	-1.44334248727801	-0.857784868311535	0.320599419737012	1.48569096687813	1.80485335189163	-0.283869818333351
K06938	-0.608172802092032	0.224030573902102	-0.688263298105847	-1.53823848280892	-0.400908842053224	-2.92306420010269	0.282647937055863
K06940	0.827739002345606	0.188328792390795	1.10790896313225	1.64464764084831	0.428348079953383	1.99415502148926	-0.144263327602111
K06941	2.97827062213282	-0.753753880920438	0.794969468284	0.504860561081916	0.90962173107643	1.54094615775406	-0.158414245132171
K06942	2.24862405860285	-0.00471226400378197	1.52183139221703	1.27029435124412	0.802513316903303	1.61370447474777	-0.0933163170849911
K06946	-0.853646902204947	-0.248230687292843	-0.0659853826280943	-0.825361328458637	0.0736895433403952	-2.67216178578079	0.568434267755783
K06948	-0.115915028215841	1.58437224203107	-2.53084743125404	0.351686028504521	-0.37206835981827	3.63627651530564	-0.922790617231094
K06949	1.93551466071467	0.182571341333361	0.828371166158069	1.25016586270347	0.399791613850783	1.60763302642166	-0.155661672834121
K06950	1.40201977097849	0.303254504737826	1.31233441727196	0.737697316074521	0.59285439613838	1.98536226350128	-0.16679701257106
K06952	-2.53197565472265	-0.173093388738661	0.109520166087497	-3.23578162703499	1.1750885403492	1.03069566666394	0.646281569715775
K06956	-0.309781936766104	1.65034182840344	-0.262300492357861	0.402555091047436	-0.0976302021406191	1.01505533057511	-0.0584141318833462
K06957	-1.04406729138036	0.442389925060244	-0.807981849741589	-0.754638152456134	0.0294031739943129	-2.71256443661392	0.31294342827443
K06958	1.5992271026359	0.293833156166048	0.376780389714588	0.242148322725445	-0.16053037282448	1.52448794442475	-0.170273840907776
K06959	1.75632390582423	0.132405896720858	1.53618144886528	1.22004191365257	0.547619179520796	1.73190424043	-0.0809442107712857
K06960	-0.0821469703926603	1.48038657480237	2.28077232735192	2.65431551423088	1.25307406548042	3.11154583293259	-0.0851075058018795
K06962	-0.528714684606985	2.60726757818219	-0.621178389620434	2.50280050721183	0.218014360103796	3.74239686328232	-0.679857522729599
K06966	1.2873705943809	0.147870381412478	1.30599933760201	1.7085509726049	0.639196649823378	1.57179716426193	-0.149169683936798
K06967	0.903483124612375	0.666820068893404	0.631681173014987	-0.430650847291797	-0.768321677412798	1.93665084439575	-0.211955279592239
K06968	-0.431189564825491	0.0630078809833244	-1.20821428401436	-1.33709152255043	-0.473952754702379	-2.23035141628921	0.291146724935807
K06969	2.3670226057754	-0.729587237300901	1.4122804989103	1.53203825440422	0.69441963795204	1.82118967372238	-0.107640684131347
K06970	-0.805042294622854	0.225180973348589	-0.985586763453137	-0.561879234647601	-0.139683380093386	-1.73019286793411	0.306789665933884
K06971	-3.78212252056737	1.06280597024915	1.63194346325432	1.58328251328483	-0.651015862192919	-1.47878190678299	0.3485666210616
K06972	1.1475544294105	0.219663490591021	0.28821053998505	0.854844195509106	-0.174508869018366	1.42030585008919	-0.177572414759361
K06973	1.1797735413299	-1.15331236547473	1.1241431822065	1.56386141266838	0.167959228787611	1.27580854493439	-0.10907223868724
K06975	-0.282313791872458	0.857228119907351	0.730791552830089	0.890483243131787	1.22360707882423	0.996462842554448	-0.176193714622223
K06978	0.474653856991335	-1.43946866220477	0.571537597942699	0.381042217576653	0.396678969893644	0.598898680985568	-0.120858103517257
K06980	-0.52853825485845	-0.0179316354418084	-2.05734098060096	-0.960011797284931	-0.499784632887651	-1.45017215412796	0.336507647749222
K06987	-1.42897787487646	-1.22562913125995	0.474964660498846	-2.48910995039925	0.868377224240492	1.44049039679825	0.0277989799940952
K06989	0.166810335753961	-0.236924682694106	1.32981085674797	1.27378354754463	0.824140981469343	2.07844665843308	-0.214609161499702
K06990	-2.30138340389867	0.332647700843783	1.13461345331704	-2.70268292937264	-0.698468371596147	1.20554600852787	0.392209738012589
K06993	0.194385828612848	0.318186541137667	-1.98969590766395	-0.73694439444527	-1.58205793735008	0.993187124014494	-0.0746945445572964
K06996	-2.14363637364049	-0.124364788594274	-1.91049826247657	-0.138219313955158	0.32826848391075	1.18878203827202	0.0602902169192203
K06997	1.57884964549403	0.366146941719027	1.07575636999642	1.37811498131767	0.52303753856201	1.81973698931992	-0.129954815391266
K06999	-0.467529086233572	0.181877960500689	0.0924246002915987	-1.88018651518807	-0.962747319903185	0.327965291321871	0.602523654218949
K07000	-0.0746712366356412	0.204513837633105	-0.865130902361523	-1.42417605433449	-0.459615155424883	-2.80264207524002	0.350056617971695
K07001	1.67460283839564	-0.153870920600919	0.991689233947147	1.21434037175193	0.655033067498396	1.11121040779412	-0.185168445590698
K07003	1.25407967173915	-1.12112907594684	0.608142747450221	0.322643412017972	-0.0159327195249098	1.52208799320519	-0.0464208130871884
K07005	0.0165197571502169	0.642920811710329	0.836806743312229	1.53472427811638	0.0827768674828512	1.49835473495781	0.127810090299881
K07006	-1.98187842762609	-0.345199997487097	0.321132733393062	-4.04130239996895	-2.42919705745201	0.337577613175509	0.759599416967667
K07007	2.12307462298731	-0.13864472037795	0.64926183121239	0.973223162555844	-0.040237619843294	1.71535870629608	-0.224544287208282
K07009	0.249701978801294	0.299732704696627	1.27641355888878	-0.476767855024188	0.17891533735771	2.2898493130809	-0.170158863548004
K07010	0.102391692040964	1.8230318623161	0.668212010431636	2.14872531380668	0.648180977139662	3.57323458987534	-0.485923327985965
K07011	1.02539339864115	-0.425430397453336	0.666810764837612	-0.00329251799568497	0.35504745009918	0.350562425435183	-0.196616694811546
K07012	1.46957287394862	-0.825886647167234	-0.377092302870404	0.32037260916248	-0.527279361452867	0.733763756335375	-0.123379379991256
K07014	-0.939434436918692	0.202683110771151	-0.914788485598218	-1.22847970042214	-0.300861849751283	-2.36916157406509	0.367232471224106
K07015	1.15350577437739	-0.193957264485387	0.838524459767688	1.24141625847831	0.407663211856077	2.30646470385849	-0.287089139703476
K07016	-2.22262683308263	0.906274397907229	-1.75173723800148	0.542561119163186	0.157893956337164	1.2995969672805	-0.0836813156640164
K07017	-0.153742162348227	-0.470209459724455	1.16274940865074	0.615860966706425	0.963218585286329	0.909518750489352	-0.291990057114326
K07019	-0.620768813253836	0.163513113794298	-0.855126262735974	-1.06639261755928	-0.363430871929933	-3.88343259495437	0.320997744318283
K07023	0.746101068495317	-0.69657556241992	0.473119205701698	0.725518224501759	0.26097454193611	2.17824354964554	-0.195971861962043
K07025	2.34723863208155	-0.794731001319914	-0.0689481507059446	-0.306514995431751	0.120119073126505	1.33680898147881	-0.240179837230407
K07026	-1.94776645100255	1.332887609539	0.170490800309528	-0.234119074678272	0.62005223396797	-1.42577025097549	0.359264701124466
K07027	1.17387166821818	0.382969995079012	1.1159205426458	1.30544708457008	0.328123316798399	1.47577548223793	-0.226744726780616
K07029	-0.504132894636587	1.66894539171216	-2.28304350478614	0.168906433248669	0.132346213493536	3.77321365672409	-0.871727884296142
K07030	1.46163520419459	-0.382190178098707	1.03182721035515	0.797822637224347	0.235228464636992	2.03220215636551	-0.262296900633537
K07031	-0.564404276968435	-1.21307520097735	-1.17501270873512	-1.11464138541207	0.00112863879282301	1.15505328971207	0.274276703115738
K07032	-1.00050499832769	0.071602125701876	2.29695916073357	2.82543520417228	-0.827395542826464	1.15763998228371	-0.264970869306289
K07033	0.394673036573931	-4.03857783502582	-0.830626607966076	0.392401797437817	-0.679867311682512	1.34235486584961	-0.2122044270074
K07034	-0.833867339254812	0.214059789714785	-0.777228118013989	-0.273771720266193	-0.351829483475496	-3.61243459385574	0.265490024801529
K07035	0.564107926724954	-0.017731125416784	0.865039019751895	1.47066186156288	0.862481609616469	2.02578994828522	-0.0933762793576352
K07037	0.962290825484796	-0.704232345285444	0.965373366046298	1.36322222437874	0.28549932006378	1.21124445098698	-0.160787165645324
K07038	-0.575625089765982	0.682895858821841	-0.94760084254707	-0.847253995275348	0.0764501585401995	-1.26433893841446	0.319243460413254
K07039	-0.747915295721487	0.0993722575282767	-1.57949483497108	-0.991273956632465	-0.387163385119249	-2.25577398937881	0.302570312734879
K07040	1.17927339875559	0.661921639976473	0.965224920678485	1.25745366301551	0.0158732707389099	1.90129998523056	-0.16214048910495
K07042	1.44055411422114	0.223451961812945	1.20988279478585	0.788549614811093	0.0608717991747362	1.66521755057633	-0.099173993352615
K07043	1.43200943076472	0.226063330707522	0.955098180938114	0.59162457820192	0.172236607108305	1.24856917756855	-0.0404229168927304
K07045	0.0885110219703158	-0.616177867116956	1.63727021114861	0.653456656003148	0.375090912614058	1.07135456252157	-0.0880745356118313
K07048	-0.301488546492056	-0.104364211621313	-0.835826755594861	-1.30202825579628	-0.516675814356615	-2.3128380457753	0.329327612634934
K07051	-0.614484337927298	-4.42635158723834	1.41707664625679	2.91659621682182	-0.49293832417946	1.49611798125565	-0.19500774193164
K07052	1.77552172744135	0.370294173297854	1.43245178358589	1.51478020634666	0.287453964982222	2.7253882010585	-0.33556084382888
K07053	0.528924780129	0.513289769229861	1.03204268114601	0.193095547819287	-0.106744512285997	1.00746797780752	0.0867429072821506
K07054	-0.118969945074515	0.380670447883578	-0.709432126116406	0.103412462139279	0.0638506195284826	2.12403765517533	-0.21934990632888
K07056	2.06046483123164	-0.0113576901579186	1.08150964872872	1.33073542799965	0.644656256470869	1.65233305293381	-0.0797595982586972
K07058	1.32284543120722	0.079243202743502	0.471486120391239	0.315552530551106	0.244137883815954	1.32847172218621	-0.0735377376114956
K07062	-2.76090612805028	-0.274566526474981	1.32529157297646	-2.59266372237191	-2.32411597606163	0.315072866261599	0.490890055414475
K07069	-2.60896578228612	1.26157267862317	1.03553432123696	-1.39975185904488	1.18332447174568	2.43567899066269	-0.112730712178909
K07070	-1.34859195149084	0.903657873210879	-0.372900665831219	-1.17073936972603	0.393701241049956	-2.26236626309097	0.215547650572098
K07071	-0.28976473009725	0.18850259953496	0.252484082150806	1.65215639557853	0.255623385939787	0.927548581839202	0.104326754328049
K07074	-1.01749983227392	-3.70583585924151	-3.20808589560951	-3.88608761343941	-0.222864075865557	-3.85551139515579	0.476546674486435
K07075	1.04760360920291	-1.94440690702441	1.18640065090691	-0.130982714032977	0.00149880598861998	1.04241596172809	-0.315976612750255
K07078	0.342282982705637	0.378580291805239	1.32426273720299	1.40406082358375	0.846469596657942	1.48863622742951	-0.214521334055626
K07079	0.79782733523707	-0.89683453268054	1.35041326181923	2.15738145794883	1.09381105068703	1.80768385726273	-0.257297605756485
K07080	0.497077772556349	-4.14534668153766	0.8058317293409	-0.98664458308205	-1.05920337077599	0.962040940404532	-0.00712353039141811
K07082	1.67749104106288	0.308753927288027	0.617959930467952	0.74429584827438	0.238420233760069	1.4917273839122	-0.233403683189117
K07085	1.85220489108424	-0.244450635226993	1.16101926462685	1.38658331122413	0.758687988553236	0.820819931209681	-0.115526587251388
K07088	1.91318544947962	0.274609615144701	0.678793146181453	0.789178890848309	-0.0235167325697439	1.74433133202851	-0.152180701974594
K07089	1.13090649449687	0.681265433368655	0.934007315802921	1.08280460324302	0.454761222634504	1.86778626042664	-0.0915561621224514
K07090	1.0055701454864	0.936977584896059	1.69043600456749	1.25252036538139	0.876672581467817	2.17062071162522	-0.0839509074723355
K07091	0.933968426822229	-0.44577899104598	0.707240178156246	1.38593540873542	0.495744988951872	0.469367714703677	-0.0622386341130368
K07095	1.5791243633018	0.419289668140383	1.29390942947899	1.67760650601402	0.414503828320692	1.69423571425736	-0.158514023307525
K07096	-1.57058420574804	0.136814315853091	0.100168793368686	-1.73271985564217	0.438896164927672	-0.914113728224637	-0.317896835986339
K07098	1.34926471316676	0.476148744163485	2.59610497849022	2.27536837544456	0.737956956658552	1.71110239821732	-0.174991429332458
K07099	0.687288204370542	0.584584434566469	1.0699519504789	0.220054579639584	-0.000910400714685268	1.4250710030204	-0.171174109462463
K07102	-0.927712706686453	-4.37529377168658	0.956171451974262	2.43272261109367	-0.792206331457903	1.08726381334722	-0.0154210333859555
K07104	-1.35825505650182	1.75490947538373	-1.87130677802528	0.677531821394116	0.478599355254362	3.37115529376328	-0.631271109465324
K07105	0.329952271817728	0.188000042972536	0.552251982409109	1.43491337981239	0.57032193306465	2.2949443181163	-0.224777773503029
K07106	0.948902310966059	-0.121943603220014	1.13209265368019	0.88465635266319	0.289326027665327	0.504277976334689	-0.0636978750264279
K07107	1.96566090190272	0.013028745589228	1.3495466102842	1.7348771521093	0.571901754174421	1.26625463563263	-0.20986050415393
K07109	-0.354810027243094	0.0135841863727287	0.322704865503658	0.600433794522435	-0.0937058472297686	0.00833788710891969	0.203101664301194
K07112	-0.599919585348562	0.940420945224734	-0.65339815719093	-0.149288134908527	0.480492219958494	0.991752578050492	0.192745059248246
K07114	1.44268247687678	-0.73116640275958	1.18576830523049	1.11499200549141	0.421429381404112	1.16715112525284	-0.0320889656579129
K07115	-0.30220141804357	0.00338250869271309	-0.77675032718147	-0.809985595083087	-0.378608151640703	-1.51266953152359	0.321818857904709
K07118	-1.25471058285375	0.878367264804812	-0.298739076685559	0.552965273821503	0.667449013028334	1.43332663375199	-0.219284207109176
K07119	-0.990239171148733	0.387019117412539	-2.91872942550148	-1.72799773726448	-0.149732738103678	-2.33866640728653	0.198711901422776
K07120	-1.148197440268	0.221961488065691	-0.769576550554883	-0.686115818357318	-0.178571432199289	-2.2431461493367	0.377091913934983
K07121	-0.660189179541067	0.126402904329272	-1.10166227920021	-1.01652761015877	-0.370221688713838	-2.3611778895253	0.337188511606491
K07122	-1.43210568821569	0.750605125961275	-2.68803417785133	-1.63930388007149	0.0647485709526045	-3.17254993122757	0.295377522226609
K07124	1.13381740653376	-0.355077619614629	1.07090312140023	1.69052211728111	-0.0171370723507899	2.31664505797684	-0.246964648846351
K07126	1.50249901616435	-0.0814879787588403	1.24364143507515	1.50808779683128	0.32064370873947	1.1564154048568	-0.258859351757728
K07127	0.340730281709238	-0.591263364019422	-1.61216962439979	-1.72975798163399	-1.49536870357018	-4.13405057591141	0.0276331300700077
K07130	-1.02428856289525	-4.24210504716876	-2.64493787391151	-1.12478800330147	-1.0714661919735	-2.90402361553848	-0.03983852315303
K07133	3.22130736911158	-1.27270726388934	0.746718509960521	-0.246935205793231	0.294047967229078	0.862682955444453	-0.0751057271992794
K07136	-1.09462097084661	0.36449291282651	-0.954034091066968	-0.769866543149799	-0.310574218001177	-3.43447181385696	0.29341217827443
K07137	2.11485776507716	-0.363929117980032	1.69312906162773	1.33093814339653	0.720082834992598	1.87295821505844	-0.0288017694985501
K07138	1.15530953013758	-0.903505365314512	1.39222293989693	1.65417615857139	0.780077294144819	2.00915345746338	-0.0405201022660366
K07139	1.25256332957606	0.540943761405916	0.974673896003116	0.824799013996274	0.51437042716522	1.83164587813675	-0.153236896280014
K07140	-0.784667519689993	0.360421975192995	-1.42131745917762	-1.40876741919503	-0.341732963290026	-3.53380986851394	0.208159714456833
K07141	0.775984006165071	0.795438845691653	-0.244372666906964	1.04114828791633	-0.68065325852852	1.59884908992111	-0.264064923409187
K07146	0.426046537397905	0.849876959857912	-1.01315534217323	-0.185850875711292	0.0795891924538118	2.33798578578293	-0.434475553702377
K07147	0.501075985072656	-1.06808374351504	-2.42272150618995	-1.9549912980555	-1.44056819316368	-3.59078284901321	0.231088488813675
K07148	0.75260128283362	0.0623052018260673	1.05300390617882	1.56892446961418	0.930271223817061	0.782167496264575	-0.102450013641082
K07149	-0.493366865278677	-1.56533173746112	1.65458071129357	-2.11228962454781	0.946164921555708	0.526779266179202	0.0388799006903537
K07150	0.286248596547647	1.69471700960156	0.66377621786629	-0.699365454053729	0.521482661996077	2.19198873835861	-0.275591329220497
K07153	-0.88005044853826	-0.00929623371603935	-1.4330501566645	-0.930588918065875	-0.379119350876619	-2.35912677448929	0.446415692087448
K07154	0.794458748935266	0.223381747541399	0.497517553995896	0.161411327982098	0.555997864041517	1.04250227111637	0.0147348339522251
K07156	-1.69759884274145	1.15144344144818	-1.37693941695655	0.0831174382211272	0.152744502458761	-1.56968065899551	0.143105774637497
K07160	-0.674786237837271	1.55848320299146	0.273055924940456	0.994746191167981	0.704482809338759	1.12563348013222	0.188024132963456
K07164	0.455936836241289	-0.485880325498609	1.33162188427483	1.93779782738701	1.08361651066322	1.68442508775055	-0.0665160124337307
K07165	-1.64678087628026	0.901195247707339	-0.295039654802929	-0.00445886168464982	0.389420644078444	-2.26461383503616	0.407389968153275
K07166	0.752183558581873	0.925926049289675	1.43164533274208	1.0060905047895	0.808534876141737	2.35199204284012	-0.175484285238945
K07171	2.1196979006515	-0.642278502645521	2.10901248352562	0.529727169984728	0.693241015706251	1.4944928010112	-0.124735951904022
K07172	-1.25859728253026	1.13183434778211	-1.38859140975441	-1.18710823569283	0.132483922574709	-2.95409413975418	0.0955266053641208
K07173	1.75606283748011	-0.353582943739919	1.24635213511025	0.435558171683699	0.308006749186705	1.5375426133281	-0.124846131089889
K07175	-0.274449853064016	-0.847241024436979	0.92185494201218	0.657169265413434	0.332346395287703	1.15675263303578	-0.00441673446055568
K07177	-0.493823436857657	1.24306054883954	-0.044381142687451	-0.817337589597553	-0.190537675585558	3.23504308062851	-0.395419611144625
K07180	-0.325426308275656	0.0394501584148124	-1.37510478599037	-1.48749609503731	-0.677012964453508	-2.8652951399678	0.160350769277848
K07184	-0.597305325628714	0.111707855997057	-1.68718731505836	-1.15528424296364	-0.459215893711855	-3.74755021732986	0.241419225450791
K07186	-1.39017084038396	0.613415022430392	-0.812892199587475	-0.941444950437396	0.135889948044012	-2.1798588911885	0.411642282720841
K07192	0.703479977487131	-0.348208333315878	1.60892450706993	1.27929203000084	0.866586998734663	2.45387628871262	-0.254892632845604
K07214	0.381990047334238	0.251509149608584	1.28139737733957e-05	-0.167134480810016	-0.321764870848467	-1.371782032668	0.0494021172488102
K07216	1.61222169005732	-3.42089251703265	-0.345595480036389	-0.571020799016803	-0.0773941644690531	1.41902065473854	-0.356446914855205
K07217	-2.18097296154638	-1.94117705053332	2.3155945529226	3.04523043122306	0.762553707394789	2.28098800975144	0.0526565904581913
K07219	-2.73451509869237	-1.2513784570122	-1.19555032355751	-1.00400038275704	1.96099664333839	-0.119300810515287	-0.326961666825973
K07220	-0.161059168936209	1.40651341253278	0.692697628307689	0.819895041847378	0.768213943276594	0.917625704885123	-0.192827061299049
K07221	0.775961848138376	-1.03547046607974	1.11014109747444	1.72849707093254	0.65043588045616	0.629686059535143	-0.291472658995353
K07223	-0.165390280844168	1.28870566659925	-0.577928305697095	-0.307494657373279	-0.198095172014047	-0.995088545500638	0.182862489935196
K07224	-0.0486604253067533	0.649898310241671	-1.01656353576149	-0.49577863726601	0.145599514875601	1.99030390578568	-0.270293727997505
K07229	-0.497163800360159	-0.111849713089494	-2.05773723227943	-1.15087659869179	-0.663445755209734	-2.49802014034927	0.417191296335495
K07230	-1.67517986691137	-0.911255518856077	0.272969185281146	-4.48268147025093	-0.190738200511743	-0.0633204857701086	0.822926133390702
K07232	-0.733920721174673	0.269312788782091	-1.47913980586494	-1.71830363783821	-0.526955350603868	-2.33395668667495	0.259900778051651
K07235	-1.3375923911347	0.257018406925173	-1.6566635380503	-1.1582520774363	-0.177101551856806	-3.40948125523269	0.373518257852829
K07236	-1.49880304730077	0.636455436286898	-1.47956729037727	-0.938019709920734	0.115871832404326	-1.75378200215042	0.351519733186997
K07237	-1.87296572125097	0.980917056140871	-0.528745175432812	-0.411154227590412	0.236326143775175	-2.64635774296463	0.199556499239243
K07238	0.824491249559923	-0.304289217057256	2.01053190128838	1.96487001862541	1.0833201563694	2.19547429877579	0.0517713422739872
K07239	-0.965387491346792	-4.30988172716144	1.57976853745018	2.6751048990728	-0.446763589348604	1.28099140721619	-0.0454104249512783
K07240	1.82452962005	-0.621685515108137	1.6973117579702	1.41524885382667	0.534290090832899	1.77247241336167	-0.135828495506012
K07243	-0.372395960451559	0.227626164493532	-0.280181468557965	-1.1760891250132	0.386873588595579	1.48231035667717	0.317598789449967
K07245	-1.50838604366918	0.827638705310793	-1.26329350573982	-0.60722871336922	0.180700258050154	-3.1823060194844	0.330837755914963
K07246	-0.870814589621023	0.393710096416445	-1.72044217689003	-1.90488095793709	0.0680692947246534	-2.2690717856282	0.232611566301621
K07248	0.179174693463846	-0.0303230834627435	0.520180155429591	-0.517437892293781	0.0411269512735707	-0.589484540640714	0.0387822086775669
K07250	-0.835745600820974	0.409354408321352	1.65319847958123	-0.682560282087177	0.116320312652777	0.38019439774811	0.280001013990677
K07251	-0.763742474676565	0.167883415756197	-1.06687426669563	-1.2026742270945	-0.334083660807421	-2.2650491873616	0.318841844316758
K07258	2.59892937743525	-0.235088144379286	0.885580866504062	1.05552880253807	0.0155989310481054	1.62148049670517	-0.160421312335693
K07259	0.723629692731901	-0.271796296300916	0.642997785377849	-0.0046412816999849	0.122340039048384	0.429689319909213	0.0839743907416233
K07260	0.929222734807535	-0.0321358246231362	2.18320131199395	1.16154484238639	0.115883716080378	2.62379327613175	-0.200851902846061
K07261	-0.890136746527151	0.427139897880526	-0.743701816630017	-0.618208246564716	-0.0582866587899225	-1.43223687809646	0.224911063429154
K07262	-0.68663254177709	0.0515591996288016	-1.11042499644722	-1.51184745345101	-0.469962223734667	-2.5880210081929	0.274369328733719
K07263	0.677902812300726	-0.163385312023191	1.43919950621163	2.32142488446251	0.668698385987471	1.34571036893189	-0.118713528398239
K07264	-0.981027869345144	0.2749935286617	-0.777148843836438	-1.2036770156382	-0.34702385899048	-3.63132688206375	0.341025679823197
K07267	-1.53777780926366	-3.82501820749286	1.67040014164482	3.19177703347221	0.0371850986741883	1.62389257746994	-0.0641563539540402
K07269	-1.39906838333745	0.745376785335512	-0.686498881411206	-0.7827261260508	0.163741693530272	-1.94134732884109	0.285917371031083
K07270	-2.30844917690893	0.759537597236605	0.412292941379894	-0.453181522226184	2.20026518467445	2.28586426574051	-1.15265712190028
K07271	1.63769063556056	-0.812676946582823	0.444665151554693	-0.259132879114002	0.498151586089323	0.691177399933932	-0.454659045222961
K07272	-1.13398411667486	0.926364858684511	-2.19401657683815	0.46203177768901	-0.165703489746858	3.42169931727707	-0.432964543361031
K07273	0.689298885105654	0.286694874105425	1.18423116104637	0.256163609886319	0.979573563370894	1.32371893721878	-0.181249723318779
K07274	-0.366052476526693	0.547310967979403	-1.60664737327064	-1.7302610448359	-0.0099117861352461	-2.78617617291153	0.307883172746933
K07275	-1.30639150536199	0.384127278861971	-0.883604765963208	-1.08444376502022	-0.161354421939661	-2.25241562527359	0.285618811365403
K07276	-0.924640802504019	-4.32374576753619	0.502489788364221	2.83070973839775	-0.341561093296816	1.30812460380852	-0.0623078649079434
K07277	1.18997696244578	0.528743942317934	1.03903633253609	1.45536093201652	0.56013955238838	0.552803875983355	-0.123625010732376
K07278	-0.339222876192526	0.0441926913833335	-1.10378611190284	-1.06081386122689	-0.561664327349474	-2.3669140021199	0.325784354921616
K07279	-1.49831071293493	0.657252152500124	-0.827904940676343	-0.636932688093036	-0.0168321275375384	-2.69521567028702	0.394736915346421
K07282	1.41467997634272	0.0937422412013725	0.818800120520938	0.650394780302197	0.250756800804327	1.97093829709351	-0.228749365094864
K07283	-0.690679220320181	0.00406788760182411	-1.14647150142158	-1.66039701018319	-0.614787265028765	-2.88707896870315	0.268809586283005
K07284	1.80980274283747	-0.278318288686304	0.691232069301952	0.187861187124402	-0.155054300393869	1.5837593396312	-0.186317012194358
K07285	0.0209105333075961	0.108327944812746	-1.53467214209999	-0.671455698346942	-0.613275393214037	-2.63417455357254	0.232882648226059
K07286	-0.978746084333853	0.373785336551638	-1.2856326113459	-1.45444663081154	-0.151900320615579	-1.80809971493423	0.3440380389655
K07287	-1.07841852104803	0.20401163869855	-1.3532823334452	-0.920438604688495	-0.359623237814714	-3.66580793064773	0.400846868273056
K07289	-0.417368678213553	0.724275608596773	-0.947572589945447	-1.12942548308358	-0.371546848978807	-1.99929210346878	0.148955851312912
K07290	-0.908942369581656	0.412923117217989	-0.912082434725415	-0.956247883176654	0.0126474114843113	-2.22594925564468	0.309349268194474
K07300	-1.31405284798284	0.0703950124358848	-1.42872357470955	-1.41621478114113	-0.464945330586244	-3.32950660389602	0.326159506555832
K07301	1.54143861138682	-0.827806333961515	1.41557341711556	0.856659246349484	0.40284870627899	1.43196818429291	-0.0327053670918576
K07304	0.658599807112022	0.383662064609499	0.365843831467975	-0.715054350232929	0.2597180164196	0.403744550526736	-0.0225195591485134
K07305	-0.2530706206574	0.885676463184328	-0.815540433954846	-1.71001430068001	-0.500298722948839	-2.22135564488113	-0.149259269717895
K07306	-0.412230400206045	0.0230708914375022	-1.05918312175239	0.516530794763714	-0.153700261678507	-1.402228800475	0.11193343948964
K07307	-0.178763238550619	0.118778963623019	-1.35166418654884	0.925993604326398	-0.0209117786250609	-1.02144691151321	0.0114488000834354
K07308	-0.599236158491568	0.154305120048495	-0.814923168253552	0.781995428466946	0.0248632889017863	-1.72835132282913	0.127796917673386
K07309	-2.12328401005407	1.5460565882301	0.17753046648537	0.739136887455136	1.00055052402992	-0.483869282423856	0.300251632448471
K07310	-1.02506449616094	0.445654531059237	-0.966122509073865	-1.13580246481881	-0.218479886021425	-3.02527066868484	0.264822273966111
K07311	-1.45784273541112	0.677909930286379	-0.298661054205548	-0.42148424897179	0.00158626462895697	-1.58525225323379	0.392249136682785
K07312	-1.28515735066076	0.726523478565188	-1.0712018023249	-0.513337629175037	0.0111676907875044	-3.17101213139236	0.235257178064621
K07313	-0.0938632169975797	0.971141655979128	2.49669539825951	0.552006339395196	0.0984558990933401	2.46451798278153	-0.216506511453354
K07314	-0.595112947584585	0.215556611356707	-1.39798474414314	-1.11370499644265	-0.361393734183122	-3.66016170185745	0.195774644132889
K07315	-0.566417006613211	-2.86914185709002	-2.93021714789833	0.777684731149823	-0.594334288801958	0.461677583039401	-0.0891142492329708
K07316	-0.128876475454764	-1.33250347799304	1.16033720867668	0.185274375343472	0.758846834931563	1.08353163871228	0.0798000986540683
K07318	-1.31821813976903	-2.52847365564349	2.58125412361657	2.97928719010368	-0.303878440823366	1.47656029659569	-0.0556280617749325
K07319	1.00681382620196	0.442440827426882	-1.32618153197731	-2.13569946799263	-0.359519972767641	-3.45920917195022	0.218823521848954
K07320	-0.608094600798086	0.293948848781557	-1.30308163268531	-0.878436642026752	-0.219209536280443	-2.96085783642471	0.289447992559708
K07321	0.33956003391604	-1.21980814165118	-0.123586596083294	-1.34772928271279	0.993778244290541	1.36649391251862	-0.242969975355827
K07322	1.07050737941126	0.572109003601046	0.747902854252208	0.542958916837126	0.740410164628218	0.266776831925509	-0.102893591407501
K07323	-0.891555098654226	0.343470593032809	-0.683766962122571	-1.57459636244759	-0.118401631083299	-1.77868363064468	0.368634730097092
K07334	-1.69116130268712	1.50440665060041	-0.941620708536755	-0.106988268232196	0.551613644395064	-1.87559601467788	0.263402431722916
K07335	0.667595999477907	-0.0677858096981332	1.64665329353844	1.151367349291	0.721118048463057	2.07279625731766	-0.124311328414642
K07336	-0.764053253294424	0.247817327318163	-0.643893004488598	-1.0851741603373	-0.242693617310335	-2.59375282925308	0.340376883264817
K07337	-1.11222436821599	0.082098324832888	-1.5895785103556	-1.39555497679695	-0.314918323721697	-1.76969072025955	0.296589761492051
K07340	-2.04065432942052	0.37659360939023	-2.39640605552162	-0.524224477147907	0.39387266400833	-1.56475969952286	0.457789748426712
K07341	-0.515514401556448	1.88493510061261	-1.23903167350258	-0.0329791477678713	1.3751171982624	-2.07619258564651	-0.912171215299331
K07343	-0.784610180021719	0.224189926919909	-1.03193652732338	-1.18442745718941	-0.513601168360521	-2.10999581021011	0.261833995100296
K07345	-0.579357771040396	-0.451671029391317	-1.24483203990425	-1.2439899018763	-0.333397194113542	-4.37007114094436	0.530606001135147
K07346	-0.045934883715109	-0.444662208619146	-1.26285243136848	-0.707166748380512	-1.15267990466576	-3.65246793430984	0.302294820066727
K07347	0.675942326127096	0.808777888355227	-0.388910711836468	-0.449627654886096	-0.219241245951464	-2.59398624104202	0.232771366354264
K07348	-0.659691957594351	0.0979371564960197	-1.60636961562599	-0.549443917608112	-0.564940615858843	-2.95012017887771	0.322061925646103
K07349	-0.840101865889029	0.161993225154848	-0.96538603408302	-1.08572800669655	-0.297601267065813	-2.17448636692703	0.341965823885239
K07350	-0.497988490225271	0.0729715424155906	-1.12978410823311	-1.45628996405587	-0.549752219881822	-3.24796458882034	0.305987566229142
K07351	-0.636104849935965	-0.172678190233736	-0.688993097376477	-0.609492020940631	-0.515989586081316	-4.00351783436477	0.386139004942215
K07352	-1.82364311611791	1.17163582616803	-2.25097501380409	-0.834111290311664	0.194775731001089	-1.74013468426407	0.154258161302842
K07353	-1.27443888580938	0.947904785213442	-1.37271988494362	-1.09757144961342	-0.0187093646488684	-2.94055196446121	0.105554669615067
K07354	-1.34851982987066	-0.870248655738859	-1.5667148838755	-1.74989624533638	-0.225878044333269	-2.26980516117752	0.402927308794297
K07355	-1.87061920559545	-1.48871437734607	-1.46364891631569	-2.6360683015345	-0.292279168333818	-3.67065974873245	0.706126659628189
K07356	-1.44238891995092	-1.2971799773598	-1.1741664419886	-1.66167636427864	-0.441056593622972	-3.69076749485672	0.560874253031052
K07357	-0.220268515707449	0.00721766525265724	-0.659064055513989	-0.633470373487323	-1.17943821784477	-3.1013734022969	0.107212811228073
K07358	-0.390513269068197	-0.212995292918375	-1.14291775329078	-1.3252842000483	-0.807392045225908	-3.11736604374588	0.258910446878708
K07386	0.923494311212107	0.39042623811719	1.11992168324028	1.22017298426643	0.865969971451948	2.15719130832016	-0.222344145659172
K07387	0.753718601702257	0.0723737972354606	0.760080306697238	0.359352795148045	0.312029526267241	-0.0531656424397253	0.0207996363604435
K07390	-1.3986788073792	0.488490362701388	-0.573276878428113	-0.379528539514392	-0.177392646040727	-1.37326022785843	0.424670606371201
K07391	1.69402477347712	0.00612563365456611	1.16651147501503	1.37398378338829	0.525163010392378	1.54813119965851	-0.0621341769730679
K07393	-0.505239752890066	0.37109531932828	-0.820298434328686	-1.18038840804085	-0.281726434197237	-2.61334582966507	0.254767864462174
K07397	-0.32991787588735	0.211610307035418	-0.422313095163952	-0.219580071306079	0.129327908787916	-0.250107971846464	0.0854938919508823
K07400	-0.783461956144766	-0.253836984696417	-1.38746845824684	-1.43417807135567	-0.481676324572374	-2.21915766400039	0.502798288580216
K07402	1.53928372466426	0.786762912807436	0.157002924847949	0.876444561147839	0.0815589620508654	1.42891043621361	-0.20019085753318
K07403	-0.693327097059683	-3.16391805833819	1.06226599113976	2.43015186276451	-0.355658754076769	0.988067673624156	-0.128995389226638
K07404	0.499580050049826	0.294607480106325	-0.546957017016064	-0.7066443732737	0.163296998176764	1.55610057908356	-0.222027451280319
K07405	1.08463442528109	-0.986460368099241	1.11847591297661	1.59101502385154	0.790781453881453	0.929459976137278	-0.183647767189705
K07406	-0.0828875581039945	-0.11517725414279	-0.999857188295971	-0.902695494031757	0.027841189108829	-0.298650829016569	0.182129472013749
K07407	1.77020499312739	-0.405897433819799	1.25019210474526	1.29466514077202	0.450977877412031	1.75733682709992	-0.0326266293561093
K07442	-1.7503611127152	-0.485853115978269	0.447656913566936	-3.47686453375801	-1.13619016047936	0.777505459368823	0.516260951277054
K07443	-0.232281414629416	0.59308155351636	0.484253638330449	0.772256834173352	0.831801608834456	0.927013622701762	0.050071566816605
K07444	1.80097744071345	-0.366164828600912	0.973654388356555	0.865087253713757	0.686811224255751	1.71497503119766	-0.155307859662735
K07447	1.77602014148097	0.281762351331682	1.11257904665505	1.35992918696418	0.45728944304962	1.92542424994766	-0.192441538456642
K07448	-0.839373258711294	1.23076518350598	0.935898600983966	0.185310346746594	-0.509666248526384	1.35371238189995	0.239813476320542
K07451	-1.31254175102849	0.372089942035647	-2.71223723990883	-0.981475906705707	0.358063415322493	-0.697866169630887	0.23628988814
K07452	0.402215184806391	0.36173423105237	-0.812969447207104	0.632219968104512	-1.44895122882347	-1.30214735668838	-0.552728444818222
K07454	-1.78630843556066	1.53024192625043	-2.22000730140175	-0.0312933495996889	0.266165853176306	-1.68799730938614	0.0854252870047458
K07455	-1.60299983418127	-0.0278697413826272	2.45780479805504	0.200722349548489	0.371414080891798	-1.46426245373428	0.548006742712296
K07456	1.79182896220545	0.165933241186114	1.1512068499807	0.681766105556637	0.479731009040068	1.74268952208817	-0.141716272119247
K07457	-1.4706992188706	0.828540404376955	0.855620204377521	-1.85373087439522	0.0694278708435995	3.15821030932724	-0.299711660031044
K07458	0.372515352605387	-0.0920088467622086	1.15695899622475	0.719764290118367	0.901949898038099	0.846695648611186	-0.04447919178363
K07459	-0.0667602697624723	-0.075141842427282	-1.24313283069099	-0.491120415067523	0.196619943413923	-1.47834655445755	0.0433287913763889
K07460	1.14986238086085	0.243758459625216	0.793956248927463	1.52410678353325	0.224370659027289	1.50005629855454	-0.0672621135747067
K07461	0.317277046083017	1.07040270143506	0.123359381127704	1.24835662331596	0.286024585995863	1.44680276709854	0.00308692407254063
K07462	1.80604812705378	0.117340524730654	0.870247869658817	1.37124292340294	0.429400519166182	1.61213627654373	-0.094012678149902
K07464	0.605519342398747	-1.51759890741351	-1.80571782691444	-0.272394793367236	-0.705489262308885	-1.14265176457107	-0.0766651933228604
K07467	0.902280034659906	1.40813370519635	2.5110872973684	1.66434113469139	1.42446889046211	2.73098340827286	-0.298663348439895
K07469	-0.946872858168081	-1.60107056325915	-0.31306600673164	-1.33857317481026	0.994657770428847	1.62371882993042	-0.158376873019897
K07470	-0.621300248266653	-0.012828941407232	-0.818024874758374	-1.42349107775673	-0.659367366995622	-3.65942737263382	0.205572992082871
K07471	-1.07862093842168	0.533417125282259	-1.75683844191993	-0.875363784170001	-0.0710895874760645	-3.61108991306961	0.371092646833695
K07473	2.0703700503097	-0.663650135459928	1.02424752609764	0.0378749498368803	0.97339148882408	1.38513431149781	-0.0462694768941037
K07474	-1.89217105305334	-1.54933897680285	-1.80112159354652	-0.879106121396869	0.51846639874954	-0.0385358015888952	0.634007781263626
K07478	1.93288633429865	0.0298212217664436	1.49557012217079	1.74819128003135	0.777364329133223	2.00489941436112	-0.0966825490033261
K07479	-0.639366892935232	0.0874788361167625	-0.789956689905774	-1.53308196578011	-0.426906808581163	-2.50182959240616	0.35368832897786
K07480	2.03104421698908	1.68360098176953	-0.464746833872449	0.983638686800152	-0.536065980162432	-0.298904148756864	-0.347896673265659
K07481	-0.157206741930441	0.772237439689608	1.38406807081734	0.504837605843097	0.701808825764845	1.48878708678543	0.265340178724564
K07482	-0.8949642459168	1.01211448484418	-0.476018906664502	-1.29354889903054	0.506356433663557	-2.22120663326919	0.206325262304581
K07483	1.78222665393214	0.875475843486758	0.384849152434219	-0.466116206979602	0.732725635800551	0.65958824950516	0.162243753191269
K07484	2.17565807902674	0.160485078630419	0.989277093577732	-0.434100466108173	0.52070172194023	0.410403462231753	0.231022983309067
K07485	-1.94771376049657	0.31694789701459	-2.41340649230446	-2.11570401701912	-1.4185417735241	1.91978678304016	0.400724380728043
K07486	0.972910436032816	-2.79113654321673	-3.4147521267649	-0.891549663877338	-3.94730590220909	-0.615104166685941	-0.830872714999878
K07489	-1.81351342594762	0.45643045478818	-1.66060221297706	-2.25184388670906	0.581983820233534	-3.60212155979812	0.65176805805806
K07490	-1.21759930050512	0.398570139942141	-0.643352032732617	-1.21462042841896	-0.0232828886471289	-1.91154929798782	0.395151644464768
K07491	1.88056883418421	0.768038471279116	0.489166435692061	0.346285758280903	0.474724516902159	1.44528252083122	-0.163868815187179
K07493	0.0100183805213412	-0.322679179670839	-3.49530923469032	-0.24974991593346	1.22818304661293	1.28990739780724	-0.0271154944932095
K07495	0.968071969388529	-6.84001783555987	-2.54559958083595	-3.93663807425484	-0.168321623768617	-3.9273969809407	0.73904296707753
K07496	1.23471978509287	0.143254597721072	-0.277454734873425	-0.623698191976398	0.979469970498274	1.47049525576889	-0.0276182894742123
K07497	2.12103638255457	0.283056010541888	0.509778089727808	-0.386641698217243	0.316463903222273	0.568756433308718	0.282366007086075
K07498	0.359090628264948	2.80608745389936	-2.37426722152198	0.645384682083279	0.656457737717817	1.52731248933136	-0.791295201066696
K07502	0.469031797884508	-3.65819076723102	-1.38060879809822	-1.15052660021767	-0.86883549329262	1.17990617650807	-0.170974851134979
K07503	-1.31431403553625	-0.665600071611433	0.141813366580356	-2.85729213271126	-1.27768348094444	0.749876024306414	0.532061784979142
K07507	0.61388450970362	0.220475633678408	0.500412776390623	0.443261576557309	0.880334690842817	0.690199198306201	-0.0658586924111477
K07533	0.341128589747949	0.660409291324587	-0.335108817648541	0.118075800800473	-0.116383194293787	2.4443607648021	-0.391348641846143
K07552	-0.069573549391226	1.7075088816261	-1.21887517077888	0.0589287408830229	-0.0568965220115679	-0.706417409598234	0.0901549751723179
K07559	-0.354859856726126	-0.0690059018755242	-1.27493536574806	-1.53650637183174	-0.720128997530748	-1.40701743763626	0.344281881567276
K07560	2.01611897551875	-0.603806535663633	0.536038628685821	0.951502931976468	-0.0184540220759409	1.43262624937355	-0.125206918004715
K07566	1.86260888182978	-0.116973402860193	0.75984492795502	1.14415924038902	0.311100349459837	1.65410098630249	-0.0558508043324581
K07568	2.29629621112208	-0.186274743589191	1.42019772427117	1.22128937926307	0.617348150048445	1.5348336418277	-0.131644994500839
K07570	-0.738868621946768	2.02658601575849	-1.94249379737343	0.0878557392598692	0.42822872165222	4.10517648059189	-1.06624230790492
K07571	-0.571431426168875	1.93139334493634	2.44925165073906	-0.782313185071796	-0.766094549860765	1.1270986368066	-0.261670783642494
K07574	1.11316517197947	0.755789657173128	0.635105996299137	0.60741233613506	0.53666497829933	2.10618022280991	-0.233584762099945
K07576	0.8535127361999	-1.71317724412921	1.12792092459236	1.58690874066368	0.287957981858442	1.79679295617401	-0.0940332119500271
K07584	0.296059372066065	0.8232634859657	0.950593977141727	-0.212567108011096	-0.596365317072679	2.06307307082474	-0.201831013444626
K07586	-0.383269397379355	1.66018708520886	-2.37248408896888	0.426274733358771	0.281826437149237	3.64143970805466	-0.875092089656555
K07588	1.25499263608317	0.802437623081179	1.10083103077446	1.52624897446647	0.249238327775191	0.94433734762728	-0.0832713549172512
K07589	-0.832743791700796	0.298080106315584	-0.595712543558728	-1.31661315474495	-0.389267965521623	-3.65376111668289	0.293324797865189
K07591	-1.00888028538366	0.848507960376711	-1.25572276217903	-0.543184714650958	-0.307195945944597	-3.35374519032181	0.206102042909897
K07592	-0.330586043955282	0.123423953590365	-0.878495098185193	-1.33577247176155	-0.749596282210161	-3.84793779057205	0.17782869886998
K07636	1.97925409877162	-0.626153807106046	0.805387048888553	0.976640237236172	0.423547760281752	1.01126189912915	-0.116310507539474
K07637	-1.11525311863561	0.509945769844027	-0.893084527086865	-0.70304329905495	-0.178118973340799	-2.0958163420552	0.293218701597489
K07638	-0.638789681555227	0.0415452914809898	-1.32597732646431	-1.0496642163752	-0.379722996916582	-2.62919184368789	0.372821002718247
K07639	-0.74512818253179	0.0577117400741294	-1.11813485724891	-1.40044363055214	-0.443139507736971	-3.06180640858352	0.278304844614304
K07640	-0.751918462873892	0.208768715200396	-0.862179041933667	-1.13216300520882	-0.140791653957178	-2.04963585537613	0.423214464899338
K07641	-0.551041988493399	-0.124853464725046	-1.35528314216102	-1.06486983809456	-0.507705255713274	-2.8776664416188	0.402834325548447
K07642	-1.03506973183294	0.436943312225313	-1.26686644656624	-0.913321452474445	-0.160323634114076	-1.78721186321914	0.344283371683396
K07643	-0.32014575398107	-0.135516161980657	-0.999946595263135	-1.02285535845742	-0.50419025060158	-2.72796508473099	0.326258867498673
K07644	-0.431875971914724	-0.012861306729345	-1.64506733519996	-0.751860695218891	-0.586056157316973	-3.86463185948074	0.236330478903092
K07645	-0.734816936613516	0.193909396467181	-0.893519402575146	-1.23516746077523	-0.377279713120272	-2.1952409426564	0.332839697119034
K07646	1.79701134765009	-0.794506112995176	0.739149032998432	1.36325089421287	0.31590806010742	1.2306900640136	-0.0939109628235928
K07647	-0.852539686323599	0.225924571094485	-0.974920035433423	-0.892750935888141	-0.226198985543062	-2.42478439015091	0.29172304224614
K07648	-0.524546412588553	-0.0412094844007775	-1.13185739619697	-1.55594106230721	-0.616223498549272	-4.05631038349807	0.362817912813462
K07652	-0.335204867483572	1.70557542615888	-2.34858477218116	0.175595445299298	0.14132055703182	3.6676683743602	-0.944681317094528
K07654	-3.10778656399389	-0.058130945029287	1.14994889395272	-3.13508387122139	-2.35681055423241	0.568732263625262	0.764035075422562
K07657	-0.110145954252676	0.103184153375597	1.12953382627999	2.12006203618065	0.364813581738661	1.15746642845928	-0.00393346000071682
K07658	0.753689171908899	-0.578260789575605	1.84756731884514	1.2246362992765	0.246029645834158	1.79100898104965	-0.106116623166763
K07659	-0.469899920584158	-0.111190426113634	-0.801182390284192	-1.25750346693978	-0.526003881659319	-2.2736272494191	0.39211401295308
K07660	-0.820323256613211	0.238155414400072	-1.23277783496345	-1.1783388427256	-0.396453871693422	-3.52281352680862	0.221713631864823
K07661	-0.885327724577383	0.4356902437782	-1.54806673629249	-1.36270757231697	-0.217599570121576	-2.11696359318435	0.150766521211899
K07662	-1.10335412418981	0.414214869079562	-0.5549379597422	-0.886988597249835	-0.0714169585369127	-1.55669066113174	0.342278807874955
K07663	-0.52467456257482	0.0623791115855888	-0.979980708193432	-1.74891753706917	-0.226278319325258	-2.86909624737442	0.322656303163803
K07664	-1.51014318859716	0.497388144073458	-1.03612065417732	-0.825361447667926	-0.0454355621002215	-3.45331546467483	0.467988281961716
K07665	-0.323517469526724	-0.0950543535375878	-1.06552362544502	-0.804998712873309	-0.482468172278215	-2.51675602596939	0.298330336328781
K07666	-0.590993670584158	0.267287214336367	-0.944752694201123	-1.20159419093117	-0.275105073418428	-1.79276725453079	0.326161711927689
K07667	1.18175962769847	-0.608101080122022	1.68010854618584	1.38951216425911	0.69485749367256	1.65594765740692	-0.00937733102198757
K07668	-0.707235721708731	1.74436803632733	-2.32394731147255	0.580061522984654	0.0226647543497783	3.57707813578903	-0.649206683520042
K07670	-3.58829441464086	0.598407526550265	1.77869546310936	-2.31818099532112	-1.84786496993523	0.901801036775706	0.618696420904435
K07673	-0.69617274201055	-0.0335248512649819	-1.33592999083961	-1.50219197783455	-0.492032452788164	-2.74573227566421	0.33960244011525
K07674	-0.809811739088492	0.174841602382632	-1.06436860663856	-1.07243152174935	-0.418615206446459	-2.26787826222122	0.326500623937882
K07675	-1.03768935597082	0.137739141521426	-1.25476920707191	-0.842621522283405	-0.266889139380266	-2.52291556996048	0.430642693754471
K07676	-0.538817433477835	-0.0214007747793481	-1.73727142913307	-1.42903109107003	-0.699021502699663	-3.77569600742996	0.2300762827361
K07677	-0.656531123281912	0.12175547057149	-1.25499987704719	-1.50119276556954	-0.396632775034716	-3.15815278690994	0.263833254095353
K07678	-0.596009520651297	0.059230824050875	-1.07101559741462	-1.34120340857491	-0.485287531580736	-3.93087646168411	0.336590855833329
K07679	-1.06694915688177	0.836793501911135	-0.349549473356854	-0.424240725374072	-0.408369346823503	-2.93954559963882	0.00801193666104161
K07684	-0.804474500776724	0.0917685227966026	-1.24002742869819	-1.42575402770027	-0.530968888964464	-3.72685548466385	0.321551292654312
K07685	-0.659190324903921	0.0535984235381797	-1.33363115889991	-1.0124567321299	-0.580386742319872	-3.09102222126663	0.340057461973465
K07686	-0.552618769766287	-0.134730677070646	-1.30052363975013	-1.13358684096321	-0.520053549971392	-2.17290469807327	0.473201065775193
K07687	-0.579079059721426	0.077791889247866	-1.26044464213813	-1.33266778502449	-0.622340782847216	-3.86844798725784	0.2951979334319
K07688	-1.20301213657995	-0.38754546171668	-1.3193730126139	-2.12878604445443	-0.456367894377519	-3.40494033497513	0.329986780401505
K07689	-0.93726160919805	0.371944745120974	-0.772239924502026	-0.851349430417865	-0.13542894956093	-2.82666751545608	0.261175363775528
K07699	1.12674966657023	-1.26945165819171	1.71991395847832	0.66230541255489	0.41953714254875	1.7439503391391	-0.023771822932922
K07700	-0.492404607893423	-0.0737477046871468	-1.91907703978981	-1.42387004408821	-0.613783403601457	-3.35106488865555	0.314647465463913
K07701	-0.426963118673758	-0.0160262537622735	-1.1543556462046	-1.37685044321999	-0.625866099562456	-4.06223889988601	0.32763954949025
K07702	-0.697482017637686	0.0516605871295646	-1.11489582164253	-1.45677288088784	-0.400351180996706	-3.74841615360916	0.28770270895604
K07703	-0.571848897100882	-0.0646838647747323	-1.40494930846656	-1.83314629111275	-0.565873130526354	-4.12854215305984	0.419422655817307
K07705	-0.350797800184683	-1.39804164594653	-2.68545687301124	1.62618081059471	-0.617834790911486	2.57410279113114	-0.514738686863147
K07706	0.721111679612203	1.23172112279889	-1.6272617588755	-0.479791896676868	0.644385353360365	3.02480772334397	-0.769098133329116
K07707	0.399634661315485	2.19450636678693	-2.58884370429481	-2.02953334364876	-0.163479819264223	3.75551942187607	-1.29357019114848
K07708	-0.620057253004507	0.0654600160693839	-0.680618287157666	-1.37254460368142	-0.416912957396318	-2.34331437748611	0.379068046327866
K07709	-0.921208767057852	-0.111351410808592	-0.736107946467053	-1.17087336096749	-0.444150462117006	-3.36744519871414	0.494536011930741
K07710	-0.58490279114385	0.045891334352465	-0.90487349135841	-1.26075239691719	-0.671136840548326	-3.85434743565262	0.290475815054215
K07711	-1.02644064819951	0.0978737073516563	-1.307066799235	-1.29579539809212	-0.254196807112505	-2.59197923344314	0.381731539484299
K07712	-0.660352496267752	0.051695515451403	-0.803547979426037	-1.15625544104561	-0.37573023077469	-2.21002027195633	0.425878852125443
K07713	2.23407468402247	-1.10032473033908	1.32546192305123	1.42286430087104	0.444058076176832	0.919089982390997	-0.148890823606216
K07714	-0.820387629629568	0.101031591234179	-0.810707927775036	-1.72254009757027	-0.549174710478594	-3.74561568897903	0.330510347601212
K07715	-0.538024334074453	-0.0911493477845475	-1.56647980315651	-1.16591115508065	-0.651154025759508	-2.24480411213577	0.403876810785569
K07718	1.64268037879328	-0.493502537670164	0.111523984837879	-0.388883905744403	0.0163945990391475	1.8814676721698	-0.213739187005722
K07720	1.70728752219538	-0.589428315820722	-0.0255309949632994	-0.0880980065821108	0.0484422079064352	1.94595131474793	-0.22088702071067
K07722	-0.662224558950857	0.317575593528719	-0.404347361158978	1.09171514000908	0.465051755938719	-0.447845784842374	0.0966038997137912
K07724	-1.18878355419774	0.234088291463824	-0.646043540072095	-1.37850947890267	0.0144695180245144	-1.49531218212784	0.35439279627446
K07726	0.344316722987696	-0.305205258491068	1.72349429028069	-0.193303959703296	0.803723529610823	1.34345549541771	0.0851474697554477
K07727	0.071806701062723	0.422326822814913	1.62518942253624	2.00830738034263	1.18056811455269	2.69583252269089	-0.059196889880859
K07729	1.11319872939448	0.655178506908388	2.88693177597557	1.67206494297996	1.39413608673591	3.18043735820114	-0.297331631664001
K07733	-0.874436883093313	1.10124941640851	-2.15844452483619	-0.744821625089496	0.414017335210035	-2.65836259525955	0.49823954653386
K07735	0.645680280564829	0.0274007814502433	0.728351711202014	1.71396057095543	0.427079901728819	0.510946842015383	-0.146329433206283
K07736	0.698513457714125	-1.23603717512134	0.668001889157642	-0.34747906241402	-0.141680016484072	1.34089163142502	0.0778046245539554
K07738	1.55506929957728	0.181879987058611	0.884959398675311	1.03817777123466	0.0897822237350447	1.58578124839127	-0.0953294043576352
K07740	-0.742453364492849	0.429114778575869	-0.892824412417065	-0.880255656576007	-0.269455685581972	-2.4689020792836	0.31066104721669
K07741	-2.35339727795263	1.1787721710777	-1.78477776153053	-1.89099355254158	0.253891051445196	0.836320506513712	0.0613345499003299
K07742	0.542050438164278	1.06139083677289	1.6668261279348	1.11802474942222	0.437620983157347	2.73098197776139	-0.298914604369365
K07746	-1.79453649914403	-4.33994964784625	-1.52444541556801	-3.60853786978707	0.311753467354963	-2.08230587643326	0.585629194494522
K07749	-1.48724165356298	0.733212192592593	-0.580161810946118	-0.890596943235248	-0.154824077453424	-1.06209656399429	0.277119189020432
K07751	-0.805366305471853	0.0598568516349509	-0.847177744936596	-1.17030437502846	-0.52656744357567	-2.4426729361409	0.388681679483689
K07757	-0.458229927183584	0.0528302686786369	-1.57116997344459	-1.73778362784371	-0.57973031636696	-3.83638307255447	0.230777471777237
K07768	-1.76618709957738	-0.629200140895872	0.427615455258239	-3.95717688117012	-2.25177143451195	0.697090568125842	0.679635852094925
K07770	-2.07738414204259	-1.7957995337868	-2.81506884200538	-2.37572284255013	-1.53987882968407	1.87024894553482	0.815539806600846
K07771	-1.03562512791295	0.306102176246615	-0.316404880118023	-0.658451276159137	-0.130291699733545	-2.41555568379104	0.377562969442643
K07772	-1.03412380612035	0.160262842712374	-0.838624597620617	-1.18901761088356	-0.280645772185137	-2.55815169018448	0.425767391439713
K07773	-0.414700416685537	0.155847330627413	-1.23541629416908	-1.23904736552224	-0.456787958111574	-2.41920038860977	0.292551546808518
K07775	0.344058217643305	-0.749907891216306	0.526686408463467	1.10980663981453	0.801091448102186	1.9948687275058	-0.144996315721237
K07776	-1.5988124886765	-0.0594033253813073	0.86209079520737	0.683688519263417	-0.828982993330767	1.62872901755631	0.316839962717331
K07777	0.497124487696691	-5.26268343156817	-1.68337810142006	-0.812382536268085	-2.7776462876461	1.26300166744053	-0.233173743370735
K07778	-0.658105639578299	1.48156424337384	-2.04474842650856	0.637151611709744	-0.108427032198717	4.29592350322068	-1.01181158471461
K07781	-0.803079990507559	0.653587658939333	-1.368550301623	-0.902266340589374	-0.25537113782387	-3.23777934712112	0.055100053068436
K07782	-0.695514945150808	0.154515107212038	-1.36349761588539	-1.19614799532875	-0.515859886374285	-3.55982515019119	0.194744735475815
K07783	0.287165077565714	-0.0687203211212441	0.27340720491444	0.64406151857391	0.315692350897978	0.447595091641543	0.0431858594382175
K07784	-1.05805280602117	0.373770375785799	-0.637647391390454	-1.26557965788826	-0.120308935012628	-3.55856486958206	0.338617115732468
K07786	-1.11014833843847	0.731288512287112	-0.896576405596387	-0.570965485906452	-0.401170506443788	-2.96878716152847	0.0442551965678104
K07787	-0.564178613783316	0.192047168550463	-0.249736608099591	-0.0173040500639375	0.14848838064451	-0.768581120192411	0.221023469682968
K07788	-0.773648409010367	0.0240411507463172	-0.932563544344555	-1.20049102816567	-0.424277319874575	-2.50868651074112	0.382775693651474
K07789	-0.876907853247122	0.0708354013538078	-0.891709328722607	-1.41894646201119	-0.372662200894167	-2.53711172741592	0.34288909983281
K07791	0.525587389408155	0.987848122653933	0.996524005103458	0.973807824516446	0.654317096505354	0.480725379765627	-0.120001346353256
K07792	-0.777885822416739	0.395431359348269	0.386555335390914	0.108132077121884	0.425002113614271	-0.30751129788101	0.155015617128647
K07793	-0.233673659922079	-0.500977705183058	1.18813711302315	1.04624347176567	0.448604956898878	0.93282691586077	0.0990177090132602
K07796	-1.13225820458074	0.60126688056943	-0.721470476221692	-0.536920028066486	-0.0474098989031809	-2.66482612293899	0.267330497022904
K07797	-0.982408670546011	0.709651787815066	-0.597360135149609	-0.485502438878864	-0.403856291737367	-3.07827779453933	0.0474801356757053
K07798	-0.580752758146719	0.222575654325457	-0.966766120028149	-0.233480708932727	-0.186496108140756	-1.55203839939773	0.316626399275101
K07799	-0.706915525556997	-0.0697399330759332	-1.01471912963356	-1.29757209334359	-0.471871718134691	-2.78193446797073	0.353970318552292
K07803	-0.867768553854422	0.401685376701327	-0.972013236117016	-1.05237312827095	-0.243680908646395	-1.95223924320877	0.293628721948899
K07806	-0.835909632803396	0.0281076180314735	-1.11068284614051	-1.20286388907418	-0.508022769655992	-2.75411292713821	0.338686316725052
K07810	-0.576303032995657	0.243167241153689	-0.545986176561963	-0.890732245778888	-0.624534770216753	-3.62810727757156	0.167735725160874
K07811	-1.28925278580327	0.534391184387179	-0.772677064966809	-0.894395428037494	-0.227099581923296	-2.49860712689102	0.429843991514481
K07812	-1.31574693119665	0.416377504405947	-0.66492307288612	-0.710809903478473	-0.156412034597208	-1.89715692204178	0.431426256414688
K07813	1.80294653975825	-1.57816116041186	1.13002806799446	-0.339646296834796	0.602607384953688	1.40099305111229	-0.37562000054475
K07814	0.527410524128481	-0.930592278900175	1.55206572907006	0.984866125250012	-0.202783449854662	1.72592774230301	-0.0976402168309323
K07816	2.14165041053156	-1.08751688426974	0.205826460290302	-0.423023896550983	0.16218009654064	1.24924227792084	-0.193335265401565
K07821	-1.14315238392492	0.48452510410306	-0.718755007815014	-1.4504404834269	-0.371570899452974	-2.36699434918106	0.317165582891739
K07862	0.76900950276713	0.809514124927492	0.964558183122028	1.23624537673011	0.799526587758253	2.35881081420243	-0.219591469052993
K07979	1.49655023419718	-1.27774838632586	0.105771480965961	0.317524282002598	0.185575605068396	1.34511420327484	-0.0126522486245266
K08092	-0.53565278446813	0.0973205464458183	-0.804494143557202	-1.35820110354409	-0.348289533819963	-2.69270083111465	0.386209696050919
K08093	-2.52317824757238	-1.22309784120563	-1.135764480662	-0.835874872541278	1.51848067406196	0.552458526671527	-0.569337666515075
K08094	-2.82871451771398	-3.24730543321612	1.26059216158425	1.08354399886146	0.133883804712485	0.37325111228287	0.336995094534195
K08137	-0.639634279371695	-0.0774791789675042	-1.24391114814247	-1.53174086127266	-0.647013946738054	-2.57646700543106	0.429296582456864
K08138	0.372714700339838	0.428368588027926	1.10921710627114	0.846083326006085	1.20546151760597	0.478654475987551	-0.303723633769714
K08151	0.293782117007776	3.14317055517194	-0.560719252657544	0.598378961646706	-3.29630587932091	-0.97706672352493	-1.79135039496776
K08154	-1.30655899441381	0.362845738468142	-1.09028422934974	-0.89732630763039	-0.00552099880199606	-2.15578719776809	0.289029269930161
K08156	0.596415737340703	-0.0491562140608117	0.95055943625008	1.18917767491356	0.522916362319182	1.08306441280305	-0.0736714010274044
K08159	-1.25176682865758	0.27155010872838	-0.794162632059704	-1.20772035632119	-0.309148266281893	-0.598368970572355	0.281344204660691
K08160	-0.777458457113699	-0.099923114242582	-1.06447064979042	-1.27516396555886	-0.602037056650926	-2.58343431156814	0.379565268274582
K08161	-0.936826733709768	1.09715123945233	-1.22435772521461	-0.783449607229083	0.0465691161118848	-1.77775665920913	0.0756458933318027
K08162	-1.13848212158819	0.0946672754859641	-0.969278694224011	-1.0619146398066	-0.421656324829866	-2.37436887425125	0.378216772791184
K08163	-0.997847823263601	0.366586287555666	-0.541094184946667	-1.31397970232949	0.0833817205168707	-2.38241311711014	0.353056042906083
K08168	-1.86459579861303	0.481703122196169	-2.32178557021583	-2.6693627408503	-1.87575338717919	1.38783607083618	0.252366870161332
K08169	0.433289410708948	-0.0279459012174889	1.14499717848336	1.60032431569114	0.724779382977675	1.18194608587086	-0.134861082318985
K08172	-0.888204363943533	0.0246488648032859	-0.951407671999585	-1.11959751162514	-0.204709201421549	-4.0115525404805	0.490251510854996
K08173	-0.642733720900015	0.173841943082781	-0.985349060129773	-1.38282270941719	-0.584194048609545	-2.79935261410415	0.182867973562516
K08177	0.165580185292765	0.586698611316653	0.589900410640586	0.891040993595273	0.372055128846357	1.57475391227066	-0.0127147440945736
K08191	0.778181942342325	-0.146499122443227	0.456447410303701	-0.0608244112490114	0.96775092247505	-0.148415652930143	0.0615642065966495
K08194	-0.43441954052587	0.0952964621162131	-1.03345108134712	-1.32831414256081	-0.388477727141191	-2.46973153752029	0.316600948091782
K08217	0.630594987584754	-0.348701040210752	0.101151286530841	0.612341893577725	0.533058003220747	1.19850306409657	-0.169496030095779
K08218	1.1238568147407	-0.347880358758001	1.09280043737923	1.10139618601814	0.699059263501356	0.700136961520312	-0.168636143687927
K08219	-0.368045357824759	-0.0243481052542016	0.564868143666137	1.75233308758751	-0.111624553170015	0.254311235726473	0.0680686230624088
K08222	-1.21852293408056	-1.6981000108147	-2.32527721030677	-2.18646212134346	-1.82509194251518	-2.47007342976272	-0.200087547782623
K08223	-0.84873667156835	2.36319680982587	1.13195001976525	1.30471549716011	0.94075752857704	1.46646690565407	0.0538145000899204
K08224	-0.787155894400076	0.167626162109347	-1.54508698089088	-1.27858229193673	-0.431007459130098	-2.03429791134536	0.253126292940415
K08227	-1.32185974514623	0.21552257710454	-1.10378694636787	-1.12864752325997	-0.17107722100239	-3.4689762274617	0.400248318430222
K08234	0.0951311310515841	0.697015543518038	0.764481781888355	0.765137327575833	1.06512631538887	2.75955513316452	-0.138440162423813
K08276	-1.04457154667516	-0.114152881267099	-1.06233084304298	-1.807985501623	-0.374546869959642	-3.52325030964554	0.318701654192246
K08277	-0.437966374517874	0.062966187534304	-1.12283671004738	-0.977729635572284	-0.453852578367998	-3.30908843678177	0.291950612779892
K08279	-0.509768871427969	-0.104294921221761	-1.20478260619606	-1.14520330939278	-0.581218823160936	-3.01566001576126	0.370579570051468
K08281	-0.677325872541861	0.27506904774663	0.0529548813584932	-1.24988062891945	-0.686859353747179	-0.228773800551298	0.409054547067917
K08282	-0.793184308172659	-4.36855272478106	1.19672757284676	3.00274781670585	-0.485576912131121	1.49416548210442	-0.114037454608642
K08289	1.20679351889948	-0.433381388845472	0.456600605416644	0.658454982304722	0.713274494443129	0.878857912600634	0.0271303648913273
K08296	-0.914886979223684	0.247264464435549	-0.119196773600232	-2.22586555991158	-0.548076554503252	0.165356965840457	0.506237178560532
K08297	-0.474299100996451	0.12747417860982	-0.359174371790539	0.167268885040433	-0.148629605140497	-0.812114564597013	0.220232635256089
K08298	-0.235444990755514	0.172839571771593	-1.24325442416633	1.08791546311393	0.0127827736325962	-1.10897013348282	0.0362636740172275
K08299	-0.470617679716543	0.169271369514437	-0.710599065851819	0.0288185009004179	-0.202374964322855	-0.943542448698881	0.224317460771836
K08300	-1.31510892307897	0.164099653301211	-0.685202480387341	-1.47134705100045	-0.46076504823189	-2.173145024001	0.358590632196701
K08301	1.75678751075129	-0.109280648591547	0.565882726478923	1.08069221463218	0.424820766482542	0.927159594476817	-0.0893518929516903
K08302	0.145333262322946	-0.34636382287982	-0.527912379336011	0.23218416955486	0.388592675957869	0.146527143300173	0.298123925443924
K08303	2.68421611392359	-0.101728844406633	1.10836887257134	1.12714992251411	0.355712399516295	1.43418732482254	-0.081463575843536
K08304	-0.34066530859609	0.0913739400481895	-1.16340434653724	-0.87077327284798	-0.330229356255342	-2.45441743534744	0.264232724424637
K08305	-0.989817170263724	0.155190100011797	-0.747906209063183	-1.0731051734446	-0.226992591585924	-2.26905223530472	0.410476475473679
K08306	-1.05883720314641	0.399997432765932	-0.577586175036084	-0.87529249701485	-0.153231471147348	-1.74111601513565	0.383523493524826
K08307	1.09459662639956	-0.444303492965727	0.656032322812427	0.641810117030293	0.35187561872978	0.245266648114321	-0.0343533759152523
K08308	-0.724716095091299	0.022018213806124	-1.0446281443354	-1.23571570429787	-0.57151178952675	-3.09310599964798	0.363701730486191
K08309	0.443328173993631	0.702676554260226	0.68843416767155	0.117488605642468	-0.23048601981621	0.342763217270968	0.0608691568339237
K08310	-0.551624445082144	0.198668827352495	-1.14691555602516	-0.940501647329181	-0.342837943997194	-1.9478990713948	0.222567110773362
K08311	-0.177235929132895	-0.0310850990438744	-1.02625227076973	0.946100247764737	-0.366812899079134	0.230125399411318	0.134696751352585
K08312	-0.51045849716802	0.149686207113238	-1.22531998259987	-1.03986795458779	-0.466007515158464	-2.6966590563649	0.263389914747513
K08313	-0.956266311766104	0.265652735767336	-1.03827083213295	-1.47294981989846	-0.208122804131319	-2.48821851414383	0.374202042337693
K08314	-0.890455273748831	0.100779642400713	-0.838775754999768	-1.10867019209847	-0.345130308832933	-2.51780339878738	0.364595204111374
K08315	-0.670070437551932	0.234768529472323	-1.01085245711769	-1.06281490836129	-0.285335942473223	-1.77711102169693	0.3179109985793
K08316	1.385289760469	-0.35703162378314	0.108463584351886	0.584932220840603	-0.0809529789946573	1.73458448249161	-0.138706177953445
K08317	-1.03313734924932	0.812411149082156	-1.44791627032722	-0.690618830060809	0.057268126566003	-1.99763056439102	0.298552006002701
K08318	-1.56078496372838	0.829735477504702	-0.49443465573753	-0.648470359182208	0.347519502673338	-2.03435203236282	0.482964723821915
K08319	-1.47739258206029	0.683954079685183	-1.10876810653175	-0.676995950078815	0.0812825827636225	-3.22114059132278	0.342652350183762
K08320	-1.20941880142827	0.358751793441744	-0.92935395343269	-0.790092544889301	-0.033957652118017	-2.53797432583511	0.363643258329666
K08321	-0.999981073500113	0.708871145782442	-1.71346604926551	-1.071373300886	0.312165901694487	-0.959343163191678	0.105055361505783
K08322	-0.979699401022391	0.666462202606173	-1.05171024901832	-0.741002397870868	-0.159520625438501	-3.29779931706131	0.17069169830922
K08323	-0.31004175341268	-0.65442461794856	-1.5817934284922	-2.05290337119088	-0.550140961375048	-4.54186174076736	0.512235849615372
K08324	-0.951425103308157	0.200340260801287	-1.59852945907081	-1.21912236723885	-0.460951610770037	-2.53042098683059	0.322195380445755
K08325	0.778630452393099	0.804748495159121	0.611092611122478	0.628158984446675	0.494380817446898	0.509089382470248	-0.0656641428506008
K08326	-0.566047457815603	-0.0141014707708642	-0.790105820727002	-1.33543761286721	-0.690758689608385	-2.90269991558731	0.386499970670975
K08348	-0.544890073896841	0.0624413388347343	-1.10268998248542	-1.38211353335366	-0.561620637144853	-3.14598962467849	0.390721112009323
K08349	-0.921292928816275	0.440545876560183	-0.807797313761365	-0.627811627721637	-0.179406642284204	-2.19150277775467	0.250581532236374
K08350	-1.28343894875188	0.335508723793001	-0.76619899375404	-1.00621016535744	-0.255740328993608	-2.31764194172561	0.294393389936722
K08351	-0.520232705236868	0.120219816503496	-0.847595096659314	-1.00016673121437	-0.260174735750963	-2.72134157818496	0.368951826807297
K08352	-1.64373817837377	-3.15368894762042	-1.63259875876869	3.84674958672538	-0.0712485977671641	0.892563196004031	-0.662310705069267
K08364	-1.3698964396729	0.276896377143832	-0.313369811606061	1.01709709849373	1.05683805111427	1.2973937113887	-0.169309705976211
K08365	-3.25515904820104	1.43136974149701	-0.838155032229077	1.44167433466926	-0.0938073837421435	-0.782593099295499	-0.374982506517135
K08368	-0.302661387087301	0.213188340005846	-1.10032594306434	0.116231126451642	-0.31858684059601	-1.99814221066177	0.14183655333165
K08369	-0.290076820017294	0.237768610057803	-0.290991784166943	-0.724085526800006	-0.419968380894472	0.0728453715449549	0.370126157518662
K08372	-2.23391786015172	-0.459640319409399	0.845553069281925	-0.702829676008075	-0.917262061800768	1.47672578889191	0.470833450075425
K08384	1.62727245890956	-1.41586760705951	0.726861341762889	0.374895205462128	-0.21462263103943	1.58737275201142	-0.109610766652786
K08483	2.0802486857162	0.0683095055198386	1.18435031073128	1.10347990479484	0.161160484585951	1.73541411954224	-0.16923716712352
K08484	-0.607215670706228	-0.0292683792734429	-1.13498807055916	-1.35905011210427	-0.565901323523332	-3.13296481770218	0.412687211748398
K08485	-1.32666626370092	0.351345558700533	-1.02629220588173	-1.07896931681618	-0.0415788361094492	-2.75697275799453	0.519770591970719
K08591	1.25994304025035	0.153254707393618	0.955953775811542	1.33728436913505	-0.153204127516558	1.78808465796768	-0.0801891987359158
K08600	1.28408774936061	-1.06360123580935	2.88238084213768	1.43300549473777	0.696266428265761	2.2507880051738	-0.221513927463256
K08602	0.79472252929072	-0.0679052276039407	0.951253532338489	-0.126278834676593	-0.816675289835741	2.1075663884288	-0.334871776882373
K08641	0.039419325231119	0.426353951034518	1.43104010717903	2.26487926926628	0.997489050660322	1.3216763754493	-0.150730312350952
K08643	-0.753724006773428	1.69935830408093	-1.93816435439552	0.536905986929089	0.219489306841086	4.24427274066269	-1.05333146500941
K08659	0.678562777279421	0.100242008504839	1.13144284384285	0.570211609566361	-0.00991734054308111	2.13805619078934	-0.0390648250615231
K08676	0.551350703625484	-0.621164630117445	1.18059247629677	0.881693316364438	0.823043898377607	0.710480006516574	-0.263301313403808
K08678	0.411409842012926	-0.973740021648435	1.41071718828713	2.23971025433555	0.814002052579115	1.38092363077461	-0.215182587984764
K08679	-1.7195891419663	0.708897729454012	-2.07472670180763	0.713831392789036	0.649232522282789	0.639641048491595	-0.095486820224487
K08680	0.102284522889658	1.03541465574262	-0.0579670081850401	1.7180769869329	-0.296155973639299	0.32882949906647	0.0148192937338718
K08681	0.259352656243845	-0.631647537412672	-0.322087586950909	0.27716733303085	-0.935475810732653	1.59695586758911	0.0193566973173984
K08682	-0.505457548262076	-0.242081842335491	-1.22433257205452	-1.6640920213221	-0.660338684286882	-2.3806440512532	0.407982974764145
K08717	-1.52033629810949	0.114208062229128	-0.382173658442151	0.836807680988461	0.824329689774702	-0.589473931013944	-0.220318675521576
K08722	0.743938686488672	1.04064341360089	1.08809620039498	1.36055354561821	0.203198001418303	1.54107126790344	-0.31944444823619
K08723	-0.659342197538809	-0.0236824852848336	-1.24523806674446	-1.29361637148842	-0.493033214773943	-2.69999000233352	0.392139762159623
K08744	0.961269917129083	-1.04347805208209	0.35309865968262	-1.11950858149514	0.719999150071333	1.24895699518978	-0.0715757315194241
K08884	1.09549769961695	-3.76120309061053	-2.04612028701271	-0.229513662195056	-2.34129522677879	0.753044577420352	-0.154678822044098
K08961	-0.636632231832937	-0.16392287886384	1.19889235394036	1.7775663563253	0.390325323376845	1.42164910036385	-0.0765147810017697
K08963	-1.23714664375921	2.0617751675224	2.5964726199392	1.84287075486198	1.06382812622566	1.69640019732773	-0.0476569538151852
K08968	0.49113603138785	0.59078206592557	0.823882697987903	0.644268555307538	0.631762579713057	1.71624228555023	-0.240906209233963
K08969	-1.70605364239355	1.41174789243695	-1.9846049557444	0.449536433184296	0.208862528834532	2.82796469527542	-0.215499341968261
K08970	-1.02524903214116	0.116131891546221	-1.30906951529945	-1.4256829789637	-0.446874304976274	-3.55449792545974	0.322343557592667
K08972	-2.10024466908117	1.47437079721448	0.831992923188556	1.25133983578697	-0.929834767546465	1.96229049760163	0.0837431843245395
K08974	-1.1452015916123	0.105104018983813	2.42220973866021	2.32831744637504	0.974392966065596	2.43291047412216	-0.168748111013137
K08978	0.309356751082941	-0.973242978515653	1.49625325100457	0.199365896845013	0.178582341108511	1.59790167409241	0.0698845977747806
K08981	-1.76703300869604	-1.67047146982196	3.15806305305992	1.79928187813774	-0.553976043429186	2.14453020888626	-0.199994057897293
K08984	-0.861541418196158	-0.120009246232538	-1.52175510032142	-1.35307045493111	-0.554614647593309	-4.03369256657303	0.484397321459092
K08986	-0.547478226782278	1.61486538225171	-2.1638816605326	0.810878379011304	0.00127330857891863	3.99612048465073	-0.965675026658737
K08987	-0.542966632009939	1.57919307523725	-2.16433012587989	0.397939635181576	0.126565963659476	3.85294154483139	-0.983430892709457
K08989	-0.0206741968407194	1.10954602533338	-2.04744160277809	-1.47899563822731	-0.626255854334642	-3.51268502873123	0.0605358774626621
K08990	-1.33617964184423	0.404908974704714	-0.705829382967602	-0.644747929906696	-0.0432328948042887	-1.44196697872818	0.446822374578751
K08992	-1.47291770374914	0.44251569086072	-0.557803631853711	-0.807297783231586	-0.179444729652216	-1.40826460522354	0.321164160486496
K08993	-0.994111208082632	0.536741872367831	-0.537778259348523	-0.567138271665424	-0.188499435152819	-3.41674205464065	0.241901844259537
K08994	-0.674245385290579	0.00504018836972267	-0.689890624117505	-2.22355099234566	-0.616539760794451	-3.76066133183182	0.282355278250016
K08996	-0.334955422045187	1.24350114637372	-0.771629453730237	0.720402506852299	-3.06104920741539	-1.32978793781936	-0.756595403436386
K08997	-0.635550169111685	0.00560969584939033	-1.16799736125435	-1.38674994025215	-0.493191584315111	-3.00731679600418	0.354999333139695
K08998	0.280787678597971	1.52065940671918	2.65210282700096	2.58533243622795	1.72246028545875	2.84976795512497	-0.161878854516708
K08999	0.136051418422266	-0.868865887584715	1.32128298180138	2.64208321061149	0.723569885525892	1.30173713165581	-0.192629948738777
K09001	-0.677488831640677	0.0365356700992301	-1.18028450114692	-1.42422481093392	-0.492709323134233	-2.87682935398758	0.26675429892186
K09002	-2.08259191906591	0.821362693843813	0.45141256498133	-2.01298423323616	0.474064157042692	0.890490384877322	0.0164596731627353
K09007	-1.23341527378698	-4.02837852663043	1.8181636323217	3.04147486176506	-0.163062512244989	1.2477807124263	-0.103331387523376
K09009	-2.47045269405981	-0.120028356971769	0.676133572030414	-3.84004612479195	-2.06127642032128	1.16456593769848	0.812157600637711
K09011	0.980384649871393	-0.935217301311521	1.09914755718743	1.1808113285543	0.727352277074049	0.741392018378375	-0.202599555734359
K09013	1.90618416869502	0.123343219099016	1.03081083195244	1.24589924302116	0.676381126675795	1.57958564359009	-0.0762182776963345
K09014	1.8268637379394	0.25022237473485	1.29295480148827	1.13962910857216	0.86139597061653	1.59681931334793	-0.0501980786358944
K09015	1.35846510732035	0.0973537462329581	0.898933350015033	1.53497604813591	0.573333100114058	1.56849578219712	-0.162560463432037
K09016	-1.45920815861364	0.592745323715182	-0.338352621626507	-0.858844476079791	-0.0307961398027437	-2.44260188740432	0.438026636358536
K09017	-0.633174566389517	0.313653369483919	-1.584419609141	-1.48187013182625	-0.281697913374712	-3.55922767323196	0.161717861410416
K09018	-0.894643811346487	0.410017748413058	-0.951714397501599	-0.808276372289508	-0.10447314318638	-2.0335616747731	0.241832702871598
K09019	-1.37326231396337	0.563022573528261	-0.476286591124188	-0.492724554872363	0.106226564083288	-2.0495528857106	0.39745327782277
K09020	-0.725104836584524	0.301762779293032	-1.26557588679756	-0.681530075406879	-0.191493629779627	-1.47830912274063	0.259857743498124
K09021	-1.15370443260808	0.36368997865674	-1.12668657405342	-1.23705120596871	-0.1023565077446	-3.40078946751297	0.297601609941758
K09022	1.72334668242793	-0.100343207778959	0.780591606068958	0.588563790285737	0.23441776696224	1.35296118456185	-0.0818766956364743
K09023	-1.42949428951879	0.39549203687665	-1.20716452701057	-0.386200504636615	-0.138613655533602	-3.46872874897659	0.439541428800858
K09024	-1.02150264179845	0.331346412239046	-1.00123334033455	-0.899365978574603	-0.142376511659433	-1.91997858685196	0.452871351953781
K09116	-2.94008388912816	-1.38750354475024	-1.49099361999	-0.0205722025392946	0.755746797356795	1.22748244005501	0.177451043840683
K09117	0.705322543321653	0.67155416780469	1.40267830984627	2.0440800615789	0.81499578121681	1.97613373595536	-0.199108809713089
K09118	-2.42740121281286	-0.442833925547628	0.447411547321428	-3.84961576971993	-2.35145734187584	0.597323211014865	0.806874721761978
K09121	-0.94568970596929	-1.52192298597339	1.1627733101133	2.98675446000114	0.870158509049605	1.94813624221146	-0.0962385242020718
K09124	-0.636458782316641	-4.00593690103534	-0.778500796389233	1.97237483944908	-1.20958851214867	2.21700552302658	-0.56394641149398
K09125	1.01855808698992	-0.198959866488902	1.19844055073296	0.845478994512707	0.879728332791517	0.53337228494942	-0.0948130791222683
K09131	-0.548028258444266	-0.0783203495168969	-0.701322318148266	1.91169886078849	0.305192873511503	1.14541334110558	0.0348709816897281
K09136	-0.392187563539938	0.0798677998161033	-1.26751732928718	-1.22407920870766	-0.60247395869713	-2.42904373806656	0.305230766054428
K09144	-3.10812464153905	-0.117238881948023	-1.67199528319801	-2.34257622275338	-1.77068315383415	0.656082632125018	0.500377326723374
K09153	-1.67691626942296	1.36392982774732	-1.33072590930427	-0.90184553179726	0.695414916310499	3.27473405200302	-1.02378627705928
K09155	-0.938275841833548	2.9127444820976	-0.9045895348307	0.00313113417640365	0.990505353245924	3.0762274582988	-0.307186075035297
K09157	1.8481176813827	-0.125277924301653	1.54017770187889	0.915589226150662	0.646686390671919	1.85707858401596	-0.0192999844586483
K09158	-0.996786026121573	0.655364831027956	-0.154139400553357	-0.730759220456928	0.139204674098681	-1.84187719029129	0.112205475088395
K09159	-0.9750503579392	0.53552540117261	-0.437288166117322	-0.885654049253314	-0.2209367000721	-1.9230413119191	0.155616491552628
K09160	-0.852545885206656	0.370606978473635	-1.28605008227791	-1.68233438048348	-0.414067729677965	-2.01169201534927	0.266017943140305
K09161	-0.560308007360891	0.214150299367876	-1.79551756484474	-1.17306311640725	-0.511018975939562	-2.74646207493484	0.207794993635453
K09163	0.62361951747398	-1.84374753660205	1.05150550501381	-0.606182175016254	-0.552887841429521	1.46866384345352	-0.258953527096473
K09181	-0.115843562246756	0.0766139822578147	0.556735205370534	0.631742609405667	0.215384931001852	-0.0562799851292395	0.139142781015671
K09251	-0.46997371113439	0.0850602584457114	0.34118731217419	-0.8234736493586	-0.187476187314798	-1.04519697827041	0.316678612943924
K09384	-1.67723813450475	2.29924102598187	-2.21232283217872	-2.27807469878182	-1.83204470511894	0.417577834904788	0.00746720981243931
K09456	-0.690473703504995	0.0489569502448753	-1.1827124367472	-0.906442838048786	-0.351765825714876	-2.60647651356399	0.378523677107132
K09457	1.47089424931864	0.330618222293825	0.603769152331699	0.908941162490994	1.07091440323372	0.740911992371676	-0.165658623460495
K09458	1.90618834102015	0.109884102878542	1.58210921185051	1.29633198466316	0.758133367333601	1.70469311076462	-0.113121480230056
K09459	-0.83869495785375	-1.43009320920947	1.40063202278649	0.918073815965802	1.22068966988106	0.356105061352847	-0.479280811283552
K09469	-2.86690774357458	0.360374291477175	-1.38134503467048	1.12353513922706	0.515243307385634	-1.56310316723526	0.0216774041617283
K09470	-1.15667906201024	0.505630631980868	-1.4375770102259	-2.47174807105049	-0.162886231508066	-2.54287382763565	0.354834228273667
K09471	-0.992058781744436	0.354244013366671	-1.69255769355262	-2.13853879485115	0.0156446925141317	-1.63297912281692	0.287406593080796
K09472	-1.14349642193456	0.52453096681592	-1.36776161296333	-2.43747158560738	-0.0288801410458582	-1.93052717846573	0.2933087046111
K09473	-1.09606864845891	0.511908848819704	-1.53301107985939	-1.389732675886	-0.0134668604693907	-3.37799665135086	0.263733595129288
K09474	0.0242855867133578	-0.546101103487043	1.04229462044274	-0.444284098481983	1.15480722549934	-2.91401335400284	-0.560890064123832
K09475	-0.700608400465445	-0.0441721481704995	-0.968669892382275	-1.12482793841347	-0.522629603113939	-3.07276603382766	0.348288446184433
K09476	-0.503782776953177	0.726014395294161	-0.63547515971626	-1.15989871535286	-0.2942510389946	-2.7676171938771	0.115691452738083
K09477	-0.41588321125646	1.39249118143079	-1.02905619246925	-1.0365479758738	-0.46102167602997	-3.77472421330154	0.171931892153061
K09516	0.160403283475443	-0.597819487514524	1.36233597891365	1.18670712199226	1.00996817711372	0.951566720486281	-0.470786985490286
K09612	-0.685506848455862	0.350430388984652	-1.12723112208809	-1.04119785342202	-0.342706634964754	-2.87949773472488	0.22354152750615
K09680	-0.131855992437796	-0.605291168155699	1.27167993681465	0.87257988538757	0.729209438595961	0.327405424893496	-0.231069192770683
K09684	-2.45818605816503	1.3728707628822	0.802859066892017	-0.786731438970416	0.745229915414045	-0.984507290541532	-0.648135588053428
K09685	-0.265321282507376	2.58995219045636	-1.2178344736811	0.545559426510483	0.168848515186499	3.56803301173508	-0.798890173915588
K09690	0.29905128681521	-0.780639271202116	0.752821772265781	-0.624572472905963	0.443885937962721	0.329783411801455	-0.301309466842376
K09691	0.62461630457501	-0.569729815187483	0.795450865197528	0.338598502540738	0.578912035260389	0.56141114431679	-0.390554657686316
K09692	-1.2108377496018	0.637195904788943	2.46472167866265	-0.123543577527851	0.471481040749739	2.05592444735825	-0.13868039894458
K09693	-0.066604582430319	-0.268851830574302	2.14877748386895	-0.579464989042133	0.697981313500593	1.42980113822281	-0.0857881610428921
K09696	-2.06096878445287	-2.2953329486275	1.88236737148796	3.67811302628532	0.305621401105116	0.961420903087256	-1.30156937289592
K09697	-2.10439887440343	-2.41417531198504	1.52530777351891	3.85947493996635	0.831759110722731	0.912248933792708	-1.12358382392284
K09698	-0.440236596228079	2.73497410589215	-0.415103853773724	0.419686509037167	0.72091277006645	3.56927111941635	-0.715397030595504
K09702	0.698167400597139	-0.37349751121047	0.712783335614551	-0.414514558648914	1.16068436268349	-0.228500215231779	-0.136608005050384
K09703	-1.74602904713293	0.145582010087939	-0.485233188700329	2.47145442452446	0.510464713607023	1.74433121281922	-0.0184761886632077
K09704	0.7172298526154	-0.0476670963192269	1.35467797415291	1.3263545462133	0.0142892549522621	1.93442943888962	-0.200237751487457
K09705	-2.97568097508092	0.428290446338625	1.38662570612465	-1.38643928084359	-1.68906770583611	1.18551084595978	0.517287045236863
K09706	-0.52397122776647	-2.39384512132647	1.77411723034417	0.885687572622449	0.611407951150129	1.71153453189194	-0.00332006860133327
K09710	1.50905320250849	0.339377661285372	1.26407456295525	1.27831975903526	0.394634888205717	1.69361201125443	-0.15356299329158
K09712	-1.82260694897314	0.917561967906924	-0.428933919500958	0.215876830482632	0.284010813269804	-1.06664487522781	0.246330946203507
K09729	-2.20815315640111	3.14351149374005	-1.61914765937294	-1.44924564871773	0.882807091508101	-0.540480581938627	-0.262112677577697
K09747	0.79476671123366	0.728317101535769	1.44237434761559	1.62880210366264	0.845195606980513	2.24670437175095	-0.126580030206405
K09748	1.8696522434936	0.207521875438662	1.06909304754769	0.882633996868283	0.687016204629133	1.6108754594928	-0.247919157627784
K09749	0.11650711500506	-3.14936784929278	-0.844351054262768	-0.899569468831867	-1.75347135898094	0.901604207337496	0.0401931400263675
K09758	0.229721101163431	-0.51170058077815	1.14821857111489	1.02476350750938	0.789047197137068	0.767883570969699	-0.239157274845802
K09759	0.283767702220484	-2.93554667657855	-0.238012791704785	-0.358754353856891	-0.054725057747175	1.52820497947991	-0.119022697690689
K09760	1.5822160562263	-0.293922106685667	1.20968156950508	1.30613539900795	0.287751034531782	1.6655766685611	-0.130599111798965
K09761	1.81408640944819	0.166148831186266	1.0765215148214	1.14752129998222	0.135710739228914	1.74309101897537	-0.150648713592254
K09762	1.24299034678797	0.33974446826932	0.714386804867137	0.689159048462063	-0.139561607804109	1.78149286109268	-0.131152749541961
K09765	1.19245603883128	-0.331083099308042	1.09292012350594	0.838917715215832	0.405139372382353	1.67670616704285	-0.147342354539596
K09766	0.274951460002466	-4.93449405855182	-0.771660209726941	-0.757684784269184	-1.75266443129997	1.48582053381264	-0.366482221070491
K09767	0.336693080304666	1.13000353151319	-0.881840826105725	0.0914157756806914	-0.37843711611252	-0.957424608885648	-0.0580969755684964
K09768	1.60033515298228	-0.36781213706973	0.961189537215579	0.355326203370244	0.503115043673704	1.09384437847197	-0.153184265378677
K09769	-0.292704252363638	-0.604723612728147	2.29212641613518	2.3670849033834	-0.415134950842668	1.3128057141906	-0.0860032146012417
K09770	0.507182615040346	-2.34772972291949	-1.5104290257212	-0.589023309087604	-0.327948256697466	1.1608515997535	-0.124809742454254
K09771	-1.85770121014257	1.85620375448224	-0.305437804293286	-0.10336353096947	0.419505850110243	-2.93947979611099	0.355048387762345
K09772	0.818066911934419	0.555217881736727	1.9421380748037	0.906012428665311	0.535048619542311	2.09086170989334	-0.0348760490452877
K09773	-0.302118686796621	1.671222050724	-0.75363910300697	0.527675607913882	0.12586867127199	-0.55415686768234	-0.11854541349765
K09774	-0.911445287825064	0.188783724842043	-1.16751825911964	-1.46987720046028	-0.269347890581896	-2.589240519225	0.328892915960587
K09775	-0.484143165708975	1.47576685720441	1.03963029282128	0.64259804573074	0.292731598649214	1.77682385045349	-0.165862024310791
K09777	-0.782439974905447	1.62470789724347	2.09018587963616	1.970383805895	1.66384603146095	2.52320078212082	0.0470282132590183
K09778	-1.2041443864121	-4.00688080019	1.48458856241738	2.82007102456108	-0.829956635203173	1.1747160424596	-0.14963740158435
K09779	-1.38329854405065	-0.185066300394563	3.8578399409536	0.212474865579754	1.07618440750618	2.16666570502579	-0.0931071345841519
K09780	-1.06933346188207	0.532984037933321	-0.409482360911023	-0.881055431699603	-0.318893357481768	-1.29800793331802	0.239048689123429
K09781	-1.1500684300675	0.1035509007549	-1.23876679046119	-0.958956795072406	-0.43189991947632	-3.61265489262283	0.400372534509934
K09786	-0.632200507284598	0.163785834846468	-1.45897102458442	-1.68753023657784	-0.592900201048662	-3.65816613835037	0.208603292223252
K09787	1.15572622620921	0.591615934905978	0.874522446561206	0.881352198982388	0.347815618548582	2.13595500785172	-0.318060830715858
K09789	0.141158880828424	-0.708547751369505	0.884454457927097	0.455838562661559	0.782860533032606	0.54087025123894	-0.330143511775695
K09790	-0.493283180357412	1.96219583326337	1.05859815971886	1.39875714268699	1.3064007914402	2.6822392066127	-0.142091453555786
K09791	-1.59698596394201	1.11884280019757	0.209956317115177	-1.574746804571	0.606230751309584	-1.28749367397964	0.101782708879746
K09793	-0.810283688665823	-1.63790301507953	0.635571583080638	3.0092752405645	0.366801873479078	1.89824202853501	-0.135771573070251
K09794	-1.55155935681005	1.10054715448377	-0.870159746241223	-0.413052218293994	0.275136188302229	-0.387021629034879	-0.0361035769021145
K09797	0.414084496139093	-0.889521281185178	0.62146049635445	-0.26074411187157	0.302424178157042	-0.411864964186551	-0.319976620856487
K09798	-0.595227746130423	0.138473351535769	-0.876803279947888	-0.962192492818683	-0.376349254813005	-2.41467258137405	0.382528334375656
K09800	-0.317177323461966	1.23872049623487	-0.916900993418347	-0.930108862256854	-0.158656089868357	-2.13743564289749	0.206505387541092
K09801	-0.781099824072317	0.0026783841228202	-1.46198511226143	-1.52420278105721	-0.38174898859482	-2.43911477726639	0.305670588728226
K09802	-0.485939053656057	0.218680997428866	-0.829130412172925	-2.11433120284066	-0.714889033999254	-1.69987079304397	0.148010521646775
K09803	-2.00191488659521	1.1204784708595	-0.986079336237561	0.661850152278096	-0.0543613353035944	0.559547694504855	0.258720546480454
K09806	-0.274095563055472	0.0823900299644187	-0.820023895334851	-1.68925710234627	-0.626717253889849	-2.50139924687088	0.156230002161301
K09807	0.648547342209621	0.376286883888216	0.604076451528419	0.211058241987378	-0.0123283074460524	-0.1747411171788	0.148917644735611
K09808	1.21490511500697	-0.0676357401037499	0.931041060853351	1.38993780102745	0.724126056466292	0.615575196326373	-0.0968670551812283
K09809	-2.92081680691381	-1.45394674963	-1.42146527869667	-1.56716151747689	0.491520360741804	1.26383979815304	0.0948155815565952
K09810	1.05019867622714	-0.176780945571689	0.879931419062961	1.36051474299446	0.992774025235365	1.02359019882291	-0.0718629066979519
K09811	1.49833741986613	0.13820226961133	0.747930942941059	0.71197804596439	0.0640587738491995	1.48951244551003	-0.0608873968159787
K09812	1.83398398959498	0.0377208786582664	1.10813850061928	1.08858476367012	0.419604674611281	1.64767888385117	-0.1066615288293
K09815	1.17292252385478	0.937787612018557	0.751873581576694	1.22195325579658	0.647694484029005	2.22118798095047	-0.2923154984748
K09816	0.818586127995058	0.793618639049502	1.95278429882561	1.51905207123771	0.902594820294569	1.918412240327	-0.114230067018234
K09817	1.59634319150309	0.302058060703249	0.65123005108868	1.42481098856941	0.23609204653282	1.52221077877342	-0.153381467345916
K09819	-1.30234351551671	-2.72242931550982	1.43015813725029	3.02396420922294	-0.681973501410295	1.67313829261124	-0.146320462707245
K09820	-1.18826642429967	-2.89964250749591	1.55186438458001	3.09673122849479	-0.21548123594742	1.81198153096497	-0.0974307661091915
K09823	-0.438239602209524	-0.0304333073520943	-0.953715921473157	-0.770459132528156	-0.584207996096422	-2.1071266810292	0.373674898859299
K09824	-0.468195942999319	1.50414343648908	-1.35072589023079	-1.23052318606362	-0.0172636353633898	-2.25455400150955	0.232058017965592
K09825	1.50404063069682	0.262228419122668	0.743285565543521	1.51880542721763	0.301993057761381	1.62041709023773	-0.190194488052093
K09857	-0.810970214964346	0.165115316448183	-1.3018028746363	-1.04091532740578	-0.369026764597704	-2.91570874851883	0.286046295877732
K09858	-0.893991021276907	0.624983449516268	-0.645691395830762	-0.943088488912433	-0.181335061158945	-1.36836382549942	0.122394829508103
K09861	1.87893542849879	-0.0601977062845513	0.421756549644817	0.125169081354291	0.349532262120436	1.49777969914734	-0.177561402801239
K09862	-1.91001382267614	1.04508884721753	-0.789166570734631	-2.7238106301783	0.491383985314558	-1.90812751454056	0.285759478327072
K09888	0.952405693172022	-0.245277463408737	1.18540888922249	0.788931084537655	0.338558540377806	1.405397446931	-0.0311446790730587
K09889	-0.733307270170645	0.0680492716407493	-0.715831638407361	-1.66918297324166	-0.441514148678591	-3.90375968617141	0.375170140978135
K09890	-1.52169695294042	0.747259874877901	-0.507752777170788	-0.642207460737079	-0.066668114926626	-1.43352862995804	0.310077458139695
K09891	-0.642899779440359	0.364946981010409	-0.67071354491676	-1.27361496005043	-0.265390201773455	-2.25282689732254	0.298237889524735
K09892	-0.846365121962027	0.691854436931582	-1.46915733916725	-1.11658187422737	-0.0410553732178705	-1.97376510304153	0.169187336679734
K09893	-1.16966107285161	0.589283724365206	-1.76486766440834	-1.76277895483956	-0.28763152595978	-3.25708552998245	0.223519354578293
K09894	-1.33090415394445	0.654854734477968	-1.31945145232643	-0.301037745809406	0.17048798564453	-3.17424174946487	0.256326585527695
K09895	-0.968696502806143	0.225715716419192	-0.939418912958752	-0.923133807515949	-0.391060068573763	-2.3154539744252	0.321348398443497
K09896	-0.574792651297049	0.321083744106264	-0.86439681155647	-1.83630557570443	-0.134240120019724	-1.58251520794571	0.227849095579422
K09897	-0.544150141836599	0.0296538072204307	-1.46791172130073	-1.01716430697426	-0.611560388769914	-2.38221642178238	0.315693228956498
K09898	-1.52919879353185	0.682713051376314	0.246504007745136	-0.988161640500873	0.2269832051136	-2.39190313023269	0.323425322290696
K09899	-0.735571054579214	0.116126527128191	-3.22144830329384	-0.856230812406391	-0.501451774802019	-2.42907735508621	0.303465574499405
K09900	-1.62511959469457	1.1330083208656	-2.27687823874916	-0.269126611089557	0.109447576735209	-1.24887677830398	0.0248795146906742
K09901	-0.47058680451055	0.422152956066103	-2.41509640319313	-0.654039340352863	-0.573696418967058	-2.82851692837417	0.139624207731522
K09902	-0.752669242979483	-0.0506205511713311	-0.877645135950696	-1.37580819640145	-0.815460725989153	-2.21561595600784	0.211241036173142
K09903	1.80251285636286	0.119553257760973	1.40547978775536	1.42434106555	0.825398579869459	1.90019378262818	-0.0578072075879208
K09904	-1.92252412235876	0.781560261783572	0.083894847798694	-0.0991556814669069	0.266214877996634	-0.606109825789335	0.296435921903885
K09906	-1.03455892002721	0.634992917118044	-1.12475311858619	-0.572070198392719	-0.0776970901749628	-2.38606855076492	0.286056488271988
K09907	-0.496061472059683	0.0537547069167808	-1.40111065013374	-1.4106466344355	-0.48112545844536	-2.45293995541275	0.226570993181504
K09908	-1.59172978794713	0.760877390441866	0.00308027761017171	-0.941126661634296	0.357623264823149	-2.99642392796219	0.274764328714646
K09909	-0.926250485540823	0.384483595428438	-0.97498166663612	-0.891060071325153	-0.325934483971407	-2.74400612515152	0.332946806665696
K09910	-0.663611916662649	-0.0559766394520089	-1.1931397925135	-1.42541761908516	-0.414447590079119	-3.20605823200882	0.373033195253647
K09911	-0.756020573736624	0.328838248786898	-0.724471808504712	-0.98847563776955	-0.42577917810898	-2.35102960270584	0.278198629137314
K09912	-1.03644969856878	0.387134094772311	-0.701746226381909	-1.6362874082087	-0.247717215981294	-2.69984385174453	0.409461646791733
K09913	-1.09818544781347	0.310676773128481	-2.98659885032142	-0.722014026975482	-0.0237778269908922	-2.57736179035843	0.335653215166367
K09914	-1.16949286854406	0.395336051521273	-0.972152114939343	-1.12223132166848	-0.205629020299722	-2.23745938938797	0.311584621187485
K09915	-0.704909352423147	0.484056492385836	-0.838991643023144	-1.20843513522133	-0.341354026760866	-2.3588528315419	0.223506777998246
K09916	-0.784426359297232	0.121070315179797	-1.39500177009071	-1.21657724890694	-0.571593507494737	-2.71179958981216	0.263326018568314
K09917	-1.92601790821691	0.718955596027346	-0.215393305849682	-0.221218901014179	0.190446675453375	-1.63325878781021	0.432851343866623
K09920	-0.891504553915457	0.385727246341677	-1.46739196879829	-1.13421483550057	-0.167311027016451	-3.65175983112991	0.317878692861832
K09921	-0.732392696501211	0.241465468940707	-0.940019846987378	-0.744428353643268	-0.183454706635286	-2.28166577023208	0.35276082110051
K09922	0.613987710489436	-0.790358404579191	0.831789671349872	1.82511822667137	0.866612688336561	0.855967970669863	-0.124745369437896
K09923	-0.612565425993399	-0.00340899354460686	-1.08007443053688	-1.08446128878579	-0.648314341273119	-3.92252179783523	0.333704798933304
K09924	-3.26128497517248	-2.05798248476031	-0.66269135577644	-0.405752079820484	0.738100663457106	1.60954657393753	-0.580910593751632
K09925	-0.343706635595755	0.926233847675295	-0.780965806078564	0.346386773252637	0.922060266766737	-0.0495152155751013	-0.502823420349323
K09927	-1.04193272984167	0.222554017839403	-0.952562333178174	-0.803064899778217	-0.163446008529474	-2.66691681545913	0.315719037767685
K09933	-0.394890455366568	0.149541099605532	-0.721687913965832	-1.42945368800148	-0.716287955012132	-3.58006307285965	0.065125882145203
K09934	-0.627210168005423	0.149648477373095	-3.30813443763221	-1.16794033560738	-0.391804530587007	-2.10850354832351	0.294397204633988
K09935	0.285288484929605	-0.429895858230619	-0.986230374407422	-0.533886032438129	-0.119249253835489	-0.931697098433378	0.336710899587906
K09936	-0.324091343046621	0.0150573896741584	-0.506581665110241	-0.973735528325885	0.0883587493338091	0.694040479243395	0.214546590563095
K09939	-0.0291484872116605	-0.714167098464994	1.90548825161492	1.87914983716026	0.73143489721794	0.739317210496066	-0.195094883922302
K09940	-1.14098360932012	-3.18645862764361	-2.52776229484047	2.83089045968071	-0.571300550665666	1.27729988294899	-0.0942661767041317
K09946	-0.43909254467626	0.215965588626833	-0.997097135615002	-0.608618336057514	-0.337053998675157	-2.40306135815323	0.137919216867722
K09949	-0.488174227835135	1.34315224462506	1.18593108551537	2.66472486939445	-0.48680834409218	1.23589010733425	-0.105893433574402
K09951	0.622224861918493	0.0749712186431602	0.367692961264003	1.64980344262138	0.445780620608519	1.47170630294144	-0.188218951705658
K09952	-0.990004090429739	0.683532198009463	-2.30585706336464	3.16783122506157	0.412334338460158	2.7655904610759	-0.423460393460282
K09954	-0.592336920858816	0.342433472213717	1.12555944817101	2.11883513417259	0.455097690854262	0.558233173668978	0.0787223274672397
K09955	1.65857705676417	-0.292796435716181	1.32873749630486	0.673439724111706	0.932369605336378	0.909643696725962	-0.0844007735287777
K09962	-0.86482348835607	0.727563877639742	-1.55114376647438	0.665743289256245	0.129894816014956	3.64734032946884	-0.599033028367721
K09963	-0.963327077986197	1.02613802724835	1.48855572836434	0.374601831400544	-0.387702360119631	0.738679142773745	-0.0534959142243496
K09967	-2.23388257420202	-0.572558055582075	3.16651785271202	-0.184509353971332	1.26522816780586	-0.212179986655118	-1.6091718976533
K09968	0.362906681536241	-1.51707462495807	-2.93247234923805	-2.46024437460884	-1.57323084708672	-2.84404131573379	-0.837847680333816
K09969	-0.450351623655752	-0.012539292635946	-1.20036459071602	-1.22817738566384	-0.550198539461901	-2.69088956516922	0.335061698671616
K09970	-0.411560205580191	-0.0239794952297494	-1.4349713335749	-1.63191814932808	-0.634583100046923	-3.10840913456619	0.334590166326798
K09971	-0.66309955513616	0.0587261515235618	-1.4289841662165	-1.61179395232186	-0.374736680950929	-3.15938827198684	0.402300565954483
K09972	-0.7132836858048	0.497360070285769	-0.409883142542492	-0.996659236287921	-0.311537727083971	-2.40653487843216	0.26632031750325
K09973	-0.61816444790502	0.264599015054674	1.30329453842675	-0.365725653505176	0.0719694054462416	0.207293422997592	0.273715465780533
K09974	1.0524719079719	-0.880840460720091	0.0255287577394137	0.813993585968167	0.111652389798353	0.794206934154627	-0.0831595366036526
K09975	-0.730981735350088	0.118068565664263	-1.51265657050575	-0.91264339003548	-0.567859932150652	-2.93161627453506	0.312409311052597
K09976	-0.733658103109793	0.794623930988283	-2.62192309005226	-0.945508318281024	-0.273332163061907	3.04426577884018	-0.328475349131786
K09978	-1.35227098858495	0.747265298900576	-0.845559955668103	-0.461322026586383	-0.0112624311111468	-1.7554101626271	0.239592521902359
K09979	-0.647624878050284	0.16870861226079	-0.368219138216626	-1.09995384726509	-0.0689694353602427	-1.64008828800857	0.280206530805863
K09980	-0.950243739248709	0.478205044803591	-0.948171855044018	-1.71099610838875	-0.308176233734896	-3.58580562275589	0.301901965853012
K09988	-1.71893468296667	-0.446913043918638	0.470037757325519	-0.118148105478137	0.892221466336439	-0.509356943785551	0.44165447306279
K09994	-1.23952725327154	0.720474441585512	-0.275343597960126	-0.531571464872211	0.0218138943203193	-1.43039700192154	0.395833402391709
K09996	-0.666460184217886	0.0652789669608787	-1.4962106953379	-1.57550163779244	-0.622987076010515	-2.83433005016983	0.230703085180558
K09997	-0.778742102743582	0.182262350854845	-0.926180840563428	-1.3464456370829	-0.474079176153948	-2.75234672230423	0.349870711084641
K09998	-1.13244011795659	0.362635512886019	-1.00322282416786	-0.929663257932514	-0.349570914473345	-1.77058121365249	0.350025444742478
K09999	-1.18163612282415	0.409842749175997	-1.15861404044593	-0.922946291303485	-0.0844898664615648	-1.45712706249893	0.332217365022934
K10000	-0.643334297300772	0.0638867514705375	-1.19291758639778	-1.17902894530281	-0.553810998167803	-2.76708575886429	0.335448115583695
K10001	-0.601916817785696	0.124790926513644	-1.35722696883644	-1.59021516356453	-0.496085866656114	-3.83483907383621	0.288138478513993
K10002	-0.757403759123282	-0.0585963529968545	-1.82098257644142	-1.76169271979317	-0.607892616953661	-4.06227609318435	0.458763092275895
K10003	-0.959513453604178	0.428665597972842	-0.714774490427624	-0.84601159605965	-0.0192241066358584	-1.86713501614273	0.284817248102463
K10004	-0.851240066648916	0.309536417064638	-0.695215345453869	-0.890927629804462	-0.321341856684496	-1.60182806652725	0.362174897905625
K10005	-1.79585638439794	-0.455731476607351	0.211516945529331	-3.90223570380196	-2.00733087893944	0.768059941113589	0.670952647444046
K10006	-2.13146510517736	-0.436076859893827	0.257241069245685	-3.52262230429634	-2.06522105571251	0.839311780512927	0.628520577665604
K10007	-2.23455157673498	-0.298742155494718	0.349549039173473	-3.56349297080025	-2.09593819018822	0.956588553369639	0.679351061102188
K10008	-1.47862878239293	-0.192187153684525	0.769822596478809	-0.793395953512042	-1.56761501666527	1.09677147316992	0.434045880552567
K10009	0.744585128663584	0.129347612199755	1.23548596994912	0.853903723621518	0.487727150950621	1.80096295672714	-0.11782485294696
K10010	0.912313820956751	-0.247228189321785	0.461216206568826	0.723600772881657	0.115107857320498	1.42866119939148	-0.11634215760585
K10011	-0.505605248571829	0.239684213933916	-0.921332717966687	-1.37682779345497	-0.426548227038195	-2.68394562405288	0.229109674211777
K10012	-0.417427448393301	-0.0766630125665948	-0.847485543322217	-0.892407732343524	0.101938620839308	-0.614567486464384	0.11524519276265
K10013	-0.582090882421927	-0.0916719091558739	-1.0039604912516	-1.55571671042427	-0.478974863257219	-3.92453595799148	0.327148586031235
K10014	-0.746432570578055	0.177328904209109	-1.17130184276069	-1.08982832941994	-0.39099524852257	-3.75418254536331	0.308477788683213
K10015	-0.927230743528799	-0.0897893337035462	-1.54003417594398	-1.69464750800118	-0.672014816965868	-3.77631971043289	0.390862911459244
K10016	-0.761996058584646	0.150644679603548	-0.972770811152112	-0.778374629354328	-0.64879976150017	-2.25090166729629	0.255882590528763
K10017	-0.955271629454092	0.093082656202288	-0.983081103396069	-1.33180578265175	-0.33946947690468	-2.13499566715896	0.346979468580521
K10026	0.71259504759173	0.661352654037447	1.03154778378044	1.73134295430198	0.774227336678694	1.49952817159951	-0.137317508939468
K10036	-0.268250791193442	-0.0349026573324487	-1.91044843299354	-2.05611296210274	-0.660634204115679	-3.86739846867264	0.163325577493943
K10037	-1.74250021374364	0.37461413913724	-1.29545033080543	-1.17710979495034	-0.193041234578897	-3.09626838368118	0.380770653005875
K10038	-1.0288149396195	0.213575770196886	-0.196836651396405	-1.2800029090403	-0.364986106123735	-2.23135062855423	0.393598049398697
K10039	0.327257933257624	0.888259847698183	0.372006281185497	2.34252802815452	0.414352939162443	2.47896984416306	-0.754381269696914
K10040	0.50528058612208	1.21092553907392	0.521725566032875	2.77363566842094	0.378106669221113	2.87267437774002	-0.700783372405731
K10041	-0.723431853414969	1.61920543485639	2.1715857972387	2.36212818112388	0.996911660466383	2.85569790202439	-0.519729115549289
K10108	-0.459293154837088	0.023328621921511	-2.13202655417884	-1.54336734328255	-0.500120683874895	-2.69293471974075	0.352311998125351
K10109	-0.806532768370108	0.198903878269167	-0.885060192179333	-1.13054724249825	-0.394013448920061	-2.43275663059891	0.422119885202683
K10110	-0.613497285009817	-0.0446909917021081	-1.43748867614235	-1.13886650118813	-0.42585869070511	-2.70262405079544	0.418395429369248
K10111	-0.316198019148306	0.114373882350893	-1.17900753123726	-1.19337780985817	-0.352581008639147	-2.44659372967422	0.329416006323136
K10112	2.0367539843307	-0.568538526954679	1.53118705647026	0.393150662744195	0.396115378174971	1.6642127354747	-0.0189197664296261
K10117	2.37193331324915	-1.49696020311358	0.327570824790347	-0.485992985105365	-0.0987689786813753	1.43627414304077	-0.0541662578618161
K10118	2.09413537585597	-1.60551075166705	0.548020682204116	-0.359589712953418	-0.187809421982576	1.41052258211434	-0.0599221890008084
K10119	2.11659106814723	-1.74004642194751	0.44250504942571	-0.635047035550922	-0.251861854758074	1.28653472858727	0.0160527820551761
K10120	-1.05456509983678	-0.494620452585249	-2.06356489760841	-1.69587035689339	0.591140345368574	2.83807638484299	-0.62341250527259
K10121	-1.18560734188695	-0.327842387321024	0.627785666752208	0.170566631221921	0.489438102278898	2.66874471503556	-0.199356809738838
K10122	-1.6003207246079	-0.0790196610117242	-0.362366915773999	-1.83868833098397	0.859318569932173	2.97283867198288	-0.258855611566269
K10124	-0.348610428930716	0.2504074769592	-1.01823568446602	-0.663577871656268	-0.972525223460008	-3.58248778980911	0.0403262073958286
K10188	0.868648322461649	-0.889774720134763	0.271398722100604	-1.86547370467171	0.0585979359932644	1.3892274518615	-0.327844165745937
K10189	0.436546581028505	-0.541194598140745	1.48689508335625	-0.918511824941486	0.0776611088551981	1.83016070920288	-0.447965300191008
K10190	0.269076915620371	-0.619024435939817	1.81416880981957	-1.5331801942347	-0.64016060468178	1.69633904296219	-0.278741941336357
K10192	0.388596730469271	-0.708129594984083	1.5057332505468	0.55593049314037	0.222430647049139	1.71381971436798	-0.134662002805435
K10193	0.51356227153401	-0.54598773545268	0.722686349320758	0.334020761513859	0.473334149155806	1.23883347410023	-0.137702644351684
K10194	0.540332278399273	-0.492652038993864	0.501226749003001	0.0256178208829466	0.501240894828032	1.55776849585831	-0.122917294982635
K10200	0.524546684859796	-1.06194631284717	0.170883475709308	0.661251885557324	0.272191629443358	2.12248662310898	-0.0132314567601315
K10201	0.18474978411059	-0.494078378143339	0.775155245232929	0.135189665222317	0.643901184830855	1.86543438035309	-0.164930582526886
K10202	0.0137790163741549	-0.419881711664228	0.591714992094386	0.434254547321946	0.774541751179884	2.14180281955063	-0.176305294517242
K10206	2.13954922759394	-0.22188006988409	1.4824172844175	0.964268399143368	0.50479452374954	1.42589149075806	-0.163856864455902
K10213	-0.5235864201798	0.176975538072558	-1.17354476554359	-1.16433210883126	0.191264689598273	-1.30715033215225	0.163679092642105
K10254	1.49271938407282	-0.784676353397398	1.12092649834191	0.126431001091153	0.331014440093229	1.45714616972267	0.0912800128424534
K10439	1.42644521796565	0.235025425491305	0.392362995910991	-0.354256170129627	0.431778148446272	1.36967417794525	-0.0197150712048642
K10440	0.250524642108484	0.733167012271853	0.00771212475334493	-0.252557592725604	0.449670568738173	0.740630360425112	0.128202229257859
K10441	0.865427972911402	0.354657073554964	-0.41765517098869	-1.05986805472359	0.0821497223116857	0.299390288174746	0.154727905508316
K10536	0.364076646207376	-1.89798764413836	0.200501142907489	2.00085834946647	-0.25488136645775	1.73701873618424	-0.126109540942871
K10537	-0.43172862923284	-0.118520486118822	-1.5900839577433	-1.0670266917704	-0.519110008444597	-2.72481009167373	0.213184386011399
K10538	-0.744402674795584	-0.0419602943086907	-1.0695612440821	-1.69596477065071	-0.524758800234606	-2.64584681194961	0.30255135845784
K10539	-0.613784340979056	0.0972643392657951	-1.47663700683082	-1.31079705271706	-0.497129126753618	-2.64467689198196	0.307492106672562
K10540	1.70408365332942	-1.38675479120257	-0.14022243125404	-0.681605415677875	-0.221375598873903	1.11720249998629	0.0344661171400913
K10541	0.416469710110231	-0.894604782524137	-0.246013046335827	-0.0504947474955019	0.136758715543936	1.3785459716922	0.0113745028937229
K10542	1.62790116870265	-1.10887120193484	0.0939653505567202	-0.258164899682849	0.075471930835436	1.40668845373451	0.0215737814867862
K10543	-0.194179324270682	0.278454710779162	-0.236964703631054	-0.855904774999469	-0.361029818024446	-1.54154678982437	0.108617394682206
K10544	-1.7030457535996	0.488218029079409	-0.607930780481946	-0.699278550481647	0.0507207798548443	-3.18338319462478	0.413857191320694
K10545	-0.205066112638907	0.0172292339181617	-0.968455673288952	-1.29422004733071	-0.847569748129656	-4.00245019596756	0.204261570688523
K10546	-0.298527030111746	-0.173680468412666	1.37032127277886	-1.84073634657845	0.868295387063215	1.41078955131829	-0.160512179616653
K10547	-1.93925967610021	0.765865047512026	2.85720574753319	-0.952439027166217	0.875152961049269	1.79023072320282	0.0351850981676944
K10548	-1.55283060467382	0.601836343345614	2.29425883190667	-2.37680502448067	-0.00140584942321951	1.4104320128566	0.0159339601958164
K10549	-0.607844738127188	0.28134294324872	-1.20855462653602	-1.14731736693367	-0.0744996139071482	-2.17539831799209	0.167329757925309
K10550	-1.64778795635839	0.717262824115725	-1.17189216716255	-1.00449772391304	0.23026874724407	-1.8079323450917	0.42074862074498
K10551	-0.707491425634817	0.267334838447542	-1.19757676227058	-1.44645948920235	-0.429069533314516	-3.94701453846634	0.378519385572708
K10555	-1.44373908436437	0.824481089649172	-1.11354947192634	-1.43133004221901	0.101090387139509	-3.03713628452957	0.229905277010239
K10556	-1.43847742474218	0.620506961879702	-2.60479438407386	-2.8993534615992	0.131740436587523	-3.01500007313431	0.21744576048497
K10558	-1.51075687801977	1.01459201150891	-1.14908802611793	-1.4015073350428	0.334553346667479	-3.03960868519485	0.26432362150792
K10559	-1.44775047695775	-1.57186249917987	-2.19747817618812	-2.08915014777169	0.69630511168022	0.634857865155337	-0.171396911624633
K10560	-2.20910611546178	-1.22571698850635	-1.42996978862251	-1.17198451075539	1.5494040406086	0.89999936717808	-0.437168078977429
K10561	-1.69226971066137	-1.39286450571063	-0.958810807299267	-1.80236597571358	0.490381494794081	0.234254332364199	-0.232763961437904
K10563	0.238245995877786	0.902980049190493	-0.295277656149518	0.405461800956875	0.708708957467268	2.27119496661484	-0.329644248369896
K10672	-3.21887388622899	-0.902875403823881	1.71102070705925	-0.393555777406543	1.0656461871006	2.31478718119919	0.282435386892594
K10673	-2.94913020527502	3.22362752729413	0.530377301293958	1.62190286602989	-2.37648604747276	0.248328479111788	-0.261569232228958
K10678	-1.51465645229955	0.495233853397341	-1.16683971984352	-0.630222874021381	-0.170169472064783	-3.21728393238724	0.351259022470749
K10679	-0.398172644735769	0.146085132894488	0.403545214701045	2.19053654160514	0.10765423688669	0.753271760523913	0.00571945261601292
K10680	-0.838296679617361	0.12406944209096	-0.939370752405774	-1.03772349867806	-0.340369387831499	-2.70795127552688	0.338611512895859
K10708	-0.48520079052587	0.657928963241549	-2.23644769294227	-1.43973989996895	-1.52248452540856	1.20882621604264	0.104608445879258
K10709	0.0169077237830599	0.949862440166445	-1.27829432589973	0.311011520886571	-2.70628951426964	-0.173850385367277	-0.792367965463363
K10710	-0.0535286942734281	1.07025810056684	-0.692345143389355	0.301493970418126	-1.87784598704796	0.09797057706177	-0.672519475702011
K10711	0.29360655152659	1.88545723730084	-0.658029199671399	0.407534284258038	-2.54078648921471	0.0772065837985254	-1.55690017390605
K10716	0.997765453694864	0.0971780317401603	1.50206291573082	1.89612476315513	0.701707795891951	1.63699016171753	-0.207433835152351
K10747	-1.31368759071966	-0.238887355613141	-1.19970214469398	-0.724225478505939	1.30981291893501	-0.897942749678495	-1.52499297309276
K10748	-0.627174643637137	0.0271169888353065	-1.34176921946968	-1.50775392565712	-0.595150216784288	-2.85176059406936	0.255606263395584
K10762	-1.23108342087408	-1.67669014162066	-2.16091501815284	-4.06823273215279	-0.703214927878191	-3.92385217350662	0.583673089262284
K10763	-1.04798725044866	0.535971780357333	-0.75118720633949	-1.09610124144539	-0.155873327817728	-2.16870567005813	0.31897780251149
K10773	1.98354336821894	-0.0560643923902795	1.56936526196038	1.14100543942466	0.474748805794905	1.76607904034912	-0.0706297760045163
K10778	-0.893801597715811	0.122740616140337	-1.168678999972	-1.05498309645638	-0.363990887369921	-1.39774438542068	0.405588775392807
K10794	-1.5952896157517	-2.51565007394793	3.59684288399254	-0.613886552190631	1.9036314642765	-0.768617479025724	-1.42830792117473
K10797	-2.96061959660192	-2.77593735879901	2.2669204463247	-1.27217145476326	0.748336509499739	0.327907951653597	-0.0561203067338101
K10800	-0.907766846777395	-4.31487802690509	1.53258407013451	2.87275413956657	-0.344020470347216	1.63025710183441	-0.0784952347313992
K10804	-0.610125211836294	-0.164512163909702	-1.0568351755854	-0.967076258992999	-0.478177710737993	-1.9337286631459	0.378150730844773
K10805	-0.39723828232427	-0.126186366143255	-0.327395618986737	-1.89737625632271	-1.06075797912102	-0.0688754002445959	0.470871418234146
K10806	-0.38765588200231	0.120656629142733	0.99900674717461	2.15464632000938	-0.0517561578414934	0.801095472753642	-0.0101693873440853
K10819	0.0582584460959872	0.847443540630312	-1.74376165969337	-0.830194788312763	0.457096294198225	2.9244438727504	-0.806589335683548
K10823	2.15257546508174	-0.0892640230679795	0.532885539251913	0.790528310203702	0.358563617501448	1.54274961549103	-0.133516520742141
K10824	-0.200909940363363	0.0624511437987998	-0.348012925219189	0.0945799478532378	0.0836819900907976	0.035317214310763	0.15930983376149
K10830	-0.598694948317007	1.63942690664289	-1.89828145606483	-1.39031358275399	-1.80665193435173	4.5289268811351	-1.23540154147502
K10831	-0.862975267530874	0.142614473638506	-1.4887187491175	-0.701730327939838	-0.30290467974167	-2.18516751927078	0.404981642481125
K10857	-0.585061458708243	-0.0716867697859093	-1.38843500716652	-1.63856406722054	-0.559154614176561	-2.60033270519912	0.310099750276841
K10906	-1.09043767845769	-0.378748546304731	-1.27372801406349	-4.16773005042061	-0.0151369602642554	-4.02828332585037	0.578601449247635
K10907	1.46263608538966	-1.0912815732384	1.04406279223	1.12389372077003	0.137196548912714	1.63575259047806	-0.077845126870834
K10914	0.185014816163584	-0.320327605071096	-0.508985282015454	-0.500084357595294	-0.849152370657732	-0.159833518683317	0.282524257417954
K10939	-0.944928554655508	-2.13531450456622	-1.3393492708918	-2.02188392195687	-0.612644060816576	-4.07504817646682	0.550237804170884
K10947	2.09656080806117	-0.376873875918417	1.55543863670861	0.146428001785428	0.163025499019812	1.25400999385178	-0.192047402743065
K10972	-0.631881860853628	0.0765890079116538	-1.36363935573066	-1.52821727309212	-0.453326269354631	-2.92357203167618	0.397049337145127
K10973	-0.842031387449698	0.0589229660606101	-1.19761979682411	-1.57014651808724	-0.41397629615288	-2.73377439182937	0.371788113828934
K10974	-0.126695899130301	1.63680823617932	-0.522243500780713	1.19786391940132	-1.15378795501213	0.371778221905825	-0.141009092811309
K10975	-0.749528555036978	0.224869628486605	-1.46224558455909	-1.06230445418343	-0.464528336491396	-3.50494023960769	0.180699496980942
K10984	-0.889814404608206	0.339282591876955	-0.65849602324928	-0.529811339711994	-0.473151847090532	-3.2819120566243	0.125158637281693
K10985	-0.887983588339285	0.0949762957668021	-1.80843341453041	-0.836366372442096	-0.208237662281801	-2.68618580502212	0.390096395727433
K10986	-0.818565992475943	0.183087249336214	-0.775960446428906	-1.09473462614998	-0.431224986281206	-2.96282407444656	0.372017532106675
K11031	0.496897729276224	-0.915927330913572	0.166766076255191	-1.23892505679116	-0.363609894480516	-1.2157954851979	-0.120789528373443
K11041	-0.584112791181997	1.48640855127332	-2.13371360404457	1.55878524270073	-0.390821173157503	3.76918104487717	-0.988615304712021
K11050	1.05316421592097	-0.0697792274380013	-0.375791967939984	-1.47470362696633	-0.223572804894258	2.14341119128525	-0.638825715068542
K11051	0.813830571411653	0.378107805786104	-0.865584851336133	-1.17987199339852	-0.0534887829087275	2.2065666039592	-0.728849024060928
K11065	1.03290650451045	0.694924850997896	0.668209626245845	1.08363066401497	0.324970797333906	1.50852647620499	-0.165966570857727
K11066	-0.685285834433035	0.00640580528733284	-1.30096840960945	-1.08795984301552	-0.495313152041246	-2.00521179836929	0.336206107851303
K11068	1.01588651740412	0.0948897200202659	1.23648679153954	0.579863918686062	0.564482525620649	1.87214914161026	-0.0499775116479031
K11069	1.33569595420222	-0.0466932160282418	1.29323738710915	0.208105100059659	0.340031877789686	1.3833695371753	-0.108055413249694
K11070	1.42368415200572	-0.198024675200312	1.56750905411278	0.327003357672841	0.308411762747954	1.38231083947479	-0.0460522179638974
K11071	1.83651372992854	-0.461070309343366	0.581460437643875	0.036079538726956	0.300027117762755	1.35618892508805	-0.116506070378982
K11072	1.78546080195765	-0.328627410295038	1.30838060276543	0.598618482911736	0.570234850678633	1.54989120560944	-0.0682891910111538
K11073	-0.332383779646353	-0.00858829444888085	-1.38730847938026	-1.56242366347298	-0.589681609835436	-3.4214965979451	0.297253936048783
K11074	-1.27419093048711	0.122122575578661	-0.97178948028053	-1.241121845579	-0.163947119679262	-3.4431759993428	0.37124785732869
K11075	-0.834523109556631	0.180732389030428	-1.71693194014991	-1.39412422690377	-0.463946893181612	-3.50199386280716	0.218278616186417
K11076	-0.653757599951224	-0.0693103474998757	-1.5566412220713	-0.947403745984882	-0.425627037253191	-2.38182350796402	0.348138957735337
K11085	1.31664875352244	0.276572187480898	0.933336107898105	1.71419887032524	0.480710521969984	0.787722813070414	-0.0770120327508084
K11102	-0.759766964079336	0.265224178371401	-0.966905118059765	-1.10473247084603	-0.144903212156107	-3.79007693928421	0.332114070173539
K11103	-0.755216507078604	0.127986271915407	-1.06141007049049	-1.1866362861155	-0.317820414271166	-2.34159275692642	0.40932717871312
K11104	1.43736496770243	-1.32241586870196	1.37169128553902	-1.17235203299507	-1.31465922233086	0.870533945143817	-0.0661963229214779
K11105	0.973061474202677	-0.775197724761991	1.07333987848793	0.639846486711651	0.182546049986075	1.17730170685112	-0.0969596211945645
K11106	-1.06470480358739	0.228723366794558	-1.25468111140693	-0.814102726316303	-0.208373143639376	-2.39158388775528	0.366827696081437
K11107	-1.20532241261144	0.286520500717135	-0.280936242174756	-0.596189813947528	-0.241580500569155	-1.02959653538406	0.32761570763234
K11139	-0.463456420065359	0.520862837371798	-0.964954854082715	-1.25290616068825	-0.308458551134874	-3.51094314259231	0.0560722048247226
K11144	-0.387867597700552	1.70124240690228	-2.32515466315712	0.0544206925870482	0.115617931518744	3.80436971980393	-0.927657396081649
K11145	1.23621836507182	0.441724916038485	0.927372394967426	0.888525707388074	0.238460601005743	2.20271554786026	-0.301846236470901
K11175	1.28849813544612	0.627321799335451	1.69451081650292	1.62213723149315	0.677585557732771	1.96874490577042	-0.120559067014419
K11177	0.693021135567232	1.2840115624046	-2.26159608466591	-1.66358681235298	-3.40467189189415	-1.9525491873616	-1.90521183658
K11178	1.14087572896342	1.15279324823377	-1.48927235705818	-1.87192221198067	-3.6436245286129	-2.17675968807876	-2.02990356135722
K11179	-0.638928441168265	0.1871950226402	-0.625272871088635	-1.19822068724617	-0.525160177912523	-2.01951619785965	0.253317147012986
K11184	-1.46761479771276	-0.632431189479856	0.665802626777042	-0.184085088109821	1.15776421192665	1.82116100388825	-0.0368266110455624
K11189	0.884274723170801	0.412528117237063	2.44590270416771	1.70809595074669	1.16547705296058	2.69287637072861	0.00349017929676854
K11201	-0.962723521353201	0.428027649459811	-3.13676202399696	-2.12130637679085	-0.0407923751733797	-2.68196412724197	0.374837725874222
K11202	-0.117306558252768	0.303805490074129	-0.774928332399975	-1.18776579413399	-0.234297111000826	-2.59847947758377	0.443907886263169
K11203	-0.158240942121939	0.125296671924563	-0.810071350168835	-1.4826066068171	-0.272841914858629	-2.8180904070729	0.352756648775376
K11206	-1.32252934372564	0.291449149188967	0.141499607730258	-1.6469862035273	-0.517543240752031	0.103958578885195	0.536987810846604
K11208	-1.27252664959569	0.43219663673398	-1.23310196502174	-0.637458162641376	-0.242393507923891	-1.82210323017776	0.375921576734818
K11209	0.401267351745172	0.444454808769198	-1.2844049940821	-0.408220427369922	-0.0149905749819773	1.18590657609761	-0.0144366626774899
K11214	-4.00871220028539	-0.715382973613767	-0.80262374980415	-0.948948340749591	-0.757177695002367	1.37711912590325	0.148940234895981
K11216	-1.43516745960851	0.816357930240603	-1.02297341926063	-1.20554645571694	0.0989842942692739	-1.69736334484756	0.231447487589157
K11249	-0.714510587812857	0.471735258636446	-0.517301083635937	-0.253176288938373	0.286719546351622	-0.268718330084684	0.149783461805619
K11250	-0.822195915342764	0.524442573127718	-2.93114507300819	-0.857023077344745	-0.456553831066896	-3.28603622120559	0.0930086667502292
K11253	-2.1567970792069	1.45180662446973	1.91496968166863	-0.324919598436206	-1.75000344153862	-0.405420629202726	-1.44413271594402
K11258	-0.651291994215445	0.36280902200696	-1.5505810986277	-0.86874313864693	-0.342303498949816	-3.60405275028885	0.188826888319291
K11263	-1.65749826824804	-0.575160066547422	0.195056109595645	-3.98335857901558	-1.95983563300591	0.898136766732333	0.66168484043721
K11264	-0.600601224066214	0.308791478214236	-2.22086441619362	-2.33966799292549	-0.334749891724398	-3.17215081852615	0.298176973577774
K11358	1.08164912664752	-1.10695074028018	0.377998365927089	0.580039916300923	0.0835231772400839	1.63111832934677	-0.0235779290234677
K11381	-0.548050431372122	-0.45155773586276	-0.249398411345135	0.59224878784433	0.336735085282515	0.685287835181353	-0.0820263330971829
K11391	-0.496830968023733	-0.162932178887157	-1.77188861472572	-1.391432600355	-0.56875346538048	-2.56305286091507	0.400059431310929
K11392	-0.672088412405447	0.0969639616584495	-1.03193366630043	-1.56340475592598	-0.485679670538713	-3.86073562306106	0.328996389623917
K11472	-0.967247633100943	-2.32132510370257	-1.32280624015297	-2.328981595373	-0.7643617832325	-2.89002415341079	0.674156873937882
K11473	-0.836767701269583	-2.37721447175982	-1.45612502200569	-2.44803662810311	-0.938546224798967	-2.77749129933059	0.718092530485428
K11474	-0.890926865698294	-2.1215619248772	-1.59712970359291	-1.91816444907173	-0.753581746783068	-2.24618837040603	0.64863666844014
K11477	-1.03402009403844	-2.16783277219775	-1.44303572280372	-1.28021450552925	-0.274698897566606	-2.0351268927449	0.53156587433461
K11527	0.178996564982935	-0.675041089715986	1.08126717703377	1.25774048056617	0.641950801644514	0.413443537533877	-0.18954452920314
K11529	0.0864763578162631	-0.976776818695097	0.720590396690715	1.99864129509941	0.222422615323256	1.98584786254227	-0.290031955126487
K11530	-1.35567179119726	0.849652965602846	-2.51796352965797	-1.46107156786904	0.101901218924711	-2.82479569119156	0.0717442626917728
K11531	-1.35625400936742	0.769002337989779	-2.60164797408546	-1.52609749350533	0.026116512414108	-2.9664606730336	0.150723248239792
K11533	-1.90125170147558	-0.574753860893278	0.371156408357967	-4.00449486289009	-2.04480527278404	0.680801661790011	0.725757449384964
K11534	0.113460870622202	0.419309039649935	-1.72696626288856	-0.45427198920235	-0.615612312521746	-2.60223743122757	0.0232136840784916
K11535	-0.595433620573477	0.327505667743655	-0.87751662833656	-1.38904996428475	-0.516524418558885	-3.59436771076858	0.163081794496811
K11537	0.668704794882341	-0.506442974271803	0.925368725228656	0.737839860582501	0.143246196839998	0.8392550368911	-0.00960278559085048
K11604	-2.78773560917516	-1.91595129198077	-0.286832214426648	-0.911270218229144	0.111862801644991	-3.0303604285115	0.746851771589554
K11606	-2.88684645092626	-1.88185028261188	-0.106966138910901	-1.18768556628212	0.193358019623945	-1.97102066677749	0.773690193411148
K11607	-2.8148883858933	-1.34373275465014	0.0178969790223726	-0.414572255945056	0.653866008553694	-1.97591754597366	0.607978432890213
K11617	-0.615403918386892	1.52208216958997	-2.19137966735328	0.259880883360058	0.0118502198495371	3.37578776675522	-0.886276036981308
K11618	-0.751947788359121	1.79847117238996	-2.11359393699134	0.234772218132168	0.301958457265089	3.78787186938584	-0.853335112813675
K11645	1.41996446454386	-0.592944215002088	0.553142557758439	0.891665739679486	0.375914887223433	0.498152049363253	-0.163186014178955
K11685	-1.43368211186071	0.903812010822268	-1.31042504413093	-0.477823930120319	0.0336999086905671	-1.34030577343643	0.141540795084275
K11710	-2.1532033959641	3.34038706594464	0.10777452485596	-1.67462821516976	-3.15769456264	-0.218614427267911	-0.134159774068557
K11717	1.39139345490794	0.595272322235079	1.01009333031212	1.62044302907005	0.664800063405226	1.6646787841922	-0.101024389747345
K11719	0.042975815175577	1.00632377439496	-1.18117392165626	-1.4777465632914	-0.719877823557665	-3.23880883854568	0.117069273706711
K11720	1.21969720923762	0.271430392799349	0.632712303567279	1.19554780211464	0.239703134331892	0.356178673089144	-0.0613527600800625
K11732	-0.902800706983999	0.214403112468691	-0.921086312365185	-1.0990068486689	-0.257388933863451	-3.57160779637039	0.283973961588181
K11733	-0.355577198625998	1.51285382085797	-0.899546266626965	-0.968296485280841	-0.449050977196504	-1.52939697903335	0.181845634695328
K11734	-0.608431486250357	-0.0891338539743707	-1.53184425933326	-1.32011337790474	-0.530953093733599	-2.85139843624771	0.336253612753189
K11735	-0.363909570337729	-0.114281880619554	-1.31200492484535	-1.35733302149758	-0.643652125563433	-2.63022038143814	0.314068585153855
K11736	-1.22709396278997	0.460906048355074	-0.597029567789685	-0.924637871122211	0.0160097951777679	-3.2901317755574	0.274918108698166
K11737	-0.479288963438467	1.57613452249524	-0.757747293543469	-0.857101993894428	-0.179737746085932	-1.30976483029068	0.107207744833268
K11738	-0.721568016172842	0.233676989612551	-0.867316604685437	-0.908440904950946	-0.27332071897011	-0.0904441754215979	0.206849485155381
K11739	-0.639346627356009	-0.151178098233967	-1.15970993144478	-1.26254661593422	-0.536753519739916	-2.8365254084462	0.435183971639908
K11740	-0.84218743240972	0.550008554992647	-0.440152646135937	0.638338727617413	-0.044558360543062	-1.61266490620315	0.152597158666886
K11741	-0.252364365221457	0.4723632531738	0.705502762365688	2.40207938637748	0.509401813779066	1.00262735049486	-0.0456371610200039
K11743	-1.12512090599676	0.664589186248751	-1.69647085769142	-0.872954445218891	-0.187333523597528	-3.31879445713699	0.240928977247513
K11744	-0.613422659994558	0.0845705168819144	1.05575770037209	2.13492624249473	0.113076650235842	0.635353030741808	0.0452155764067539
K11745	-0.943904189230398	0.167063762483568	-1.09648740394081	-1.16532381091103	-0.144356831278612	-2.51386901539505	0.311752765890396
K11746	-0.506246713758902	-0.109043355050115	-1.11994481189216	-1.02803428683266	-0.389582320418169	-2.1557688395375	0.307199745889939
K11747	-1.15811171925207	0.340834041175814	-1.06510007483925	-1.01673586878762	-0.109691291417887	-2.40990158718765	0.370445280786789
K11748	-0.577239541174368	0.0945403771972373	-1.52637040717567	-1.17015238318428	-0.236876472201158	-2.88186856907547	0.316267936941422
K11749	1.57567236029963	0.404801686344118	1.06802439587151	1.45286540474907	0.518648520741652	1.73628327447235	-0.205182612422668
K11750	-0.376837400556997	0.00130135291573555	-1.46635961635078	-0.940283971166461	-0.429866745438387	-2.90400215786636	0.255870609995163
K11751	-0.275713769556479	0.14916138821599	0.61682731555735	-1.11215336832985	0.030365227070677	0.680239113152621	0.30152848314885
K11752	1.6962622126327	-0.104528414967088	0.269292904901851	0.786258054638058	0.163470179472159	1.20728866952717	-0.0164943938290707
K11753	1.87079093062739	0.144408960876437	0.639873607921947	1.10181341853157	0.162466243539046	1.6221863349086	-0.1948954020774
K11754	1.95449647509913	0.154369224843951	0.981246798205722	1.48100022759452	0.352543041739653	2.00048747855484	-0.201144040111267
K11755	1.90568050944666	-0.7478396100426	0.560301958489765	0.469790905454904	0.362617627415846	1.15792545872986	-0.108051270726883
K11782	-2.49894395268102	-3.25478820032123	1.78600847618615	2.65935759034172	0.289338425431441	1.6578685362941	0.113491445299424
K11784	-1.83184066212316	-3.69339827722552	1.75530183212792	2.46978156056419	-0.0322877460382479	2.20387259322464	0.0457182223761448
K11891	-0.748976973654226	-2.15898553556445	-1.15668976409401	-0.724215107297748	-3.72685502406578	-2.92078301113785	0.461829751249588
K11892	-0.552892235876516	-1.71552316373828	-1.5189169655558	-0.521282034253925	-3.42442510959129	-3.79908963841141	0.246825426336563
K11893	-0.930931595922903	-1.50998059934619	-1.23800361258949	-0.392052965497821	-3.96709369060021	-2.62007280987442	0.3736309702361
K11894	-1.25919452107091	-1.24399177259448	-1.29195201499427	-0.231661515569538	-4.53761337634545	-3.29783794087112	0.283154755350388
K11895	-0.809095887304739	-1.80658606714251	-0.830739022326123	-0.546852307653278	-4.02174852725487	-3.8943216482991	0.396706550833023
K11896	-0.330102650286154	-1.91613260931018	-1.26707196338142	-0.645392256116718	-3.64096759196739	-3.90338727635086	0.204492240663803
K11900	0.452731581567331	-0.634656052055387	-1.62269532782997	-0.38887013707146	-4.1412892186306	-2.98176118534744	-0.205554619911873
K11901	0.420360656617685	-0.617899606885938	-2.19616544349159	-0.479033964013904	-4.44270561572533	-3.66957160633743	-0.286343083265983
K11903	0.242583008645578	-0.0338265550756738	-1.45625972850288	0.183535290622861	-3.82404802676659	-3.55498525303543	-0.26577219415065
K11904	-0.0753007212891141	0.079936732587786	-0.210514844488751	0.342571286225468	-2.86982701655846	-2.15209480923355	-0.00752356696482814
K11905	-1.11746051705022	-1.67444662279132	-0.286213041376721	-0.287635343408435	-4.17830131885033	-1.68155929249466	0.0196609492266544
K11906	-0.940647868277029	-1.56819121068957	-0.644015670847546	-0.478110866880267	-3.63528655406456	-3.56665250462234	0.287003546472824
K11907	-1.31103303825994	-1.90041653341296	-0.537421346735608	-0.126006381845325	-4.86260412570458	-2.02314087551773	0.470923393484391
K11910	-1.01070764458318	-2.94096068567279	-1.20328927142585	-1.00755889925942	-4.52296636935692	-2.58126851719558	0.536188750978745
K11911	-0.991370705725149	-1.54866437143329	-1.38062536818947	-0.470952527856677	-4.94925068255882	-2.52580496472061	0.380310505148209
K11920	-1.34850695526739	0.717091997203799	-1.03858471019233	-1.33780534777626	0.15925252500553	-1.31179901760757	0.268327682729996
K11921	0.249377222894235	0.831427653369875	-0.955122471880566	-0.212996559476703	-2.56777404185753	-1.72759720486343	-0.962553591016494
K11922	-0.0210370103134672	1.05153067880628	-0.257101477217328	-0.134772377347797	-2.85364244815331	-2.46391102474869	-0.891421199325287
K11924	-1.02030780708929	0.317595859107943	-0.495755375456463	-0.651324467992633	-0.155676155652811	-2.26526471775711	0.344446271177567
K11925	-0.368582693697409	-0.00454572862627953	-1.16293966872657	-1.16920800719246	-0.419740005698015	-2.89361831349075	0.310242980238236
K11926	-0.9182557145371	0.160508652267428	-1.01600754363502	-0.800366478299945	-0.535160764422228	-3.58312579792679	0.290259211775101
K11927	1.19658085906367	-0.457936922969846	0.983264117408145	1.43072317328468	0.564662293229292	1.45664560991585	-0.162606388810836
K11928	0.576710954471036	0.296322722969027	1.565367459226	0.459787364789993	0.194358692202757	1.39925417500794	0.138055890318192
K11929	-0.556419042707876	-0.0331058008098885	-1.05976927382911	-1.65101190123543	-0.565265222754289	-4.05636283558548	0.377881258245743
K11930	-1.57739534771581	0.610762556133242	-0.252871633600842	-0.974332886075824	0.179246500764082	-3.27654143971145	0.407273023840226
K11931	-0.287287203432516	1.22854312234876	-0.432815970015179	0.858740610742718	-2.10079692241173	-2.34621593159378	-0.823142529014312
K11932	-0.772446302534536	0.167777617511721	-0.964421869349133	-1.15141053709969	-0.282642229761888	-3.06790229481399	0.313338905092514
K11933	-1.14294305241247	0.348014135894747	-1.22080433471168	-0.948902445173114	-0.212034254636576	-2.61066266697586	0.444907754179276
K11934	0.186413319943949	-0.402980814638166	0.507164981588323	-1.44488175425515	0.428330019746016	-0.919167248427274	-0.0770392720734707
K11935	-0.832672504545645	1.38478906923291	-0.467481971811902	1.03072170701042	-1.99725101825218	-2.10442015331924	-0.680569589618408
K11936	-0.237128523947195	1.22587498003003	-0.228859902453076	0.669627679252774	-3.51269410487633	-2.13957497280777	-1.02990064072963
K11937	-1.80263009464879	1.65062280469892	-1.70711028678383	0.804725123310238	-0.354196473326494	0.926854679465888	-0.454223365071975
K11938	-0.581288723112539	-0.106648432972459	-1.50192201240028	-1.57905407462105	-0.461757703985979	-2.6568846384877	0.307031183954514
K11939	-1.08707561886449	0.22753988677022	0.164084165263523	-1.73166056189522	-0.55792353984337	0.0270827134257532	0.477980702635086
K11940	-0.847343949438528	-0.0632356656217858	-0.522636176180493	-1.27064760241494	-0.588660403456499	-3.70614120167434	0.326028376337326
K11941	-1.07902720368047	0.364481647548647	-1.35962581737007	-1.00696094546303	-0.421023144688417	-3.34584113758743	0.234651714082993
K11991	1.68076262080531	0.278525699911089	1.3468096842054	1.61921231236473	0.546716944012831	2.01022884446442	-0.136143953088485
K12056	0.0949052294478854	0.303234060344668	-1.48024785621132	-2.86531158003792	-0.124128355946352	-4.06207868260086	0.405328183885849
K12057	0.187701227305933	0.116682310638399	-1.38124346835579	-3.25904388937935	-0.457475378479769	-4.79421731632889	0.424074857946671
K12058	-0.298436192633108	0.687885304031344	-1.06849634749855	-2.61128635916695	0.274362892542074	-4.28418943089187	0.384039014097489
K12059	0.0586682876334628	0.448078651962252	-1.76190579040016	-3.18611331496224	0.0307649974022461	-4.55982324284256	0.372526436563767
K12060	0.176985653279825	0.500086267528506	-1.1405948410746	-2.0263692906855	-0.231855376925279	-3.61603233021438	0.215430110212601
K12061	0.114089014171167	0.636385222015353	-1.74866640670265	-2.06016035590157	0.107044116292189	-3.85470983189285	0.220784037824906
K12062	-0.941287902952627	1.39557989412305	-0.444977284502637	-1.12811859164223	0.826397851739119	-3.56572505634964	0.294362574335373
K12063	0.166976424096628	0.405329545078249	-1.3145256052729	-2.34909720931038	-0.260542585816194	-4.47419377964676	0.284827738519944
K12065	-0.580491809011892	0.886057217655154	-0.870993138384472	-1.96798511061653	0.402495936188887	-3.93406793278396	0.331355481859482
K12066	-0.518776802183584	1.3053123550987	-0.702120543551098	-1.46275611433968	0.598044291768263	-2.90998145741165	0.219496279474533
K12067	0.166106792329355	0.468815644321413	-1.88662970168556	-2.18353100333199	-0.429274185862352	-4.25211021107376	0.171651511904038
K12068	-0.261781481863455	1.01627512746808	-0.785323620867383	-1.72503657851204	-0.000470630194951839	-3.62280294102371	0.029578595873154
K12072	-0.0427425781502286	0.256304730710955	-1.53432309730018	-3.09578319106087	-0.132232710089495	-4.54782172840774	0.407635777708329
K12111	-0.357964424253897	0.136003692684145	-0.988808632921826	-0.967063026761859	-0.372814282145311	-2.78939983051956	0.299781649824417
K12112	-0.701780943037466	0.1532474952316	-0.954271794390332	-0.856111841535419	-0.567623659338762	-2.67305323284805	0.389471381422318
K12113	-0.341021327139334	-0.0557730597877786	-1.05418908698524	-1.50084312472329	-0.58049480554085	-4.11136218708694	0.317548185106552
K12132	1.60982904040675	0.170471121606798	1.11850607292687	0.696775285267979	0.00825126904625719	1.76789930659592	-0.100513697150909
K12136	-1.20341971314092	0.256534357604952	-2.0007911930796	-2.3917736581324	-0.138033255305101	-1.81876322430313	0.490911274668015
K12137	-1.6590320149674	0.590195079383822	-0.225705326628338	-1.17441685709938	0.613677159581373	-0.0773301998966955	0.283272057291306
K12138	-1.89797511494298	0.592037995395632	-2.43210160834755	-1.62874336752877	0.206120357546995	-1.61778303784073	0.385782747980393
K12139	-1.3500491658463	0.654235024986239	-1.41798949344124	-1.59191532645211	0.243723095092962	-1.48596975010574	0.349297731634415
K12140	-1.26886132156988	0.506499071655245	-0.180677116942059	-0.0824403337000307	0.506596074137877	-0.142683474242093	0.198593765016831
K12141	-1.21462812817235	0.565997024116488	-0.134048343729626	0.101892692709118	0.633927241597365	0.158799620450137	0.0721638495886692
K12142	-1.13406207955022	0.534390409526797	-1.20634818179573	-2.18816347632393	-0.0224699818752306	-1.90234443348587	0.386018961187638
K12143	-1.43012752926488	0.745979567108126	-2.56930077178444	-0.469098942613452	0.190125048790167	-0.989927736937406	0.177051692720688
K12144	-1.25075199997564	0.564078648624392	-2.84535896880592	-1.09409578356728	0.16496312681217	-1.54595181149185	0.310570090528763
K12145	-1.31820073521276	0.740033586559267	-1.74142181975807	-3.31743903670296	0.320345566306303	-2.68201562565506	0.346404462572373
K12146	-1.34211066162725	0.652263541755648	-1.67362964255775	-1.90165396246895	0.0859654254056913	-2.7557935397023	0.368350535150803
K12147	-0.988745597959952	0.176339526710482	-0.943953395914685	-1.11050732645974	-0.347324057783892	-3.61742707890213	0.338021248098648
K12148	-1.38968959248205	0.79443903738019	-0.16303384406532	-0.716055946683734	-0.150108739104082	-2.89175626438797	0.125680356737412
K12149	-0.26780792868276	0.255601127681704	-1.11422109706367	-1.17501779112801	-0.655625387396623	-2.75790473622024	0.085267871137894
K12151	-1.16067793762823	0.255846043167086	-0.715345502924573	-1.18762620005593	-0.305429472889711	-1.68236371678055	0.31195363354329
K12152	-1.21116664803167	-0.000965203108815843	-0.98953211410011	-0.777106719350665	-0.501723750796129	-2.68154522579849	0.468501835581101
K12204	1.48027500712733	1.02978857332227	-1.13899433715309	-2.49243541274056	-3.4500472390316	-2.85781904858291	-1.60440531421062
K12251	1.28212455117564	-1.19606761163714	0.927873848843921	1.07866672959343	0.509787813458632	1.3969363887912	-0.0473383371865383
K12257	1.42067441546778	-0.738855282726316	0.987022071051944	1.4673332401754	0.616646364960859	1.45551181036293	-0.124598116162979
K12262	-2.38212933933874	1.55228849225995	-0.561201096605908	0.557002393269688	0.617697731290053	-2.14532705944717	0.141964226480759
K12264	-0.412368802191214	0.0438212650394157	-1.21879434688057	-1.00334413561806	-0.480334922041704	-2.97753068607986	0.281756132360733
K12265	-0.631154564978079	0.0691493945693687	-1.43309342963661	-1.17916508231148	-0.420452847447206	-2.91565915745437	0.382848888155259
K12266	-0.769493846060232	0.175139864025088	-0.901608229708325	-0.775863128042072	-0.323716565336992	-2.21978565853775	0.373377233263291
K12267	0.812393920658632	0.689673860607119	1.81615877049004	2.15854517903343	0.817711130414198	2.39988914328873	-0.0985901360547177
K12268	0.926903160451456	-1.09085385030749	-3.60650050742592	-0.351736979818195	-4.961898311343	1.73513719636261	-0.587831184748375
K12269	1.39084217154841	-0.786168853702574	-3.44744336707557	-2.88357587370858	-4.69640444156151	1.0092450120604	-1.14372953820583
K12270	0.742270024655863	-1.00202117389682	-3.4442464123484	-0.262330787515491	-4.17454670306664	1.87133017379105	-0.604338959339821
K12288	-0.91156318581243	0.137305726346941	-1.13781321151222	-1.08984442267403	-0.188143565621187	-2.01386257809341	0.415533929582871
K12289	-1.8367458859696	0.710408528385134	-0.475770832132947	-0.66401000533089	0.208359480533789	-1.34873816174209	0.350730448480881
K12290	-0.587862757803396	0.00292584770676643	-1.21547806365455	-1.28629966292366	-0.413188799586107	-2.0062498728627	0.408267229315079
K12291	-1.08148219978948	0.635124226150484	-0.806940198969494	-0.679596500730365	-0.110321267809679	-2.22948047321975	0.329629033323563
K12295	-1.2988230267777	1.55694361501691	-1.3477686653849	0.659612683320195	-1.10434363719444	4.05751612979233	-1.32920613932964
K12296	-0.727418688894705	1.30345209413526	-2.18192446334327	0.397789334619195	0.43612210515518	4.0514152367717	-0.788235962871277
K12297	-0.362070528627829	0.0157884555434898	-1.05346596343483	0.108480972910077	-0.352749063935091	-1.40171667736709	0.146845787283219
K12299	-0.747798351408438	0.0651324885463432	-0.900606037211072	-1.38532932314858	-0.359044625725557	-3.86248037022293	0.363813906427658
K12308	1.74490866267542	-0.778112451496153	0.775748102832187	0.894904983902127	0.305249468121718	1.69184181290924	-0.117350906614029
K12339	-0.591112164617972	0.273835768041582	0.64109022812878	1.00009076085106	0.253465772304724	0.361279936612246	0.126480251070298
K12340	0.966573449014231	-0.111158738794355	0.976600765157092	0.461781941095144	0.845489755902479	0.377405913651583	-0.124256581548416
K12343	-0.0109396258606473	-0.595593909683256	1.50933504002129	1.48625831093803	0.813255742821882	1.55768737393677	-0.185126841548645
K12368	-0.558662203909353	0.174036552247973	-0.939786077570569	-1.342897610998	-0.305073394741823	-1.90458771389663	0.327101855989731
K12369	-0.505447653891043	0.00910570198056251	-0.879531265329968	-1.08567555460915	-0.360327764715959	-2.32609554928482	0.420875459429062
K12370	-1.2529577294602	0.344811518726321	-1.38134622676338	-0.525654750203937	-0.0767672353647249	-1.87709018391311	0.383992880102433
K12371	-0.954125551344351	0.168151368436785	-0.682708502840649	-0.980180459356159	-0.250724180903246	-2.16635986965835	0.397443025823868
K12372	-0.417185453535513	0.0360943573093131	-0.892922640871655	-1.07497532877907	-0.318244143690874	-3.15241738957107	0.319631009813584
K12373	1.8514090498672	0.0559939342117027	1.54235601322686	2.42687146153465	1.27022267941017	2.08815470534622	-0.230329901460373
K12410	1.65829917991023	-0.301817956330805	1.41491496460472	1.03164021458641	0.664822415147017	1.83961400586426	-0.115329623702728
K12452	-0.722939638258413	-0.855133871498136	0.658760621118892	0.330331144595296	1.04842068317909	0.957535872340796	-0.0861946647202603
K12500	-1.51470365917821	0.571784754333468	-1.46433639628853	-1.02418990645394	-0.0995860987566012	-3.04446193379104	0.25827303480748
K12506	-0.881306795240835	1.52786763483045	1.36741202967202	-0.152731376027912	0.288109616074751	1.78903380233109	0.00881814908627354
K12507	-0.999699739576773	0.569426556167574	-0.753791452479016	0.694307965898663	0.0286034861822081	-2.1923546473378	0.136293500181473
K12510	0.338030012486978	-1.28085509962085	-0.226526976656567	0.342495841646344	-0.671467825140764	1.31922969418823	0.0514447982275852
K12511	0.866481127379938	-4.02939848131183	-3.95511806113685	-0.186371164655536	-1.06158219214897	0.714503975690005	-0.212650508168899
K12516	-0.125082341791586	0.911402066287966	-0.627589703631054	0.562135500574261	-3.18013928767662	-1.90479728382766	-0.569155216697418
K12524	1.11401352488856	-0.458787764372854	0.487552184518028	-0.106985287999957	0.375702188048552	0.300880106270907	0.00138226103428685
K12525	-0.189344314695791	-0.263765475662975	-1.22807002170051	-1.29694481406197	-0.609259768690874	-2.88929435414016	0.373508423086441
K12527	0.0957926830039462	1.30965121561048	-0.591652513575207	-0.190940575933307	-0.823453887667467	-0.0049367825382971	-0.0926620368992916
K12528	0.395293699739977	-0.031361411275892	-0.979511023592602	-0.149789827203601	-4.68284176227074	-2.26004454296768	-0.471742108944618
K12529	0.270282091735407	0.694107552108736	-0.467651129793774	-0.25611604962334	-2.59859822627525	-1.32375547093094	-0.959504992250167
K12554	-0.800609377981619	0.498469670352907	1.01858490603005	-1.30827661070809	-0.747209235396196	1.93397054272949	0.082588165518082
K12555	-0.191824702383474	1.58393581682202	-2.4474407444712	0.321026129388959	0.0762588313557608	3.85653069812119	-0.952559978250229
K12556	-0.466915039183096	1.59471913152692	-2.26949823005165	0.684452591204793	0.211463764939497	3.73262742358505	-0.916252881768905
K12573	2.03560468757014	0.0519974725818351	0.991898952889789	1.30786864247337	0.471858010325621	1.6794732530719	-0.164418966058456
K12574	1.64218566024165	0.123342772064181	1.03397923605477	0.917185647154004	0.423417911563109	2.27084711390793	-0.248605192187988
K12582	-0.562515763403372	0.0707598226642326	-1.18129479987587	-0.927879052495807	-0.395691081251909	-2.55407783192337	0.41762658905629
K12660	-1.26394954121252	0.490476389465304	-0.924680710863721	-0.623642521238178	-0.0786078714988726	-2.76607009571731	0.315137534853257
K12661	-0.396983174444632	0.0301313596343711	-1.52545821769203	-1.66313739333138	-0.688086732592394	-4.03886052769363	0.300555854555405
K12678	-0.462332395674185	0.888086636600466	-0.975404144358288	-1.19935985121712	-0.0638731935284632	-2.30603262585342	0.152184992548264
K12684	-1.7339467087998	-4.53688720888141	-0.255121887755047	-1.47163541827187	-0.774650498595049	-3.30093928974807	0.723416774984635
K12687	-1.04919329083105	-2.05225400156024	-0.454404176306378	-1.32408006701454	0.0746415301002962	-3.52704450291336	0.638946264501847
K12700	-0.407631782652334	0.0236964570855811	0.0873751630071291	-1.1768524220942	-0.539654358591844	-2.29495832127273	0.300641804453171
K12940	-0.767779020430044	1.73080511861798	-1.0253570090052	-1.77246351752266	-0.232968314852526	-2.34964439076126	0.183028429266251
K12941	-1.08079305088659	0.259942491588564	-0.685438514780652	-1.31400306735024	0.477965549264143	-0.514197198569181	0.23654064488057
K12942	0.207431437610193	0.205764372882815	1.12027656929528	0.508479622864873	1.05833555820961	0.277736099541781	-0.196133971694671
K12943	-1.09722783959051	0.32744457298276	-1.35887527568306	-0.907977538442462	-0.26396898862343	-3.38787004154861	0.268467574831284
K12944	-1.70508065617223	0.625807364520998	-0.431563139986645	-1.1198375991343	0.0229510792307956	-1.77210590046585	0.300046234842575
K12945	-0.584705380560354	0.0594953792667106	-1.3147822628733	-1.53214378867134	-0.456266238655855	-2.75690194767654	0.30102434706334
K12952	0.82336199486117	0.276690234479876	0.451726778316844	0.604793330395371	-0.395608379807283	2.55007556277573	-0.304876596215927
K12957	-0.972969321371512	0.384233971176119	-0.133808375429761	-1.23167200598702	-0.0729066127203005	-2.48936435383499	0.367689758058823
K12960	-0.270036188723044	1.25131984525678	2.05570244686638	2.47592203106895	0.339887485537718	2.04980924922287	-0.0546040837800137
K12961	-0.632396725775198	-0.160246594759254	-0.906320930552136	-1.55209036383614	-0.58667246934395	-2.86231800717056	0.405884712454117
K12963	-1.34164705670019	0.294238884983034	-0.444537461828839	-0.996817784643024	-0.107085123028566	-2.68615576428116	0.328349142786301
K12972	-0.945966033102469	0.233976473150225	-1.33350408179725	-1.11018176588997	-0.304996683563997	-2.32651969593704	0.394411533590592
K12973	-0.845628766180472	0.380223711070986	-1.13392913444008	-1.38478119883522	-0.394206865992357	-3.52053281468094	0.226784198995865
K12974	-0.381870297552542	0.0358654754733756	-1.24732601745094	-1.31209965262398	-0.529569550719072	-3.04485246342361	0.245528012033738
K12975	-0.575460342527823	0.152995814619036	-0.915322543215405	-1.37312801394448	-0.340593769516756	-2.98853990238846	0.30082127403859
K12992	-3.19712295925756	-0.0521500063562676	1.27861815588509	-0.341752605771869	0.169516742859076	1.44068986374199	0.321398823972977
K12995	0.435474457381769	0.999273379383059	-2.56906879050697	-2.01433964285836	0.273347795639227	-2.35657760304153	-1.27951034951564
K12996	0.35800475084643	0.427064676818819	-1.71965634925331	-0.409919338559955	0.63050521973152	3.10790851908982	-0.828706712011062
K12997	-0.747972635389761	1.35447259717938	-2.08993423087562	1.02092127289787	0.313979879651259	3.77513554889023	-0.877474815133773
K12999	-1.55588856136938	1.04725213819501	-1.79209148986305	0.521406573915631	0.503873333964537	2.91615393954575	-0.559326977018081
K13002	0.0216306766257723	-0.621744613113432	0.942289261985172	0.180878890419156	0.748088375363539	-0.0629307906025671	-0.420810730560497
K13004	-3.557346252562	0.848350484905215	-1.2040599594828	0.49523442864582	-0.51505576011162	-1.54640361469925	0.279000490423478
K13012	0.419466020701929	-0.878157000007658	1.17551070349251	0.399276999497563	0.472262070212553	1.84667352038681	-0.173262194279396
K13014	-0.996014265181021	0.109144200620623	-0.628323913645398	-1.24032385859475	-0.313134356703569	-2.68014713925064	0.421779423471726
K13018	-2.13428583538671	-3.12576631731036	0.0249578346494326	1.65865461316124	1.28405334118385	1.04774401719928	-0.277252078536712
K13038	1.71224114501338	0.025760416922541	0.896422355342258	1.00538800444618	0.591210738454054	1.47976839739144	-0.0828253035580746
K13043	1.11540505492549	-0.511846999588041	1.26145529644524	1.46315668311134	1.16218306187172	1.08525068882167	-0.170850933078491
K13051	0.413777040480181	-0.248208763959436	0.544927972275365	-0.574887352323383	0.12949296149988	0.34111467200577	0.0972175295317539
K13052	-0.822415022016958	1.00993426614759	0.12736031310593	2.11561302628532	0.963975623879622	3.06988695460617	-0.51058957773801
K13053	-1.2895376960053	0.285918613014193	-0.77319419486488	-1.06729240927681	-0.349174394573976	-3.02848788899124	0.158948450800217
K13059	-2.96339884197851	0.226871003446551	1.10972052710091	-3.3156816533564	-2.451804145541	1.04695328521788	0.768433778997696
K13069	0.410361336706682	0.317068119583102	-1.14142084224189	-1.10504146132454	-0.631276413168718	-2.90806934040725	0.119799881693161
K13243	-0.612943677069143	0.155024220285387	-1.38475513560737	-1.18935235056862	-0.590309067930986	-3.73099395435989	0.239009588476456
K13244	0.933634283183618	0.533369560775729	-1.33840954406227	-0.335568504667133	-4.3069648587368	-2.90339919727981	-1.16165456223842
K13252	-1.42821898853918	-0.197712439993946	-0.166467250418316	3.37785534348503	0.695890263352583	1.30070087510407	-0.445364311817848
K13255	-0.61811938679357	0.26581903272626	-0.768882514071118	-1.34454520258889	-0.229247763123323	-3.80101606053055	0.279449551817215
K13256	-0.876889614225821	0.894716461238833	-0.539788962435376	-1.1240119508265	-0.271770819392015	-1.8701300303334	0.149149387594498
K13280	0.51226517760615	-1.41096405214313	1.42570763723885	-0.329568283891528	-0.607986077036669	1.37328246432602	-0.327662952724659
K13283	-0.579634575010733	0.177416731653185	-1.14282131297554	-1.44262607607827	-0.273188456263353	-2.9913470427388	0.316260128732956
K13288	-0.260254947306112	0.0155767249440864	-0.0239850888964048	-1.82200356039986	-0.684853895869066	-0.244766203581693	0.493600099798478
K13292	0.76767422461371	0.874713976917239	1.18424069778954	1.76614527192131	0.45225597980995	2.19290402728379	-0.173450947288238
K13301	-0.931721953512625	0.176337857780428	-0.99538087947334	-1.29313393149361	-0.318371131386568	-2.16443487805069	0.406649142023362
K13378	0.916338505385919	-0.220181238787799	1.05833595888649	1.11686150517479	0.769252971444319	0.940955648303626	-0.0356430118119351
K13381	-0.112512199045614	0.88511868291852	-0.334815562796246	0.438833316528947	-3.40349672671776	-2.10577675503433	-0.623319700840675
K13479	0.0238817056403597	0.170279433069201	-0.0319068442102781	0.484747054494694	-0.82477848168831	0.352247627556918	-0.00607484627123989
K13480	0.115316929458185	0.504079599914522	-0.229735971521985	-0.00162573370918595	-4.40239380237084	-3.08062001866043	-0.512029044810497
K13483	0.184905084012552	1.36655588918683	-1.90010726554359	-1.33055933032021	-3.02171109553795	-1.58329841297806	-1.89894083190318
K13497	-0.135311094881491	-0.277274693312673	1.5130631913427	1.8951747843267	-0.158009439077188	0.937728287757037	0.0534212882483371
K13498	-0.704343108297781	1.70273347669599	-0.816261769365918	-1.14527590785012	-0.379678680863191	-1.9457497279042	0.194023936506546
K13525	-2.25642195141454	0.0556871491050437	-1.8649383793589	-1.99034853491768	0.0669510966875059	1.41943156915962	0.0754586453402408
K13527	-2.0099624673142	-0.423293630542783	0.397067866194595	-4.0094563535212	-2.14524005290489	0.683136286318896	0.750797599073685
K13542	0.132021548389002	0.773741443691225	1.50990366833245	1.89550868954673	-0.301109238829424	1.95240691500962	-0.0343061690365902
K13566	1.85276648604731	-0.931778768959074	-0.201603294443738	0.568855104708821	-0.430864706005861	0.187768848717806	-0.210365593913757
K13571	-1.96963777935644	-0.492935488882093	0.345727710891117	-3.73953457388863	-2.17032240268212	0.942700127244589	0.658189743276871
K13574	-0.996618775488333	0.293461819229098	-0.88395440680946	-0.808678703641742	-0.104054718580057	-2.24668738049209	0.398250311132706
K13620	-2.10075846111913	-0.890475313129453	-0.533923865389477	-1.35437055144295	-0.247195317711641	-3.15204784077347	0.559054046388901
K13626	0.286240102885767	-3.9213300151253	-1.35884821517433	-0.481354790067523	-2.45294974681359	0.968267211795447	-0.0858315234219662
K13628	-1.66423168575902	0.460627754268618	-0.442928792070996	-2.70470781836495	0.104964398477266	-2.81899615925491	0.205735772367752
K13629	-0.336023060442404	-0.494469175996809	-1.40393507583107	-1.8606628945826	-1.06972370978813	-4.05235788029373	0.285745173212326
K13631	-0.73247530853887	0.119500507650347	-0.641364098620068	-0.479004042482227	-0.356669708456804	-2.0414015929097	0.371512859579361
K13632	-0.889565257193045	0.395162661609621	-2.07299959762062	-0.75502129111275	-0.514242991175463	-3.39324876469314	0.180653482195176
K13634	-0.365202752710776	0.0525444942092612	-1.51125538451637	-1.88485188994393	-0.734168513979723	-3.78502914112747	0.158722906824387
K13635	-0.457415727735953	0.0806771116828635	-1.72371280295814	-1.41101713690743	-0.596367522444536	-3.12574693363846	0.164341240640915
K13636	0.137920918105646	-0.380659977855711	-2.25665390593971	-1.67960997138008	-0.980556353297045	-4.13778659504593	0.127491026636399
K13637	-0.909886864782766	0.276347835597964	-0.30150789124931	-0.799899893140643	-0.09411314066868	-2.59806200665176	0.401364415403641
K13638	-0.541524914862112	0.232455630836459	-1.27588904006447	-1.5619773438929	-0.403004481758882	-3.68189260166824	0.186065226312912
K13639	-1.02700307762762	0.619586248931856	-0.595056654047619	-0.841125445699542	0.00179463687915628	-2.50739785832107	0.320521801229752
K13640	-1.41958752071996	-0.405087049069433	0.680170639324535	0.763810796404034	-0.515706940855791	1.7658071835643	0.232989578958786
K13641	-0.446114687086538	-0.156326445701151	-1.20648408038582	-1.20008512053475	-0.633245214190294	-3.47190353077591	0.404894619699753
K13643	-1.01369657910009	1.87167902761457	-0.749594212603222	-0.666861133909076	-0.0199530081115263	-2.03762504261673	0.161295622106827
K13650	-0.87773623860021	0.257374574480028	-1.77240741355385	-1.43968744788155	-0.338286771740724	-2.48973747891128	0.350579231497086
K13652	-0.974548963667349	-0.0361094874763772	1.09000909225975	1.27513657298103	1.00227059486885	1.34930911856949	-0.118351310971939
K13653	-1.27114894783636	2.54625578695294	0.0365932573560366	-0.887245016431659	0.0158820382096273	1.84452018338501	-1.32270672965404
K13654	-1.36768522656103	0.52597870403287	-0.948649645876538	-0.603823857641071	-0.279500141110231	-2.15135189694107	0.174083381410874
K13655	-0.156894115568594	1.48247357183454	-2.2644413719889	0.541591530406624	-2.65369580623131	-2.07606455486953	-1.14506432462093
K13677	-0.328514007688955	1.60759564214704	-2.27708137137855	0.619661209845692	0.291142747435759	3.81853226023972	-1.02431747365352
K13683	-1.59891500866552	-1.54442624277118	-0.726468087267529	-1.56269116911873	-0.379791899885942	-3.59663697880447	0.576607971903122
K13684	-1.49123301899572	-1.58862249082568	-0.50443267924751	-1.92903919730172	-0.231366410221865	-2.14745995205581	0.569761365171708
K13694	0.0228401740775546	0.227656831083269	0.664673923421253	-0.0763556531427797	0.344404057297896	-0.110467878996732	-0.0657391552960507
K13695	-0.976939229132132	0.402214904365511	-0.976364732813489	-0.99028535399422	-0.217858954634477	-2.00107356709182	0.29187032532338
K13735	-0.119159726263479	-0.0399778140211388	-0.707764388155591	-1.57008619818673	-0.0259181366525191	-2.95772167843521	0.456893711801804
K13747	1.61678716742854	-1.22398249334338	1.14761048452889	1.53118566956535	0.440491930279921	1.56492218571961	-0.145616353038513
K13771	-0.181644050241903	0.00587456398961098	-1.61218869788612	-1.6956774762629	-0.649472697939684	-2.17489191693008	0.197295397039688
K13787	-1.21142950451513	-0.416937242212324	0.207851170468677	0.921562088394314	-0.443820282187273	1.49296510416329	0.078501194235123
K13788	-0.507038382650808	0.0168776112174705	-0.200284720492016	-1.61810250792488	-0.678982003893663	0.1061306913501	0.454768090959824
K13789	1.17769423329691	0.314042230186434	1.38094305889641	1.75070206608787	0.950339690480421	2.1291033347255	-0.160819024327957
K13818	-2.71118035709997	3.57287116819379	-0.0582653294321409	-1.45700080904946	-1.72385512229424	-1.61670228642166	-0.0390246515309445
K13821	0.434494065283342	-0.116020354392557	0.895272998977054	1.63731352772728	0.460887686047743	0.675452532351611	-0.0599536304509274
K13829	-2.30256810581823	-0.436395953359632	0.0279515375379213	-4.04624434027657	-2.56967924472313	0.53167042332947	0.841498821493424
K13888	-0.340452937246756	1.16258295351026	-0.83739793403114	-0.88947649512276	-0.472095056738664	-3.04706164997757	0.169096320387162
K13889	-0.458081511618094	-0.0321078849458978	-1.1728590737101	-1.19512827906594	-0.468177124228288	-2.54133268994034	0.331580548998154
K13890	-1.10410967266698	0.195766945419283	-0.992679835390698	-0.962714748716205	-0.278590067591478	-2.43782183331192	0.346278100725449
K13891	-0.838623074652151	0.247428407011004	-1.02014088733162	-1.02648027453408	-0.22048212524872	-3.58258458775223	0.260749548193253
K13892	-0.5070008317246	-0.0759215009832665	-1.11895227534736	-1.32719655547127	-0.543284281458666	-2.64195486706436	0.380525975939072
K13893	-0.175045577646689	0.133090098438235	0.641243799496044	1.95471481766716	-0.00929003518443281	0.477681608975527	-0.00552892732974208
K13894	-0.495628980757193	0.241126199302645	0.85213819043671	1.95581201996818	0.139254101250361	0.504613312066195	0.0373901123965152
K13895	-0.484039215208487	0.100051899490328	0.814452051091541	1.87161914792076	0.0376693039909405	0.505443485558627	0.0317744905913242
K13896	-0.783562926413016	0.267665584621401	-0.618900300097119	-0.878453450536579	-0.210062547888567	-2.31839629810989	0.274226635214127
K13918	-1.09127822315832	0.32133158021924	-0.555444956850659	-0.869923906659931	-0.243586435284426	-2.34359380406082	0.416936307665146
K13922	-0.757619408728079	-1.88563636964801	-0.619211674761426	-1.35401816878304	0.944499567780684	1.08076973083675	0.19072845530156
K13926	-0.713048128248648	0.181555052337618	-0.689803601336133	-0.940535264348834	-0.184684365358164	-2.39340421360672	0.365220754858292
K13927	-0.526585845114187	-2.53535417741778	-0.199028254580151	3.00979403939262	0.391503826413344	2.60249188739121	-0.853491992238723
K13938	-0.677857069136099	-0.0743132931614205	-2.35321056945289	-1.51279266390786	-0.638211234774401	-3.69530984562576	0.250626474138535
K13940	-0.808977035643057	0.501670916614504	0.760286330151904	-1.08300347838387	0.272750825319479	3.39361003238022	-0.237188503626548
K13953	-0.188583640219168	0.975826700267763	-0.100214422773968	-0.134100454187244	0.397203073535154	2.47020819979965	-0.339947589222156
K13954	0.622449163510009	-0.635925273361234	-0.380753577780377	-0.535524206495136	-0.115523367490579	0.989749835909007	0.0490384395087131
K13963	-4.88888540661474	-2.71368078416827	1.42753338711296	-1.80981989417061	-1.48188517924767	1.29414290386498	1.15773579430226
K13979	-0.315938798548178	1.28521259599683	-0.144177497458111	0.539609113449008	-2.25427292224388	-2.29064771336258	-0.852678835872375
K13990	-1.02831783688207	-4.23309473222735	1.45432883398568	2.50593118157402	-0.197692468132784	2.00877788859665	-0.0591493253743283
K13993	0.584393415762587	-0.10874460911992	1.70677268402611	1.26716320004478	1.08200372818489	1.0902987589246	-0.208358154181205
K14048	-2.25957408344884	-3.70761493867877	2.97045028107201	-0.418518083429187	-0.492575570311357	1.51950258213341	0.317847936865128
K14051	-0.770122555853323	0.261012603578539	-1.17549646003212	-1.16474874529824	-0.6066549265049	-3.64345475834549	0.261094480272568
K14052	-0.97713079846044	0.440250058708163	-2.18889629943336	-1.94859095129952	-0.196804001297762	-3.52407619160354	0.283890932318009
K14053	-1.38434949314733	0.859224875507326	-0.432721079420697	-0.473390953874439	-0.00529474702100927	-3.23397990864456	0.304168790098465
K14054	-0.55888345635076	0.158865054187746	-0.434337318968426	-0.860612945890277	-0.616039499010851	-2.56979748409927	0.307484954115189
K14055	-0.801742581488089	0.232287188110323	-1.11599159343208	-1.44628270182595	-0.501408263411333	-2.36773749989212	0.277754097696579
K14056	-1.25131287968297	0.575899084148379	-2.73076498610939	-1.38464434657082	0.032119596526416	-3.14097663563431	0.205413251634873
K14057	-1.22548857128759	0.825995286045046	-2.67370188338722	-1.75467343840584	0.240580604109953	-3.05179187458694	0.149670451399124
K14058	-0.827053455473379	0.361234446105929	-1.01201427085365	-1.20632703814492	-0.339727833237459	-2.60132190388382	0.263735204454697
K14059	-0.426833538176016	-0.188040994989304	-1.6473759423014	-2.09849114928231	-0.432190372910311	-3.36762115162552	0.357695608850754
K14060	-0.407292632223562	0.0365110086774543	-1.77184426887001	-1.00542839083657	-0.958323045935442	-3.56189939182937	0.0590125019514927
K14061	-0.593784240843252	0.267996181783648	-0.978454710077893	-1.07295699629769	-0.61662487622719	-2.55864140194595	0.169929056879319
K14062	-0.421547679068045	0.0830551283931449	-1.55391252143348	-1.37754364523873	-0.689832969870378	-3.03172370594681	0.163525014635361
K14063	0.720185512839361	1.35140486532208	-0.676114440989148	-1.73618073973641	-3.48298977252464	-2.03453561466873	-1.83887627768871
K14064	-1.00251367485662	0.328470726547213	-0.348457873892438	-1.34029610667214	-0.35233278509598	-3.47836085957229	0.27658894610051
K14065	-0.391935376287893	0.137881745634051	-0.770302892756116	-1.38215704474434	-0.519214912619402	-3.31365701359451	0.259651809450425
K14088	-2.03764381802221	-1.44793264097217	1.32865685122048	3.39721302475944	1.10120250347633	2.17401734191239	-0.458884399864637
K14155	1.53160616958003	0.479018409786196	0.95839515225922	1.39239708867088	0.544741169247816	1.63496795493424	-0.0489528780018917
K14170	1.46228000724177	0.185162861881228	0.995329468417514	1.1347977348806	-0.0438702696226137	1.4719326813823	-0.0720055406128994
K14187	-0.374479560018973	-0.0997767401361749	-1.20353865725959	-1.127680855131	-0.58687405225258	-2.77775260609329	0.265862076994217
K14188	-0.526700762869314	1.43704744153974	-2.19560253722633	1.4779065081121	0.367745891843031	3.75168088275254	-0.952851862195694
K14205	-0.700195936323599	1.94508071714398	-2.11243140799965	0.208982629442364	-0.0220796683094996	2.20718983012497	-0.90341171670314
K14260	0.96552872860293	0.0548627572631553	0.78822103040253	0.0581192800046507	0.0544110431112749	1.87284895974457	-0.100017458680832
K14261	-0.55338218605657	0.00284082168099434	-0.964467168879162	-1.46934600386605	-0.468531533446123	-2.7014767805928	0.345452278372086
K14274	-2.76487889683385	-0.676325510206251	-1.0857361565348	1.91939942326561	1.60622276428718	0.640922220528719	-0.403584385771119
K14287	-0.475773600698904	0.0611993568515495	-1.11489355666603	-1.0013927987574	-0.394144310917665	-2.29202934902847	0.283606498953141
K14347	-0.464585332037405	0.232121666011782	0.745928748417247	1.96159259762779	0.0824296927787763	0.55635583597481	0.0295196170771488
K14348	-0.688663629652456	0.33493866497037	-0.566843868326794	-0.677207665777057	-0.157572283711244	-1.91653105419815	0.345385819193161
K14392	-0.971098093153433	0.348189313945742	-0.716215849947583	0.341359643006474	0.0982655367590887	-0.222564427077176	0.258392899748124
K14393	-0.857069758535818	0.181781549987765	-1.09270274741615	-1.1046928933619	-0.0765987032316225	-2.26727148693741	0.328469842191971
K14414	-0.509077576757864	0.0133860903358176	-1.42173242671455	-1.10925097975716	-0.427364065613558	-2.16360351246536	0.411528497453965
K14415	-0.120690671564535	0.170256008443804	1.13810795443093	-0.261436002588123	-0.110749929513742	0.208159418881533	0.227751820799149
K14441	1.99109527671198	-0.206306767134546	0.735477744508136	0.985373956823498	0.21233813527603	1.29373502928078	-0.0965543096100918
K14445	-0.393595902086691	-0.566387872161894	0.685775994229663	2.64907030549064	0.702269808087538	1.88213655549347	0.0133048887217411
K14534	-1.18435933983465	-4.03675655550006	0.767022310662616	2.01999918904319	1.14764572742958	1.90725097256958	-0.117632240537368
K14540	1.61717066371302	0.0388347404575065	1.04409837620293	0.388259125614316	0.249912530813406	1.75967100459397	-0.179874361041748
K14588	-0.776604322554068	0.140743990478487	-0.834586859774243	-0.893706875181049	-0.371070220436861	-2.42534848850906	0.321186810251511
K14591	-0.162709323526816	0.108886529741259	-0.840221763682019	-0.955294208860248	-0.573213084902574	-3.71670409840286	0.0350730116331943
K14623	1.23015240037303	-0.343656699123411	0.0199495543721804	-0.243713157510608	0.821184233460615	0.309168966591952	-0.099655122045242
K14652	2.16314622962336	-0.311459752681284	0.563524342048515	1.24759451832786	0.638252393040846	1.27677531737149	-0.108063608888351
K14682	0.101314934133097	-0.143579493227033	0.457284870463956	1.44436041798607	-0.222500100102236	0.21136203604996	0.0734516079390415
K14742	1.39498290622096	-0.649055580558805	0.703308611083377	1.19729535069481	0.473401323590468	1.45609021383583	-0.148314238074981
K14744	-1.20685913956304	0.414363940296145	-0.328680695128094	-1.41150851759896	0.730362907681654	-1.49340602558792	0.578757732626236
K14761	-0.111260322691397	1.67137189680097	1.94642352955376	1.76305644001976	1.46763099792976	2.90653160411179	-0.105333298925125
K14762	-1.60532036221166	0.600432534751864	-1.05538356406654	-0.976783948278278	0.100577608380507	-3.22459193867386	0.393484085317887
K14977	-0.868623761297659	0.362639744815798	-1.46688556773628	-1.33236928496346	-0.324485733475496	-3.55957528752029	0.256431251283921
K14982	-0.712789086462454	1.53278966718671	-2.22854292495216	2.06943671193138	-0.0618599497936266	3.41096070605576	-0.767461866620742
K14983	-0.597699908377127	1.71886738115308	-2.10731089217628	0.473056179212183	-1.19445787307244	4.0200488885051	-0.986163229230606
K14988	-1.14917138016363	0.328647454318972	-1.84534585578407	-1.41388185534462	1.17028547886391	3.01429656344712	-0.846686363700592
K15023	-0.941531566740469	-1.7323800725365	0.749972610640872	-0.457681613302081	1.15390743378181	1.45539280968964	-0.226657256964409
K15024	-2.57164183056493	-3.19149021333697	3.58015763657128	-0.298879461622089	0.489561394486616	2.44359687167465	0.0788126881087192
K15034	-1.34002700245519	0.611636360225649	-0.592682481836926	-0.756798105573505	0.146936961147974	-2.05670520466507	0.368078797575272
K15051	0.622051103203102	0.471928258476229	0.550775009113897	0.399936770761162	0.338660643134306	2.84487381774246	-0.452221952859127
K15256	-0.650257257582144	0.0237649279212669	-1.77160918815101	-1.62409015212044	-0.537346347536852	-3.77207776707351	0.277910977121628
K15257	-0.660499600531057	0.218882729349108	-1.50647413833107	-1.30117972407326	-0.383556052412798	-2.79875704449356	0.278616278883255
K15268	-1.00826552307744	0.160332699356051	-0.797092677187573	-1.18482108626351	-0.442250772681047	-3.43397113484085	0.258103936430252
K15342	1.23299363458018	-0.703820328178434	0.295394777226795	0.486836137922258	-0.02549826663356	0.776655646145938	-0.0973003809487454
K15372	0.0520528277144869	-2.9308572215462	1.59799575703179	-3.8006293347834	-1.16275273200493	-0.16804596584976	0.08961304974202
K15396	-0.627253560186819	0.0475711720561698	-1.56738746268715	-0.805984573697894	-0.447654112543871	-2.5026676337117	0.348861664053238
K15460	0.052148075936838	0.0574299293136314	0.573295405972351	0.619959605598599	0.71269561413307	0.576612742722628	0.00464248609188878
K15461	-0.593935636640982	0.209531803665133	-1.05446314914192	-0.853653149938434	-0.341958537068178	-2.42032572430313	0.187082379576004
K15524	0.125171842216059	1.25607283884046	-0.552696109842908	-0.022084431981891	-3.59032605525475	-2.1928167025441	-1.22969898629543
K15527	-1.66001263058324	-3.68934802240375	1.71853184597527	2.75391106095329	0.330528274808119	2.22067585784256	-0.0835369532143704
K15531	0.0365603288398226	-3.09660176462176	-0.384336114954602	-0.931180553769916	-0.98743329879265	1.53311172324478	-0.0452300314938656
K15532	1.77540347182612	-0.376055757465391	0.966997503209461	0.79054863538757	0.581769899163435	1.14003900635302	-0.25677968609687
K15533	0.960260274051233	-0.824768404426603	1.06860554115807	0.346966160202176	0.505434767041395	1.87918326455414	0.109018295522965
K15536	-0.948218135000662	0.288877745208712	-0.453571380209576	-0.454621272420734	-0.438272848095705	-1.74082299870193	0.432873278375901
K15539	-0.928146986128286	0.205447961626025	-1.31358575923408	-1.6501338056086	-0.271483107771684	-1.99719878834427	0.268120318170822
K15540	-1.03321125900884	0.198961128530474	-1.12131953341926	-1.11274071249947	-0.586077793803026	-3.5982896963948	0.345499723669327
K15545	-0.460114983679251	-0.124290297689466	-1.09723711116279	-1.31785638842568	-0.513265176977922	-2.73383065861404	0.209737151380814
K15547	-0.619433669210867	0.127255161342593	-0.958377362322461	-1.01826794657692	-0.234175308909227	-2.5830320994252	0.346038132425583
K15548	-0.704846529127554	-0.0791966421032235	-0.836142302584302	-1.31814868960366	-0.358551039662172	-3.93766709965408	0.384033470865525
K15549	-1.70283737576147	0.664484103260012	-0.745502711367261	-0.350004153585285	0.190684348974417	-1.59301301640213	0.410171001669205
K15550	-0.533248094679312	0.038476099309893	-1.58612954719032	-1.08813746485695	-0.311265929903795	-2.1288404147023	0.32418313574437
K15551	-0.701915649534659	0.0157609778022483	-0.853714347910534	-1.02488835368142	-0.373442425694277	-2.23921295803726	0.368543892618454
K15552	-1.00501039421697	0.391565878925295	-1.49736893279518	-0.607335644101947	-0.373651429381182	-3.52237579029739	0.296755522009171
K15553	-0.771299270750479	0.338472326335879	-1.29345738990272	-1.35673184905037	0.0849049805440409	-2.56863853138626	0.217897444483078
K15554	-1.03542986309667	0.352858145770998	-0.997890592646252	-0.828129844999164	0.129817367229651	-2.02504369419754	0.254584103342331
K15555	-0.771446136595205	0.375172455844851	-0.790079117846142	0.184758824968487	1.10491003159065	-0.856554953276517	0.0339408810103305
K15580	2.13983485305171	0.515999157962771	0.513805724586893	1.4649368354322	0.11746416303892	2.18597939807236	-0.340632297579013
K15581	1.56446364724497	0.426124949989291	0.350636421609271	1.19039718594566	0.164527953300665	1.70674118596375	-0.156592697385513
K15582	1.69621345603327	0.19054984026906	0.573987192380775	1.33666215624824	0.282462612424086	1.77869174081146	-0.175561875585281
K15583	2.084335180162	0.029719938573809	0.69702052967583	1.08631650891319	0.296532795462797	1.58697214919388	-0.12231037068721
K15584	0.576961916102572	-0.221855035933284	0.890442072320331	0.649982956910283	1.05411292675514	0.219044597924349	-0.164962500814163
K15585	-0.440311698080496	0.189752002296419	-0.0458619604822508	-0.116272287702411	0.500773475203703	-0.106714097678068	0.194945960756577
K15586	-0.678973821760611	0.211075057325335	-0.183213831019055	0.185917300844342	0.615858808789442	0.268280299485324	0.152642935034073
K15587	-0.316708056093649	-0.00693802064898461	-0.275998414587628	-0.646347599363178	0.0367769786864919	-0.400709001242521	0.212062268968857
K15598	-2.27654781735082	-0.598562012376814	-1.18077540500129	-0.842068987226337	-0.142978011932184	0.79228241938412	-0.710553825381958
K15599	-2.0999328175797	-0.982277910175352	-1.21156287295784	1.47285912718788	1.36382617119331	2.30186894732773	-0.812321901801788
K15600	-1.05775370991369	0.590286453304262	-0.387622357439648	-0.0144005290029939	1.66572512749214	0.0484976490145899	-3.07699552226421
K15633	2.19425782763819	-0.280712666871576	1.28976023094689	0.853902293110043	0.569233313832472	1.23577922779381	-0.0395049159562222
K15634	-0.744666127325491	0.103021492300005	-0.887467266153943	-1.23699076685891	-0.430661931004335	-2.72309180897415	0.435009866472519
K15635	0.872200461267038	-1.10652254051211	1.45412909882103	0.716682551169545	0.315003619227598	0.579271467507479	-0.165708125117981
K15669	-3.55601206219335	0.600774784622164	-0.920672298502575	0.494537153953463	0.54738445642967	-1.03892156284988	-0.00738361525889553
K15722	-1.24585905468603	0.64844955974576	-0.615714670252453	-0.904950933790058	-0.126099407043268	-3.16781016987503	0.210501878973282
K15723	-0.597933439375357	0.0801816778754905	-0.625158787798535	-1.33871455702767	-0.537838026251604	-3.19691154164016	0.2434521014655
K15724	-0.575151232840017	0.433653910694094	-2.14563405616249	-1.34199460062966	-0.50695268746834	-3.74029895466507	0.222013443228043
K15725	-1.52884498036046	0.561712880668612	-0.863140226435315	0.459209633731991	0.652132824692915	0.449327441037295	0.028319298740662
K15726	-0.952481536032156	0.402102013168307	0.320173024106372	1.65776984181419	0.979902461800764	1.35226786333382	-0.0387797658478848
K15727	-0.95890500939031	0.173044909772845	0.0474671413186678	1.31960712161079	0.488908932242582	1.08312414783299	-0.027537703994476
K15735	-0.549004940153555	-0.310635956885843	-1.27731382949318	-1.63226147208199	-0.66152028676491	-2.47588106793106	0.422069578882492
K15736	-0.465465335012869	-0.00145731395724266	-1.12134146792854	-1.16895695242867	-0.374325200285723	-1.93049761456192	0.284946709390915
K15737	-0.983783272863821	0.514732618865938	-0.65673923594917	-0.768548207616657	-0.232428684201052	-2.28664967220962	0.343685119863785
K15738	1.4323895891891	0.358611484107943	0.682352750468601	0.691999224686772	0.59725292089958	1.50605559545815	-0.107949495795929
K15770	1.4740867933021	-0.910049299659757	0.120416103768695	-0.864066915845722	-0.829850300516893	1.64633032876313	-0.253442243221962
K15771	1.5147002657638	-0.857067982616453	1.08285832302605	-1.07202919039711	-0.0408144810460108	1.94815954762757	-0.407312936629914
K15772	1.54726758801798	-0.707455406847028	1.73212146656548	-0.761060672139972	-0.0209050470254915	1.93689653474152	-0.413536743741297
K15773	-0.531329421163992	0.963823159275027	0.0199934531930575	0.662233484649808	-3.90374754306297	-0.81527587574661	-0.488919154289924
K15777	-0.380405215383963	1.18352170759198	-0.947296382021557	-0.951237755155414	-0.244866623844911	-2.00753757160843	0.216158359762467
K15827	-1.18147256767888	0.20867352658269	-1.11167633635963	-0.965501385068744	-0.360654159750749	-2.69060727757156	0.434558003660477
K15828	-0.988615659834341	0.105878760156603	-1.2872445593592	-1.05617411646828	-0.329703732695391	-2.12513133686722	0.394093185182846
K15829	-0.874142912985281	0.217389543590517	-0.594678641390454	-0.724695520734638	-0.247131034102251	-2.47659179371536	0.34241679262761
K15830	-0.472191957594351	-0.175481955471067	-1.55253779990638	-1.27933223757729	-0.515619620051195	-3.0240037123555	0.373253970857895
K15831	-0.749537734152273	-0.0119366449737832	-1.16360974414314	-1.03328247580513	-0.385717942681124	-2.25227996510208	0.442678600069321
K15832	-0.562316087843374	0.0420258539294913	-1.49545467002357	-1.04032702956185	-0.331860735382845	-3.23890611332596	0.360900908228196
K15833	-0.580455807806448	0.238065411386462	-1.00678897006477	-1.25845368418679	-0.360066517557909	-2.37573715847671	0.25891134094838
K15834	-0.988968519331411	0.363427718219729	-1.53298509223426	-1.50277300391182	-0.115245743956377	-2.58533808392227	0.384080498930252
K15835	-0.885473636747793	0.345134456691714	-2.03982555968727	-1.95134563956246	-0.23872564670067	-2.72463175457657	0.360352724310196
K15836	-0.593160418631033	-0.0527471405887887	-1.65410530669655	-1.43364592108712	-0.52509610291939	-2.82286473911941	0.40711656164769
K15876	-1.32065966522832	-0.849086682262449	-0.496200264525067	0.920208228492886	-0.1548437469862	0.820082368434069	0.106758743044175
K15921	-2.1593593636765	-0.145937251808672	2.40745854275261	-2.65795035872444	-1.15674005385857	0.399682911217806	0.344399064298905
K15922	0.479990402399107	0.200909902391405	-1.20615625483955	0.529661865645796	-2.46831868525963	1.8630704601413	-0.59770409810897
K15923	1.32703933322291	-0.289076897265939	1.70498156445061	1.48952774491325	0.850357607636641	1.31442672210991	-0.167580903056823
K15974	-0.751293567778067	0.0972027378654197	-0.27988821370567	-0.722527103757709	-0.391673459973146	-3.95091935795486	0.408555536981858
K15977	0.420953886745973	0.241150190172167	0.780157922673572	1.55737475838676	0.800430909428785	0.807744579494593	-0.0361628537213436
K15984	-0.176635948778586	-0.0811355513954446	-0.862394333910596	-0.653816776609271	0.0469492000304562	-0.605827538191678	0.298580914255417
K15986	1.42611667716364	0.383252223072024	0.612824200559009	1.62508408513084	0.251484543714712	2.00166508752167	-0.252558202031814
K15987	0.455300020216509	-0.840349893035917	1.8680276860479	2.47018448796287	1.3451929247715	1.90010068017304	-0.0805021231209866
K16012	-0.532668022276358	0.358893056449862	-0.957641602587353	0.34663957145229	-0.193569093313028	-1.98481628102005	0.120171874281205
K16013	-0.641794113279776	0.561946292457552	-1.25312292678322	0.390558456742913	-0.0487718128822344	-1.41631457012832	0.0601192707980045
K16052	0.282694222568079	-0.0186562789106652	0.549737087357391	1.51918558564201	-0.0658537515662211	1.24599982994854	-0.262352422360145
K16053	0.935284199355646	-0.220852633888452	0.891423820424426	0.777173353099972	0.574265495572279	0.662904830754397	-0.142666429761612
K16055	0.240446688769861	-0.687491784753828	0.844905256200183	1.15343181576744	0.907014564309309	0.266415150941012	-0.453311048928463
K16066	-0.791970996023611	0.202691067991228	-1.3044564734217	-1.45492919001564	-0.351537688936998	-2.70922061604202	0.232301681753434
K16074	-0.837890414358572	-0.236554316195278	-1.66760385138954	-1.85553069624886	-0.593563898768236	-3.89994641941726	0.416449158903397
K16076	-1.7329358140244	-0.462561855974226	-0.878559113573681	-1.21943910632119	0.100459583733271	-3.46001884144485	0.555675357099808
K16087	-1.24029877579351	-3.11534337228778	-0.681752205919873	-2.17660637412056	-0.136357485618402	-4.39896413487137	0.788713901754654
K16088	-1.35393360054632	0.755119224128695	-0.440786541533124	-0.614193039274066	0.0406003479622704	-3.29632779759109	0.325862258192337
K16089	1.89409908854823	0.0874441760158256	0.991757809090961	0.646559161806256	0.673654094968031	0.646589370549319	-0.0854994957482449
K16090	-0.773268489004568	0.0838867025947288	-0.935840250086438	-1.28068669352517	-0.386584117379	-3.78093215626419	0.333262532469071
K16091	-1.40042558109899	0.598579366741152	-0.531242371630322	-0.296956079339832	0.275895193848799	-2.47109219235122	0.464699893709458
K16092	-0.176414100290732	1.38543554121015	-0.597015977930676	-0.125185983514636	-0.13727848168831	-0.722395269095304	0.161961704012192
K16135	-0.907122997404532	0.443185229835482	-3.00713050467933	-1.6772436669825	0.0138140867241127	-3.44512721699417	0.218778639551438
K16136	-1.04157438671728	0.200034965810747	-0.950842858385693	-0.750613766050189	-0.536327465739061	-3.63489839237869	0.367003648992813
K16137	-0.240462092520193	0.598356862602206	-0.539528609346997	-1.40295584712014	-0.168455719318201	-2.05360504788101	0.234366982694901
K16138	-0.755088953138785	0.16680591279027	-1.5851782570597	-1.26592631850228	-0.358514710631182	-3.59211560887039	0.229924350496567
K16139	-0.497496751905874	0.113270183143587	-0.26457500560249	-0.684773521756976	0.0577228541262848	0.311730893433688	0.114454060312546
K16140	-0.611226109625296	0.448164363441439	-2.02645886046852	-0.303453939294666	-0.889455839361955	-3.35862514179886	0.0331544275248417
K16147	-2.04804506695409	-0.465302060308485	0.54281052099501	-4.04343100104317	-2.24185512896996	0.803909273923037	0.773532837148941
K16148	-1.9930962601914	-0.936403433742552	0.290255113411296	-4.24040909323677	-2.60885642405968	0.361098976910708	0.816112011190689
K16153	-1.56241169369359	-3.75433282083514	1.79700398342644	2.46912388291374	0.326938376460264	2.10845378238022	-0.0860530440842739
K16169	-0.629344014288382	1.7312612133598	-2.16920864684547	0.499178359025866	-0.0226990276239412	3.84663227397263	-0.892462313655578
K16209	-1.02409103310247	0.91163178258893	-0.124734402727734	-1.31130345377907	-0.803109928335955	1.46998307305634	0.277842610594071
K16210	-3.53908195889135	0.604967971382113	-1.43039155108894	-2.16656823668465	-1.93176744815331	1.26940521794617	0.522945910211838
K16211	0.462482022284075	-0.214703608720182	1.19378393785988	1.52532414879814	1.25662566784401	1.03729796047568	-0.158959687236511
K16212	1.11971196734767	-0.406459252300291	1.86621951954399	1.77062181916252	0.747212485108565	1.65034875470459	-0.197890967611038
K16213	-1.04627421295782	0.468579311904879	2.3783682574514	-0.162456827497333	0.331885055337141	2.21400419074356	0.191659181829728
K16214	-1.25440969860692	2.16706414991376	-1.28461015326942	3.40298084702507	-0.690431698527147	2.49838832217514	-1.45255938220378
K16235	-1.45108857548376	0.740271826324435	0.600299513805259	-0.21615399632439	-0.525261982645799	1.84596654969513	0.231113999601639
K16248	0.936456920741602	-1.88985137170794	0.942503272462238	-0.718942003583759	0.858680502209852	1.59305259782135	-0.347750969711506
K16263	-0.897163061262564	0.256712098655672	-1.06546831233467	-1.05584402594551	-0.250743969645311	-2.42948123615921	0.330590039011277
K16264	-0.289440480829672	0.984387238559695	0.750541849899639	1.44724748816505	0.721234933171461	2.74827912646591	-0.2208594386613
K16291	-0.606635240675406	0.109817524490328	-1.45661938292946	-1.18217475924477	-0.60873274442177	-3.785036770522	0.263195544000901
K16301	0.211730512021585	0.455401857433291	-1.09156572921241	-0.26216925892815	0.0663166462220652	1.87969759303391	-0.241421893719398
K16321	-0.899640468718008	0.190471251544924	-0.849697352480542	-1.32225735697731	-0.224062695469667	-2.43752023380935	0.351386755224503
K16322	-0.314134863974051	-0.611795495214491	-1.06843745810951	-1.84139366660103	-0.620756908621599	-3.04120179814041	0.557034819837845
K16324	-1.04594555294652	0.430649180946322	-0.772247434687268	-0.668189125394672	-0.179798364009668	-3.47583505314529	0.29691240143422
K16325	-0.616889504553274	0.180257250604601	-1.77064955337013	-1.84034963164315	-0.35636560555916	-2.30819055241287	0.175167232271469
K16326	-0.50808611309667	0.00632846826073677	-0.920174242090832	-1.61272998366341	-0.707164987292101	-2.64735123318374	0.289680450674332
K16328	0.696861775754495	-0.234600682693152	0.416287756431449	0.445715786630065	0.163458437357138	1.16877483028233	0.0102488095724949
K16329	-0.488367704512076	0.124040295419665	1.17286246912514	0.996319753790051	0.450983152423094	0.763669075549243	0.185083239790238
K16345	0.740917401550814	-0.241722696411042	0.554810847062219	0.0913400181771818	0.397668228182982	-0.208616344153287	-0.0805854206120602
K16346	0.402196677564188	0.174923379955263	-0.918936015200268	-0.0865976384638246	-3.32031367656212	-3.03020688694656	-0.713345677140915
K16363	0.950779529450937	-0.700566868248014	1.27738422052895	1.79290525403038	0.906366721425245	1.19469946819603	-0.119417310241424
K16370	-0.69900157845159	0.171218087015124	-0.860069275927197	-1.28511448416695	-0.389257951941301	-2.66424128216446	0.285365312811173
K16371	0.438587280152841	-0.524072448673277	-0.756699324679028	0.264716041946561	-0.11245888408642	-0.153498856245878	0.183834284063614
K16509	0.130164833901926	1.86455531888959	-2.69868910415138	0.14848200764671	-0.183677389588167	3.57825353938401	-0.95160552907344
K16511	1.37435409629206	-0.771223108234434	-0.857333303522717	-0.550560312604755	-0.570704504217913	1.93443629342377	-0.302435637000763
K16650	-4.20514860546728	0.985685189304323	-1.4294998656031	-2.92787642989144	-2.92844031688194	0.925405817211268	0.968917697187699
K16651	-1.77630033886571	3.38782640272138	-0.103559614252698	-1.22830601248726	-1.4044089162014	1.93740216094315	-0.63465008187648
K16692	-0.519549516798453	0.271834720907183	-0.877985716890942	-1.05833502325997	-0.451866104569246	-2.34230682057083	0.27628377031926
K16693	-0.584660200239615	0.103830118713351	-1.14171552760566	-1.13423009428963	-0.522720738615801	-3.92045995396316	0.319052606340683
K16695	-1.78380456364293	-1.55346659845355	-0.427945316862713	-1.37026567969307	-0.109725206460764	-2.23638555210769	0.620011895414627
K16698	-2.52014651692052	-1.04837469285968	-1.43553173644508	-1.30987401518807	1.67172230843086	0.64883619743645	-0.206330255154335
K16703	-1.82004824078222	-1.48942605680469	-0.7513251314875	-0.935462193822711	-0.129240884747316	-2.23412462872207	0.672416060682572
K16704	-1.42353597080846	0.704916914043398	-1.03090345962013	-0.222324447965473	0.0203993559591872	-2.4381653944844	0.356758743044175
K16710	-1.6765986958756	-1.55835429853442	-0.773282052111279	-1.17108030829415	-0.286887093748857	-2.60887834232986	0.654921739813126
K16711	-1.54903569615026	-0.072858015956907	-0.400733650755536	-1.0317313245295	-0.252418949570467	-2.52953597706497	0.474638849016465
K16784	-2.02956238186498	-0.387001107397108	0.28377632694279	-4.2015196851252	-2.39128707286339	0.414741905511019	0.816441863294876
K16785	1.99423000419001	0.248170991477938	1.43198317186867	1.36453275170341	0.700937823090742	1.97569546300232	-0.0523917083775631
K16786	1.71958968245844	0.34574987464902	1.04142486946617	0.860734296703488	0.368959412608336	2.02789369422257	-0.109614998582565
K16787	1.58008167350154	0.758507807788821	1.09607469933068	0.701756817960889	0.409169212613295	2.09396389323532	-0.109247893575393
K16788	-1.69338264858861	2.99812169843671	-0.17047727210487	0.318820116782338	-0.266998364891817	1.6467549522525	-0.193804741386139
K16789	0.318194331763788	1.06004293733594	0.627047448325504	0.759780807161481	0.323367283377836	1.37601766187012	-0.0980099742447964
K16868	0.347674640058084	0.75934382253644	-0.961325169634472	-0.0633759072779115	-0.170823290314485	2.47001651126206	-0.525886551026069
K16881	-2.4683410207047	-3.31298760599139	3.30383026497399	0.532396321857125	-0.602226480212023	2.23899188834488	0.114494829889572
K16898	1.13358029925685	0.622810144958468	1.05917096035515	0.87402824845329	-0.0425149345062273	2.21294263202011	-0.310150221470558
K16899	1.12944624030451	0.555051763591738	1.13864040272271	0.205226970577389	-0.172427266206552	1.97847327786743	-0.19243115234729
K16923	-0.239095238806204	0.787065525588961	-0.638562918734204	0.273736847305447	0.416312114033888	2.68484321433365	-0.339045756045543
K16924	-0.605197219015555	0.471784074840517	0.582091173994888	0.0495358535291258	0.7944481528141	2.29797402221024	-0.177170664552414
K16925	-2.53281608021398	0.0763810473060325	0.662906839418758	-3.23961611304268	-1.12370382186394	1.19221261340439	0.638086169477738
K16926	0.343243571160837	-0.102510723235635	2.04786753551995	2.2210557886602	1.58830763462562	2.52757409411728	-0.137736887220108
K16927	-1.97157707607885	-3.50285581773761	3.2176393260244	1.62473706688896	0.58779771688957	2.53858164149582	-0.0677392487561337
K16957	-0.461854604841665	0.768867095050783	-2.1716429005381	-1.67282314810738	0.409783647093962	3.79878977137863	-1.05426481414195
K16958	-1.24018004334112	1.34712644392011	-1.56889808280433	-1.10986609969124	0.753360823426436	4.55796006518662	-1.09238836217281
K16959	-0.936888722540335	1.00936075025556	-1.86250865561927	-1.39717920336708	0.674817041192244	4.1010282357341	-0.998802394155227
K16960	-0.555787710310415	0.619280417499514	-1.02718162639106	-0.256472843026965	0.599853054318617	3.7796080430156	-0.859726727489196
K17073	0.0742788633094271	-4.67104629701617	-3.06158006293739	-2.73913546118721	-1.70103393432121	1.96038541394531	-0.462447301033699
K17074	-0.00220861828465857	-4.86715130037311	-0.51459634406532	-0.542376714086383	-0.519635304179003	1.91932192641556	-0.219853491071426
K17076	0.528697261749311	-0.179023182901172	0.258670925069202	0.321052206421048	0.308885798487852	2.42398551303208	-0.216983065489494
K17103	0.566213468252226	0.706250865993471	1.51521062748467	1.85851458992973	0.935023442540358	1.67231658297837	-0.128781438354217
K17195	-0.348714260221914	-0.00775174325945824	-2.31628906829322	-0.592354135846942	-0.515377863611986	-0.931591002165677	0.326439231153763
K17213	-3.33927097714086	-0.00141804939749687	1.79032564060723	-1.32634778532967	0.799205735955427	1.87781152325928	0.10823276590947
K17218	-2.41710105335851	-0.855527262153654	1.58288419144188	0.572826264166981	1.40240038994331	0.0565678198939539	-0.444277026239597
K17234	-4.09133472836156	-0.909503738346128	1.86242103474175	-1.8088104299067	-0.967083021368791	1.26912160414517	0.547596066709793
K17235	-2.78358617222448	-2.34747008508685	1.22459798948799	-1.7450086644648	0.248292402062605	2.37159803706467	0.129954605814255
K17236	-2.69177570736547	-3.22607974237445	1.13375639812981	-1.91446443114266	0.114966750774573	2.0080859978801	0.183290868517197
K17247	-0.736274031759695	0.360663910446139	-1.63314235312904	-1.29122801337227	-0.386124267544557	-3.81607314747513	0.331437915083207
K17318	2.31127509677271	-1.21346549219134	-0.859664202761304	-0.893259840345233	-0.112229078378488	1.36318072873413	-0.245314240936004
K17319	2.33907470309596	-1.34838716215137	-0.783229590487134	-1.01590056929573	-0.0388836705348986	1.23470904129803	-0.288800821188652
K17320	2.31158194148402	-1.20953689044955	-0.180985272955548	-1.00141199145302	0.0149683474339945	1.21342493790447	-0.281731784824096
K17331	-2.5351237336411	-0.381739358367948	1.26780855553185	-2.61465497527108	-1.81932352420311	0.899573298276064	0.4430410559142
K17398	-1.55256286060949	-3.82162074274066	3.14379227058922	-2.21407528433785	-0.0444030457399386	2.34657684165299	-0.0804194812810055
K17624	-2.3581754246964	0.538099666175814	0.937261729407657	-3.24523778471932	-2.30349586841088	0.973235795379279	0.591576069113053
K17675	0.658305006264253	-3.72232059663775	-3.70543229682411	-0.979067402219623	-2.34589670535546	1.09281838882029	-0.285706758979522
K17680	0.73353022539477	-0.538997332515745	1.34851109879052	2.83777956452385	0.736890450749586	1.60224595862686	-0.526496261838638
K17686	0.700968312262102	1.13004608922956	1.23790550129448	1.79275755372062	0.267915428314398	2.16755977469742	-0.127982795718872
K17713	-0.899176148535208	0.279966403779955	-1.27997350795234	-1.79395099196419	-0.335214390721132	-2.50807425182998	0.426562875028885
K17716	0.485967504023119	-1.04703460163119	0.814552186894763	0.979637069368512	0.560302034650038	0.991253355622885	0.126508682485855
K17722	-0.610707191587881	0.0797023373222068	-1.04194569690193	-1.49195178065285	-0.611534103121569	-3.82740852039993	0.286927490946091
K17723	-0.467011360289053	0.0117232995605186	-1.22119128806556	-0.810772257184833	-0.42359127041321	-2.64183470410049	0.271455794092453
K17733	-0.917852548719839	-4.2916503352547	-1.61881125075782	2.78174738373771	-0.321156098809053	1.65279290276825	-0.0925755207574002
K17734	-2.59565892613073	-1.87822691625598	1.20118117229973	-0.367939250802844	1.23695148590584	1.69470641213715	0.153163462396897
K17758	-0.544663933874563	1.56188615137097	-2.297629715037	0.78842113699928	0.0156284986772043	3.68853238421738	-0.819952726844513
K17759	-0.687453178526358	-0.832233051719694	0.67100281910931	-1.78059716734871	-0.394039138521959	0.524780007184146	0.355002194162644
K17810	-0.3292624632134	0.315830429134341	0.916757910418857	-0.365799801683277	0.454941616091917	1.17523470717728	-0.248161405805313
K17828	1.8986582478271	-0.250733139874963	1.27076059477364	0.770419371986539	0.580652669701765	1.87737533646881	0.0152754778826603
K17836	0.840748967765375	0.757522364196749	0.0646408190015444	1.65325264420524	0.640435591969679	1.48293119865715	-0.189465538147651
K17938	-0.572526482702688	0.0863043265914634	-1.35659694774116	-1.00790269885048	-0.425418420996477	-2.39341398876846	0.318768470999039
K17948	-0.306835798384146	0.385314186153384	-0.529340983461987	-0.679772811269611	-0.690573438372423	-3.74745675724685	0.114818959947861
K17992	-2.3934902230515	-0.886971334877042	0.735149799752582	-0.89896078619942	1.38557507160683	1.58301338750183	-0.565355077866279
K18011	-0.750139860273794	-4.64397243684772	1.14322996037041	0.522275743746907	-0.828630849089434	1.54530015784561	0.139983921762741
K18012	-1.26933195984502	-4.12709478563312	1.42688226597344	0.584503298366219	-1.7203520381115	1.90286520320236	0.0614702398741611
K18013	-0.947419671179251	-4.50262407487872	1.18561178343331	0.985842508936078	-0.976405366625597	1.58711466389954	0.145638912435807
K18014	-0.99193838036199	-4.51713327592853	1.54437076942955	1.14254079546943	-0.575236364569475	1.90307322341263	0.191050439592636
K18015	-1.02551570332189	0.844702561435671	-1.15484690768684	-1.48542292628273	-0.222267940010835	-2.93495103520096	-0.0139196817910305
K18094	-0.924469856382803	-4.32986597246173	1.28563505308663	2.7706745096685	-0.387182875838091	1.41607368189156	-0.0553141837155453
K18095	-0.864328650595144	-4.31546978181842	1.32853793995415	2.92439369645134	-0.450040831532289	1.48218575316727	-0.112993360046112
K18120	-1.85509529507299	-2.26889638132098	-0.853411675524365	-0.435318844652027	0.329696104560087	1.28097841340363	-1.47779014754649
K18138	0.881140442727609	-0.437330405178098	0.98476633327042	0.975676310920865	0.462407455477904	0.47841343480408	-0.00443574834223903
K18139	0.412239762185617	-1.1285494965935	1.30946493046318	2.09661499943748	0.693956331048201	1.34535041648209	-0.0975237195527188
K18140	-0.504138020636038	0.0608890252685264	-0.71760714156593	-1.60032029662117	-0.605988367762377	-3.93467828434646	0.296126156564988
K18141	-0.768187908293203	0.0980878668403342	-0.930307985376965	-1.46347971472725	-0.221329554285814	-3.65298387211502	0.2722487146819
K18142	-0.4911636391892	0.0581037896251395	-1.233753801417	-1.30705781493172	-0.456198229756166	-3.02303001087845	0.32910165142659
K18148	-1.54049005901952	-4.66781906312945	-0.661445022654187	-1.35387297186837	-0.249428942169954	-3.90936967533767	0.693896024938858
K18197	0.576583258970185	-0.520003656806974	1.40269380705391	0.6880880871059	0.882517532143782	0.605061831057665	-0.338958077613079
K18205	-2.39055767452856	-0.410042370619802	1.14197021620308	-3.20406098875985	-2.18219540950279	0.689798565686343	0.609411805387772
K18206	-2.87659087574621	-0.0710369003439233	1.20732349054848	-3.22908206496224	-2.22833369609337	0.685839833796618	0.737189024206437
K18214	-1.81320443546911	-1.18302581733706	1.08005648748909	1.86270765748039	2.33533956173439	2.22469380694687	0.0410221512282261
K18220	2.53588792884211	-0.724257211151151	1.40040594236885	0.342933384442479	1.43571056488533	1.50418010550797	-0.122223467115127
K18231	0.0495747050033053	1.02419730001447	-2.13250339133705	-1.58038230452523	1.35564817551155	2.50645902949631	-1.48414531398173
K18234	-0.53393855488439	-0.091266344251661	2.68879043953453	1.29755101885811	0.805155471596907	1.7717653234607	-0.0711162989174954
K18285	-2.14815917408605	-3.4655616683388	2.09251701729332	2.40902332749382	-0.175840570893099	1.89459625083267	0.0570449228251346
K18320	0.843944357870622	3.1995081501579	1.39137595789467	1.09494100298896	-0.988804801668932	0.0456124861842371	-1.26872167039272
K18324	-0.710207013250784	0.063755651054354	-1.1460685740229	-1.29999931368813	-0.429291679825594	-2.65841981571853	0.362812608000077
K18326	-1.41947617924352	0.404969890651675	-0.784198046755444	-0.883297758436054	-0.184484466280748	-3.41641971272171	0.411955266710556
K18330	-0.645507601858572	-0.442158515515356	1.94892537491356	1.79754499878898	1.57286061409492	1.84248969155609	-0.22424969125148
K18331	-0.852255968214468	-0.878586034240751	1.12900972263848	1.69584803071037	1.02831240061302	1.71720478135407	0.151810317751206
K18332	-0.854152588011221	-0.559709559145002	0.326655178237308	1.79407696213737	0.860475496087263	1.50334227281868	-0.0618937914406887
K18334	-3.48325243389745	0.186913718519183	-1.33247137172187	-1.81969686064705	-2.97944830295067	0.980099732161162	0.379482298609055
K18349	0.743105324147745	-3.0347562236214	1.05999159710442	0.198714537286908	1.03596676949043	1.89041117030442	-0.146527261022293
K18350	0.771822260855242	-2.87742451852801	0.140306203532566	0.198086900377423	0.463261351618956	1.87822053033173	-0.273796156529152
K18369	0.981211187480493	-0.458445961537389	0.779101936984409	0.464843775817901	0.825295344624708	1.76649376946747	0.0793570573294529
K18430	-2.21818676388402	0.526485403118105	-1.60137379271949	-1.43547757182106	1.04313625458259	-1.6682691256398	-0.229083061698639
K18446	-0.518056778074698	-0.0546895367527291	-1.38745999438728	-0.794736104345172	-0.450443699326326	-2.02423903149307	0.299620836492813
K18471	0.811997460363909	-0.278132337095766	0.407775512802947	0.936963809394986	0.20670504930992	1.23588240343392	-0.0868042414223782
K18474	-0.784569648863272	1.50509210401532	-1.96685326201881	0.989220900201947	0.407329604659269	3.91172722178757	-0.983900279287063
K18475	0.836517663835092	-0.58847106522563	0.420220262277473	-1.02471597704872	-0.693380936350633	1.02470407971427	0.161461084600724
K18476	0.345829101441904	3.0494825440025	-1.08825314147438	0.629323241973073	-2.46215914126854	-1.85063168209732	-1.83593216586467
K18478	-1.10002735054632	0.181009789047213	-0.621428371500622	-1.1692167094706	-0.172865375246813	-3.82812139195144	0.483656435724533
K18479	1.17360571229319	0.373643656311007	-1.90444624526466	-0.878578858709186	-4.36639974948387	-1.83843371075332	-1.29244318652507
K18530	-0.916986135603384	0.768721778926821	-2.06029546363319	-1.18105025801644	0.170316279564093	-2.0641841570729	0.28285047363881
K18531	-0.836431650282339	0.419587512550326	-2.0032588253733	-1.72716899428353	-0.176260455813219	-3.75890561741531	0.345363944288529
K18554	-1.60703173077245	-3.82292370027545	-2.24642121894325	2.69495300736442	-0.105134456720163	1.95084777671158	-0.0145065789258114
K18581	-0.0194438973679105	0.562632937965365	1.6245133866552	0.868189079427868	0.909597531590651	1.39701047736466	-0.105205119136535
K18640	2.25992593371729	-0.581020901861219	-0.719743014406811	-0.557279782628864	0.20426227215309	1.07898994731962	-0.173005387667381
K18657	-0.58713987267156	0.44702829891202	-0.873523951601636	-1.31779118094429	-0.289394899573137	-2.15066763561905	0.146944790598191
K18672	1.06443214619021	0.588785727558108	0.961499511170734	0.875147087240368	0.434535667929838	2.12828234034836	-0.163117319825851
K18682	1.83986863696436	0.0879985886192039	1.50224256413018	1.33036874022499	1.02654619577904	1.88459262448609	-0.141339034322464
K18691	0.772861140011354	-0.266954890402584	0.679810016322483	0.851063115263135	0.455421016249846	0.393000932515261	-0.100026071552002
K18692	-0.280814019800619	1.71868308359143	-2.35357964141334	0.213707638645321	0.169246763620566	3.63544538813889	-0.986349076513015
K18697	-0.841226963163809	0.0816113846873954	-1.71111095054115	-1.40788252863869	-0.453964962925722	-2.22685953777969	0.340549140688218
K18702	-0.884069947363333	0.497571070728274	-0.797640324663769	-0.95441003355965	-0.517050906386186	-3.45208999317825	0.208230167146958
K18704	-1.46055069363256	-0.395372579755811	2.9716266383413	-0.22094120297417	-1.04474686023216	1.87639597255051	0.214361637350357
K18707	1.78403672778468	-0.16189610859993	0.941636859345783	1.07389955010429	0.513169393572996	1.50579920607865	-0.152456760886871
K18765	-0.553856162191824	0.108659018812151	-0.786523939203869	-1.08396966967568	-0.415946587290575	-3.03278180760086	0.37746271443013
K18778	-0.863171128393606	0.26640792661664	-0.68739473922218	-1.48329694781288	-0.328788264956285	-3.69786283177078	0.32737407040242
K18785	1.20874926650385	-0.745497564735441	1.84409713642632	1.27362035002723	0.57300086382408	1.46979570585549	-0.122985303882324
K18800	-0.463580397726492	-0.0461304140711114	-1.02502358062233	-1.35644419703469	-0.528588517870714	-2.92874309223831	0.392470329519547
K18816	-1.68835583126684	0.972918351230593	0.390466167497981	-1.3352483085154	-2.91515420314293	3.35447481471359	-0.572304830435478
K18817	-2.20505681431432	0.537731190261812	-1.48965263469185	-1.24391706500038	-0.882594271864702	-1.48856827419937	-0.336471640053951
K18824	-1.83157625591894	1.83407827192304	-1.88231098754371	2.86346892800346	-0.144325985874941	-1.9676425139302	-0.253279537442886
K18828	0.0537875016913851	-3.1788049144173	-0.396110952925335	-2.70069237265572	-1.36695538398247	-1.86324474018753	-0.465715770158731
K18829	-2.4514121094956	-3.01384643739703	2.20211756126915	-1.3808261922358	-2.84500263568382	2.15978339511215	-0.162820220473968
K18830	-1.37222257053991	2.10811730199811	-1.31876516444648	2.92504600968376	-0.457072689499666	2.38063588935196	-1.30390253711101
K18831	-0.390306560160116	0.37563039833066	1.14007854359185	-0.00550116810783707	1.08101286057014	-0.195937482535245	-0.169736803058349
K18837	0.0905304869399508	-2.53847293085101	-1.24314630134071	-1.72899957213387	-0.103604643907358	-3.40042373341263	0.513919323202408
K18838	-0.362023083330588	-2.82196263498309	-0.974240542482983	-1.68150611433968	-0.445448621477892	-3.90351745289505	0.816589205976761
K18840	-1.07221737301488	0.574097772178622	-0.868292094301831	-0.54972572836861	-0.30706791516762	-1.652796951949	0.214612274881638
K18841	-1.98314896023412	-1.76122049516681	0.209582327771533	-3.38672180685982	-0.129609882201959	-2.34456535977066	0.707079499479569
K18842	-1.48429527676244	-3.52217749780658	0.214789955783237	-3.21733446631417	-0.240311487879564	-3.74725791615188	0.608581155058182
K18843	0.357283266423746	0.974918087062807	-1.27960288627113	-0.00203366789802872	-2.38933585521202	-2.31595870655716	-1.27943226743098
K18850	-0.673926381231741	0.0629804330444053	-0.962670088839184	-1.21851070437416	-0.467357381548693	-1.77534958523453	0.277275710817612
K18862	-0.617882279516653	0.633044202861758	-0.153502226900708	-0.941010670995563	0.736949340138624	-3.74919387501419	0.540899961706437
K18887	-0.612445382238821	1.41535600000379	-2.29337871177162	0.430542627090365	0.237035945687483	3.52886274653733	-0.75462323475238
K18888	-0.388853875757651	1.44054599576947	-2.39140427215065	0.288892088198811	0.264049456153105	3.50658419925034	-0.842816770557129
K18889	0.696739593683287	0.0652492838477805	-0.352009655069958	-0.176886754369586	-0.221131488051225	1.76326582032501	-0.153336912873947
K18890	1.07353714310984	-0.326632942023306	-0.298057259153973	0.372532156968266	-0.0802924552224177	1.58330914574921	-0.100429654601776
K18891	-1.9595417062058	3.28541870885846	-0.895197988581311	-0.476159530019611	-0.410279020037462	1.68058875399887	-1.37653717446681
K18892	-2.39092126286168	3.35211630636212	-0.927834511828076	-0.560306864118427	-0.24763940211754	1.6092583258754	-0.948316306356155
K18898	-0.595015792013601	0.185723056135149	-0.799503327440869	-0.918124513959735	-0.317579283680727	-2.56616517704666	0.380396216627396
K18899	-0.913071898580984	0.191516627607317	-0.769080401491772	-1.2878086141108	-0.287135794129183	-2.85855528515518	0.410174458738602
K18907	-3.20826950466772	0.261495162782641	-1.79983008010353	-2.75770731482491	-3.74344061252098	0.945293428481219	0.650172441717423
K18918	-1.46526089108129	0.135650833187075	-1.64353525741066	-2.02294297728524	0.0603368661143286	-3.62332650822342	0.527518599745072
K18919	-1.19932713902135	0.628297408161135	-0.345343292784344	-0.810557680463642	0.373482630286406	-1.76521941822708	0.411976724382676
K18920	-0.417918352247671	0.95741625600812	-0.658351183962475	-0.609651046132892	-0.0438696884773272	-1.99653813046158	-0.039174974445068
K18921	-0.35627856648107	1.15477462583539	-0.981826544832837	-1.36326785597786	0.471688673529814	-3.57028552693069	0.0395888383353122
K18922	-0.248695997358755	0.0171168195581153	-0.99728870494331	-1.83563633475289	-0.174098461236765	-2.59281679791153	0.423621326204575
K18926	-2.58949222958227	1.44192143255231	0.814996628928531	-1.54230685744271	-1.65748678084831	1.30893320041954	-0.0412760679757229
K18928	0.6394542066143	1.05622013383863	0.408407038915504	0.305829656982571	0.312124536071013	0.299850853264926	-0.129838407520019
K18929	0.921154948113962	0.720409055290194	-0.0114231715914122	-0.0765160492418703	0.376865491900633	0.132237168133853	-0.0588906710183255
K18930	-1.3942432681336	2.77319379621503	1.53541016476189	1.32427607264534	0.329351500306318	0.848395692289469	-0.142680675271713
K18955	-2.1071681061997	0.184637655553789	0.995992927718509	-4.03513975653633	-2.09872911807518	1.12608289170325	0.780947893377579
K18968	-0.558967737318472	-0.0891713229441926	-1.4031531821009	-1.46934218916878	-0.609037145342638	-4.02019855183304	0.36193194937352
K18979	0.577548418356582	0.334501882133456	0.641052364278186	2.18340532269493	0.296202794346998	1.97840514975846	-0.164802492145263
K18988	-0.638067988516287	-0.15491276508811	-1.65043056113685	-1.13401194128975	-0.46482782002907	-2.45405313175857	0.318803339716233
K18997	-1.21593513882299	0.630722125110598	-1.13231051070655	-0.405725972986072	0.233068168792914	-3.11296245258987	0.180913060423172
K19000	-0.90791693127294	0.506768901882143	-0.998352290224682	-0.796033816671222	-0.105484470095445	-2.8862981478566	0.257903187986649
K19002	-0.473859933973745	1.82596655660626	-2.2705026875254	0.460389183575064	0.54158224228401	3.78288892108261	-0.909253895763122
K19005	0.382132249115511	1.45121427350995	-2.7251142273661	-0.212557690477222	-0.195214613642504	3.05305913287461	-1.09091988253947
K19046	0.332843186496302	0.0981381731605247	0.696209876704563	-3.25001235518441	0.485985771451185	1.71824172335922	-0.262576833847725
K19048	-1.0314708033814	-4.38750271028522	-0.706789852213513	-0.813207702970355	-3.61401985522728	-2.04763290089309	0.108818441149033
K19049	-1.86760321056981	-0.354884873094587	-0.127121389937054	1.53002099480644	0.584017947945784	1.73545941907227	-0.232247978929245
K19050	-1.56253686344762	0.281862934169741	0.857390998769153	1.18280134882942	0.649543896947096	0.332292111695407	-0.105014235261642
K19052	-0.6979028264298	-0.413516427340536	0.3933466588143	0.458455610761196	-0.121151252951433	-0.644024101912382	-0.0206253831421963
K19055	0.804880025027796	0.719944496688814	1.56291997330223	0.29012837793842	0.0609275798090202	1.76056257087052	-0.197782084826194
K19068	-0.151135114790396	-0.751787523689298	0.80190077321564	0.154495967292935	0.305373803410719	0.875926168740389	0.25163355421666
K19075	-2.02985659039159	-1.06945310062411	-1.56623518569435	-1.28526766810402	1.90579296711464	0.219528528035281	-0.453126594904625
K19088	-2.92597165501256	-0.556076387825041	-0.845389367174756	-0.554893093442767	2.23490764263649	-0.704521862685087	-0.63008455980178
K19090	-2.05312767422338	-2.74286917871478	-1.26005280120338	-0.877291279172748	2.29599143627662	-1.09543773335159	-0.815710038427078
K19091	-1.93309727108617	-1.30444518751147	-1.46228957278694	-1.11803193602547	2.17085982922096	-1.36755153340042	-0.641542912009918
K19092	-1.38355567848821	-2.59957794374469	-0.805034280848157	-3.75845070395455	0.267016575370024	0.770676018775103	0.522410302873886
K19117	1.0143851658092	-1.93206326192859	0.207745312619556	0.722104249262959	-1.11149690982323	0.648238571465609	-0.229620829704963
K19118	0.516239436505838	-1.47741572088244	0.930759697127689	1.1656940409185	-0.0321274020932215	1.11369694966137	-0.0891244714295498
K19119	0.748781250952288	-1.73809901899341	0.574822380113948	0.760638696813733	-0.874235793318559	0.594830425561068	-0.152330220226013
K19123	-0.620887307287649	0.175668885049792	0.708077742624629	-1.84391828093514	-0.28423266049843	-0.00978848141372435	0.272073775049485
K19124	0.0461857637153109	0.314481397209139	0.903808354306568	-1.74645014319405	0.609463349614332	1.60390392142594	-0.16066354561206
K19125	-0.56171479618688	0.496905346450777	0.803460149932254	-2.97693963561043	0.61708672407646	1.43960422474205	-0.0452930038010708
K19126	0.0546462258086642	-0.0348301482820794	0.589941202569354	-2.67550154242501	0.190074220929335	1.04680608409703	-0.0613617007767788
K19138	-2.41564646160741	1.24777122312543	-1.49803030593361	0.196990234518201	0.660663381848524	1.56352713900864	-0.218920588973724
K19139	-1.59931435978551	0.281641443309756	-2.21386563880409	0.334868622684628	0.190771148238371	0.752149434865115	-0.061270773891174
K19140	-1.90504041111608	0.862401803073855	-0.4623287926432	0.436684855932147	0.253736749921034	1.32155487138092	-0.233525336269104
K19147	-1.86573305523534	2.6857473450279	0.991229354310382	2.65604047265068	-0.97679470416527	-1.37534996670425	-0.661900163177215
K19155	-1.33378544247289	1.05991121107099	-0.209632576536786	-0.867945390081256	0.00922694306452101	-1.73767539662063	0.224919825311936
K19156	-1.38254931366582	0.902541478214236	-0.750321627688061	-0.78802819762215	0.253294960293959	-1.91823169392288	0.222412436720169
K19157	1.8198715170608	-1.21952442354205	0.876235990691532	0.626117719078213	0.979058042798231	1.55618718463242	-0.0121161346470944
K19158	0.542520368634268	-0.0240271938467309	0.208900003600467	1.08536813941017	1.69124032619972	2.45433429080307	-0.444781233105623
K19159	-0.890855220915274	0.845848758754702	-0.159007848333966	-0.320149021482318	-0.0529271953962343	1.61249509650528	0.0477887983286747
K19160	-0.709002403379873	0.258329858121844	-3.09370291335548	-0.66074605498299	-0.640367313589861	-3.49894019764602	0.156764298197068
K19161	-1.43801918423314	0.560592790183993	-1.66196906669105	-1.31652672801003	-0.0906319835446375	-3.36318895024002	0.39254650425557
K19162	-0.607499865652517	-0.0465932292366311	-1.6286467324015	-1.42656226668343	-0.871122165884783	-3.71760198277176	0.22949638914708
K19163	-0.914979366423086	-5.2619119090462	-0.712585331034314	-2.89164443526253	-0.383739783730318	-4.58142682713211	0.753616064306534
K19165	-1.62468376553197	2.25127907567975	-0.108211220335614	1.86407939877525	-0.241874828305055	2.11244562465012	-1.13043311286327
K19166	-0.663445142866568	0.884359558162661	0.324014990496982	-0.200430231427997	1.03319121960182	-2.85664030712784	-0.22993020761367
K19167	-2.21199217236181	-3.26538972085956	3.4477111090902	-1.66974444899544	-0.322870149578859	3.02797046500504	-0.11519435096141
K19168	-0.626750020147757	-0.00677184289935082	-3.30384147269691	-1.03688664946541	-0.354569181170275	-3.03625365894974	0.285087793585099
K19171	-2.31659188664098	-3.00793246454242	-1.49613595111335	0.925565583372265	1.71867312553902	-1.53895684879959	-0.295490384582245
K19221	0.593925318377568	1.34099455648419	0.322301103639949	1.2746531793119	0.506177291903685	1.47419205504715	-0.0890923445260159
K19222	-0.956177500845389	0.0714211958026603	-1.15265560252632	-1.05925817999825	-0.425623460974504	-2.66689011257828	0.31765362572316
K19225	-2.41061273014684	1.14005692773816	0.512553824949611	0.107673717403561	0.00977787438411539	1.56347325640976	0.408360749002732
K19226	-0.929227260710196	0.283970375595064	-1.04488062961067	-1.03571875605568	-0.309342160191347	-1.89657589596451	0.275617926832474
K19227	-1.10441222584386	0.321086664733858	-1.41601324183906	-1.43130989584908	-0.409305109944155	-2.84474584263504	0.350227444883622
K19228	-0.894119171263174	0.0954269068813041	-1.88920104606117	-1.06588848147377	-0.334825738634874	-2.28285500210464	0.243202417608536
K19229	-0.479898122908072	-0.0342665118599221	-1.73327839477028	-1.63866324934944	-0.611152454581072	-2.5151884238118	0.303197830435074
K19230	-0.658615140081839	0.259747793016405	-1.26742780311073	-1.2834220698832	-0.29744957324486	-2.46870395344436	0.183128684278763
K19234	-0.90927555954595	0.268592198429079	-1.30706811053718	-1.07388194117531	-0.218259855475237	-3.6728279272908	0.33763870548848
K19235	-0.73843541538854	-0.179559088262348	-0.872788668703686	-1.39493675742134	-0.438008739914705	-3.18942042988479	0.380534737821854
K19236	-0.822263983847098	0.148435493049593	-0.853663922381054	-1.27645440611824	-0.473390623297502	-2.9139921347493	0.346246748682297
K19238	-1.23815074360509	0.739043911037417	-0.385864199232709	0.0989589818955962	-0.0618082874677675	-3.25906488102615	0.258494227644242
K19265	1.32127282225947	-0.384882579507856	1.21805822746788	1.19691525187507	0.570300892625044	1.50395149189293	0.000564217087066998
K19267	-0.741357115866141	0.699926813182802	-0.406876922678601	-0.55435104880318	-0.19000510808449	-1.48096391361892	0.280765205141343
K19270	-0.119581667543844	0.0561623173331931	-1.43714535338844	-1.71829600844368	-0.459553613629152	-3.17464324635208	0.339879184480942
K19271	0.871001335023447	-0.488809744777708	2.53298532860314	1.75578777279869	0.875318006310652	0.959508122981188	-0.26827400970813
K19273	-2.07587876713415	1.18986614519116	0.130624084639896	-1.06903477225289	1.26660765770454	0.357040019810793	-0.597041249755584
K19286	-2.60536375439306	-2.1661631268883	-0.760572076868664	-0.409493105745166	-1.83034633037071	1.49567005235016	-0.972100586179458
K19294	-0.674851564527945	-1.93810085481647	3.06256306068932	0.0134987660886351	-0.471608444418718	1.99119541245758	0.21066036772374
K19299	-2.39380636608739	0.929142792758913	1.44449466364418	-1.46327968153939	1.34194065693397	1.22111797529518	-0.156174928430282
K19302	1.39089969003062	-0.0518746328974053	0.426818034518112	0.643083972597272	-0.0127691135964888	1.41702565747559	-0.199378297213279
K19303	-1.0435831824555	0.247753192720385	-1.58185994727577	-1.02932377371773	-0.439680888619234	-3.33602401417434	0.215243607279099
K19304	-0.688744811178641	0.185252984104128	-1.0320366631266	-1.45729966673836	-0.382375254597475	-2.43235346478164	0.301129489656723
K19309	0.980115356086298	-1.32724873250964	2.63683354752098	-0.721102910375446	1.49274899128456	0.968815388262866	-0.401340490687453
K19310	1.01970240676264	-1.50056258863452	3.40879809753929	-1.50108166251168	1.49140168789406	1.04312109585166	-0.587158918861114
K19333	-0.618061212660269	0.195679296789141	-1.41119563682045	-1.16372330698952	-0.496556326117327	-3.60918304127395	0.18068411898259
K19334	-0.363679138781027	-0.112232240798502	-1.15281009776558	-1.39895363364205	-0.680919631686022	-3.3657948653096	0.257448404547013
K19335	-1.30684795773168	0.847074111041994	-0.100910783838879	-1.15642400298104	0.367665544781874	-3.27543088597	0.301797121282853
K19336	-1.72837605869909	0.846253951129885	-0.0895023952242247	-1.38482459101662	0.419743732247542	-3.14523002308548	0.40592631649617
K19337	-0.611135391355948	0.165538539228411	-1.04032957656349	-1.52705760512337	-0.352193220820238	-3.66801377934158	0.214007466551102
K19338	-0.851587323309378	-0.0610986155891702	-1.28530418975319	-1.84167261633858	-0.496676787104418	-3.80926343601883	0.378191202398575
K19350	-1.62284794247289	2.6470179157829	3.2735544432882	-1.23915203127846	0.696386829648207	0.534659983695147	-0.70503759432193
K19353	-0.37696537172933	0.066311826047869	-1.0652397881266	-1.32687528643593	-0.0937538736722963	-3.90491696995437	0.226409166570938
K19354	-0.596090582968191	0.319055874881716	-1.25259959800209	-1.26684923682198	-0.420480146374513	-3.92968913716018	0.331207721945084
K19355	-1.76159134304662	-0.632268111171751	2.89774572746788	0.658540157342106	0.43243603471298	1.78958192664444	0.139924138304032
K19405	0.174441369412943	0.893591721591921	1.53913164036309	1.9721634813787	-1.01316343184929	0.538405241549609	-0.154573768857681
K19411	-0.308436838747458	1.23165067010877	1.60181164639031	2.58206514801994	-0.655066236223986	0.855847882211802	-0.249066666249
K19416	-0.649769095541433	0.137471248445483	-1.50590574843849	-1.21481402430519	-0.501660987105181	-2.86401340168655	0.214158862348832
K19429	-3.22679224407812	0.979417045650454	-1.12986505134071	-1.16502960238442	0.878376261029432	0.306964846432803	0.00725135159138524
K19504	-2.23409738934179	1.36296542459485	-1.61816823584999	1.96247283902183	-1.66782544490318	-1.69271942776382	-0.220998526099884
K19506	-0.914233712316946	1.69799979501721	2.59934174912011	3.31440071549431	0.938440099988173	0.94368817853987	-0.770847052816116
K19507	-1.95883264935155	1.20712371641156	-2.18108189208473	0.78498057808891	-3.06687925693016	0.52797112065613	0.153183608766831
K19508	-2.31472196972509	1.46771117025373	-1.79650294883217	0.812021864318997	-1.28946576949577	0.929137984395621	0.0313341314757236
K19509	-2.14467063343664	1.34851296716687	-2.36443436248268	-0.353181200361102	-1.39367924567681	1.35292756754219	0.463822036501206
K19510	-1.83408608830114	1.5356555777168	-0.395034612249981	1.05821864094749	0.322463051114271	1.70030966597855	-0.099340260509216
K19540	0.0401765426383456	1.08062728219983	-1.32638299567665	0.218357039356381	-2.78764437076073	-0.810784904181364	-0.976922661546432
K19545	1.35486081445078	-0.207349137818991	-0.006646812986981	0.0173293777944151	0.0912418222763044	0.51217237311661	-0.273242772105896
K19577	-1.30787542259832	0.574942906436892	-0.415904880594861	-1.04671021018013	-0.0595412471554774	-1.06325790089309	0.331683367010392
K19591	-0.749674347998099	0.0865643816566184	-1.55804717643226	-0.927176194524616	-0.447170540060808	-2.28077551525772	0.339089184519089
K19611	-0.621295599104361	-0.0184694183492944	-0.664634824823987	-0.815020041799396	-0.556057556834032	-2.93821045559585	0.362307756658829
K19688	-1.8305567780747	0.997963269290896	-1.66768038375343	-0.752655344343036	0.221233487758825	-1.86015841168106	0.198597937341965
K19689	0.193167569278284	1.42053123289105	0.868458270001758	2.47426466431633	-0.105488299693872	2.78521684008896	-0.347991727772915
K19709	-0.634581474424795	0.470072348651858	-0.63996255500282	0.212752295398862	0.0964231869914038	-3.28568860691726	0.00999125790242039
K19710	-3.02493634617467	0.22703101211545	1.55870544807946	-2.55340023550972	-1.67963348266106	1.34492665726006	0.540869324919022
K19745	-0.825733927847342	0.581059117851229	-1.22567057712043	-0.94867010626778	-0.126946493353655	-2.5190136114949	0.241186290499009
K19775	-0.450096038938955	0.0688073235130027	-1.28420245749916	-1.15367908987984	-0.454996123280336	-2.48911163014114	0.31472405743245
K19776	-0.340465692640738	-0.176257180931596	-1.36730730636085	-1.09025044951424	-0.493734105791857	-2.37899419468582	0.369766681906021
K19777	-1.74251284992834	0.671752651271792	-0.449725688528668	-0.740892129278034	-0.0610536181591051	-2.77996727627456	0.216727226492203
K19778	-0.822138218046621	0.558595855770083	-0.905033827852856	-1.642697768545	-0.349034949507524	-3.31679746311844	0.110066145178116
K19784	-0.218129245401816	0.0968484180545524	-1.74765598876442	-1.11781116042122	-0.642370148863603	-4.17096063297928	0.294204383608139
K19789	0.278378607867761	-0.0513384742164895	0.632055981922496	-0.0408178738115724	0.649566010270308	-0.600415198027494	-0.16822266626712
K19802	0.761725293634935	-0.56444505876544	0.37885311888491	1.074512047434	0.353928134474943	1.04002131066531	-0.0404206817185513
K19803	-0.315986482263998	0.24362333589551	-1.09437441928352	-1.34710951361641	-0.481493159498979	-2.96147200268448	0.0316433007681736
K19804	-0.704988507391409	0.038409684834452	-1.09764051539863	-1.09122462782845	-0.420940890278627	-2.41060110729873	0.278895467039383
K19810	-0.399257210852102	-0.0224699330950066	-1.26130032641853	-1.6314250997065	-0.411988898482134	-2.45459291142166	0.332427888628281
K19883	-1.42224564945836	0.93964703851697	-2.11475169761146	1.31061421122566	-0.739094361033251	-1.04299065273941	-0.278381020311081
K19955	-0.0472446361794034	-1.29957215017322	1.46881097452675	1.9000997969152	1.03027464512367	2.32375279265702	-0.212584138396942
K19956	0.0292290171370944	-0.649694989385633	0.21415942804848	-1.26720412287697	-0.482669039931108	0.920206988335249	0.454713969942368
K19971	-0.393236366869406	1.43630131059644	-2.03382384879554	-0.246917920446246	-2.48316572543602	4.25498083430588	-1.26279178309795
K19972	-0.833795813681082	1.67743237787244	-1.52398669822181	-1.01278145823464	-2.63321398135643	4.45004347163498	-1.52197590518352
K19997	-0.0508526245369474	-0.666331033172636	1.91802966492211	1.67305306878105	1.44498552444954	1.00737946491003	-0.338821262601577
K20038	-2.84449949658056	-2.83270005411151	0.350072964001048	-1.28520877871498	0.972372309003065	2.38675311404526	-0.0961374943291775
K20073	-0.83291521465917	1.48344202810285	-1.96340239150489	0.349322361612469	0.0393561373241646	3.76401427584946	-0.964340121034347
K20074	1.77512511813502	0.164245595273943	0.643540530372013	0.772399736309201	-0.0942800932786959	1.83569261628449	-0.172895491603576
K20112	-1.85950556194921	1.47567017847058	-1.26752460105385	-0.860528784131854	-1.03342066642265	3.95843294459641	-0.95167729306575
K20113	-1.70073929226537	1.77035959535596	-1.14948606593574	-0.709659414625018	-1.02897725936394	4.14252522784531	-1.25053539920207
K20265	0.801700668571993	0.316843529281588	1.52177977459465	2.40737919297233	0.621032074723433	1.64580032426178	-0.201584086302482
K20342	-0.748881129385428	1.69418807798383	-2.04092276198829	0.913459790611416	0.491417810950468	3.5221708138591	-0.937294453862869
K20344	0.446447165845438	0.195691694555254	0.540165877807487	0.816519362592847	0.896027222905348	2.28461507159531	-0.326435119394027
K20345	0.171110602258249	-0.20183157450202	0.569888858962406	0.914943767452389	0.575353935990523	2.04647913771927	-0.25415904868003
K20373	-0.456331996084646	2.35199805074689	-1.45188903911079	-0.920040207242816	-2.53715465899925	3.77055242854416	-1.94594195533153
K20391	-1.26784637367864	-2.41355113214496	-2.08320629699196	1.32422809090629	1.63309814098854	-0.00248130959213011	-0.43654244441148
K20429	-0.429212478758291	-1.24863485521319	-2.85648715598549	1.36540673460975	1.679339305196	0.134966524422762	-0.307308450821602
K20444	1.17227855527262	-0.150819732757835	0.970949946809162	1.22896937813774	0.527662560973356	1.85790988999665	-0.260603756192886
K20459	0.251143993972345	-1.28284601396564	2.83743703262841	-0.599926190709918	0.618456617627333	1.53867754536927	-0.0708734099900357
K20460	0.243749143718286	-1.25321141904834	2.54692661659752	-0.930155949926227	0.521567568812559	1.24127720493138	-0.076264054063522
K20461	-0.122730759741263	-1.04374245828631	3.1545768965963	-0.364720242357105	0.93566902044792	1.73477706509888	-0.164892077926361
K20483	-2.30572500622411	1.02626629644391	-1.68382322890724	-1.65415235075936	-1.16954515811424	1.26021893519223	-0.0767040257489315
K20487	1.69056758487086	-1.19520203298572	1.18338882820641	-0.0556086472032961	0.564499155316542	1.92588940459549	-0.118293524268829
K20488	2.29256293380122	-1.58716181940082	0.693413688707698	-0.134724157190173	0.269459039602469	1.35646799403488	-0.0842685406243435
K20490	1.13509884679179	-0.973456005516081	1.86516392128502	0.303138656282574	0.845456734929274	2.05478230315506	-0.0494748656785122
K20491	1.16169229352336	-1.06868223375323	1.71286332504784	0.11269406762138	0.705154315266798	1.91203633147537	-0.0604438190495602
K20492	0.198467018245264	-0.721650819244413	2.13448595898186	0.487768085879982	1.23013450268287	2.44242909747422	-0.0999132995640866
K20534	0.420542525290056	0.972602088985415	1.96145129101311	1.39270590033546	0.93206520441551	1.74052897292435	-0.288843214992248
K20541	-0.528776196600393	0.18345453315732	-1.13979470832313	-0.926340656614154	-0.305644288029482	-2.85502144497574	0.355298488851822
K20542	-0.769888905645804	0.256888349590273	-0.787790061068188	-0.700223403310626	-0.116681455936243	-2.20857450169266	0.385487287756241
K20543	-0.195397345186667	-0.255146126213102	-1.34993755919899	-1.41805799517617	-0.380004360642244	-2.74836680096328	0.401872306581772
K20765	-0.813676504255728	-3.73862818902972	-0.328395963740002	1.55587820496574	1.58646120193977	2.40375259715378	-0.710460633519851
K20814	-2.01292720234533	-0.437544400754003	0.188771336245883	-3.9841329625605	-2.24103401538353	0.574395330727694	0.744161337133683
K20861	-0.489215163351492	0.180233855781527	-1.26845848662819	-1.21826012644753	-0.574208720888903	-2.91923829716385	0.176164537187851
K20862	-1.37478819286962	0.831842620906801	-0.996005297732007	-0.395610826349109	0.27147358718891	-1.47571155232132	0.393902331110276
K20866	0.503571191965147	0.0172931300973609	0.200944929290164	0.452235473060757	0.590522483620833	0.387978406727908	-0.0482583944832913
K20881	-0.8961849490418	0.0332446145391181	-0.650775672030102	-1.52605076346382	-0.470656141009142	-3.08898755711258	0.474221378084458
K20885	-0.0767449418320219	-1.93048004335406	-1.59046661956276	0.320411367082745	-1.25460253592949	0.434959562600253	-0.408273797031306
K20903	-2.01458254254003	-0.990069369735746	1.4979344596151	1.45956454958931	1.42234923008461	1.88843843537628	0.0613029892409214
K20904	-2.68815794384618	-1.07190022892001	1.39950221674477	0.127601606512219	1.19080759647865	1.39687487679779	0.106886058565415
K20976	-0.193575648428396	-4.79606966203692	-3.17769134147133	-0.594489770269245	-2.28400705691796	1.42115965682328	-0.135199517492019
K21011	-1.41297331249853	-0.268647792699365	0.765643148589481	0.612743166947514	-0.166254877414514	1.80406704741776	-0.0157799427544705
K21012	-2.26613345539709	0.460689147052737	0.490967751387108	-2.01841397795662	-0.556407555308153	1.90647790032685	0.0857277209723362
K21021	-1.10784223473211	0.598739286003084	-0.918058873247754	-0.890319900846332	-0.0369518243930834	-3.34540626209915	0.250565021749771
K21028	-0.768737820745901	0.0221519219255164	-1.18497943980659	-1.58015008482918	-0.496472581591417	-2.36911174458206	0.387226312872208
K21029	-0.144305316568808	0.226281513509722	0.901619910168994	0.261687813067586	0.666265741620253	-0.108447639166715	-0.000289351228438983
K21030	-1.17698195374151	0.105532546577425	3.34247815506493	1.03569440331474	0.0740673995353681	3.28062656718552	-0.344574474278652
K21063	-0.180026916624502	-0.323926973106889	0.87776097552811	0.836534632110745	0.960543946061323	0.221170755208132	-0.313683644417488
K21064	-0.351693181158499	1.51256843381879	-2.41974532706703	0.189852459097058	-0.040871038403322	3.57737425166428	-0.844498843435012
K21065	-0.664650348783926	-0.752671281757383	-0.83567047221626	0.522814636790902	-0.219959362711717	0.205247374356387	-0.0213068430459133
K21071	2.33136567675929	-1.0466632050896	1.35602646963631	1.30415521349922	0.526577607426832	1.7104773839122	-0.0829696660077206
K21084	-0.986409453512625	0.303987045822115	-1.05075836284126	-1.17779179129586	-0.371534957852175	-3.67597171467483	0.366838007684983
K21085	-0.975129155279593	0.297925968704195	-0.882590056490552	-1.07889922175392	-0.294026597704698	-2.00709482830703	0.357833176370896
K21086	-0.699121979834036	0.178508569536181	-0.925495267939221	-0.934950905179828	-0.29601319071274	-2.42359921139419	0.360546677824295
K21087	-0.802104977728323	0.248977323112459	-1.01186370952095	-0.900046663617938	-0.2019399249218	-3.5611393133992	0.237555294748581
K21088	-0.726705340506033	0.317750711975069	-1.3937492380854	-1.05594177756295	-0.274003937210848	-2.72976800602615	0.193251102682389
K21089	-0.690442709089712	0.0644690590476707	-1.32773399455513	-0.835971432065814	-0.505723043646623	-3.37020703953445	0.331036537405289
K21090	-0.869424251676993	0.208823581275912	-0.836368681025158	-1.50130148444161	-0.323716952767183	-3.65252801579178	0.307226031538285
K21132	-2.98664989864965	0.149198432502718	0.693977906275142	0.497482791283876	-0.0468938418887156	0.365746768296359	0.167765706297196
K21140	-0.544325617910818	-2.1896565360451	3.02259790794884	-0.182276504373401	-0.0986976021192568	1.93537077504456	-0.0323664848839871
K21279	-2.28659310734411	-1.74641732400897	2.63955533402001	-0.0607299378870424	2.04618574741859	-0.0363738219136023	-1.85851636577006
K21364	-0.359216598631338	-0.568107257547407	0.758258431125034	-0.239721494054645	0.88597305181999	-0.0503152291172766	-0.370878126952612
K21393	-1.32850804722448	0.442370970783205	-0.169050396513592	-1.22946115050301	0.0737884274460775	-2.11428019207657	0.362229674574173
K21394	-0.971929935575918	0.526205320892306	-1.45379078490699	-2.48736544165596	0.185608164105604	-2.86428472202957	0.266874581095017
K21395	-0.455192116857962	0.0448882775878623	-0.714482189249646	-1.75451345953926	-0.578564509119799	-4.0732185522908	0.345484226461686
K21397	-1.08135798370977	2.16965218358991	-1.14734709365333	-0.660364942884296	-2.20931909915428	3.98130586940109	-1.81229856658336
K21416	-2.43147268688817	1.31105204397199	-1.48841774566139	-1.35559518847451	-2.82681773540001	2.48691025573075	-0.219052881482803
K21417	-2.37922611630102	1.40418918901441	-1.42874586684669	-1.22603972468361	-2.72042368289452	2.47723892527878	-0.327426575604641
K21430	-0.933101920248465	0.31968774372098	-1.27110779387916	-1.07859643015847	-0.355435415472795	-2.23021361035049	0.365095525499619
K21449	-1.11550047791143	1.25464864545819	1.09533327715432	-0.367263393735736	0.871027604375075	-0.694937316595914	0.242051511522568
K21467	0.439323919056459	-2.48176221078876	-1.16498959166969	-0.39650352511391	0.728116110596846	0.501922162354586	-0.260502383593284
K21469	-0.806331185461477	0.200564612684222	0.503367158257935	-1.67036624464974	-0.430619015660097	-0.851890532194974	0.419443696256913
K21470	-0.566381005407766	-0.0529397380972192	-0.817405701708447	-1.31267710242256	-0.328887953724672	-1.2220759074086	0.322274535414017
K21471	0.948737265704676	0.502590616283388	1.72305667297875	0.466004838907868	0.323751912150572	2.48980584937393	-0.104025006774627
K21472	-0.805645255209402	-3.08400634950641	1.83604025738274	-1.30795057330117	-0.779277726378252	0.436042996228335	0.168015092130936
K21495	-3.34023991024633	0.365862746772738	1.47388499872719	-2.64687176260933	-2.25579975482445	0.558422895253298	0.668248623129166
K21498	0.122422816394373	1.6055105524635	-0.598058224749219	0.011307103300244	-0.366517260041048	0.0929417331820703	-0.120951205972397
K21511	-1.63533368504186	-1.9490502280617	-0.597178937029492	-3.84993858847603	0.599348381791304	-3.67728254002273	0.628124683615006
K21512	-1.19165888226171	-0.519141028585462	-1.47637963397468	-2.53585310492501	0.133799352381418	-3.99290725392044	0.597914546247757
K21556	0.813852699636026	-0.836403469505338	0.458985893893588	-0.0092017224787172	0.360061154399107	0.085392030060885	-0.221419021967613
K21557	-0.228510944010214	-0.226910940321712	0.801211832929004	0.247086746359021	1.17724479797859	-0.283896772086027	-0.320848599556648
K21562	-1.5691014806046	2.82884164625165	-1.11881375415291	-0.676272230481952	-0.260912075009157	-0.844768969237211	-1.34430345940944
K21567	-0.703696040274099	1.8804916935539	-2.15519082648719	0.225828690195233	0.362719700370024	3.97147038775742	-0.842207849506103
K21571	0.606550428713216	-0.380182499947576	0.546298294234622	1.4515210815908	1.01371534231682	1.22127179998219	-0.26024457860347
K21572	3.95940980517726	-0.184892523052721	1.10214292900597	0.898254109287411	1.07728208664436	0.747551204741595	-0.300650671604835
K21573	-0.269352821470694	-0.146032999219923	0.977302162814487	1.67423681702629	0.998303965363691	1.11155298548996	-0.11312851357814
K21574	1.13119557702403	-0.832428435745268	0.881410389113773	0.85394419517532	0.382596508298109	0.323509605706332	-0.0968616907631985
K21575	0.648738520382448	-0.781727532806425	1.01932012932335	1.12628070797935	0.482554719481657	0.553381057561038	-0.101219624761306
K21600	0.555160751728817	0.610967953739138	1.73026215927636	1.97734956231132	1.23598016861458	2.36145261126816	-0.137003452066147
K21602	-0.339584497572378	0.0474735992526725	-1.35221052272285	-1.37419255290017	-0.395693644251634	-2.57926055592239	0.2687286431754
K21613	-4.49763527310033	-2.07931606000903	1.72909021275078	-1.00861485514626	-0.0386357524655359	-0.933785525977018	0.32275548529271
K21636	2.42740711772303	-0.190769585731058	1.51005196468865	1.01357851710334	0.721763149533461	1.74793204861939	-0.0423450772797695
K21637	-1.22617462074895	0.611718614635439	-1.4532545815226	-0.599656062459796	0.0877282551266653	-2.35237476032913	0.296214490648545
K21638	-1.29863515293737	0.0643763738250449	-0.707582117151867	-1.26010854754433	-0.588320239748766	-3.33097764652908	0.318479448076523
K21645	-1.1352533379807	0.647954900798769	-0.682324291300427	-0.54826887164101	0.00930695857484167	-1.75505897206009	0.387806325670517
K21672	-2.14190617001195	0.160273869571657	1.16914343731438	-1.29517789397225	-0.43462453719597	1.32210493284523	0.282575577017105
K21681	-1.57395663654943	0.301842470703097	1.24315845863854	1.13487998929039	1.06913460854072	-2.16520950001419	-0.21446335363742
K21695	-1.29205837643285	0.664402266082735	-0.524914146494519	-0.36749722275719	0.0690387009419901	-2.19511410397232	0.294246166464127
K21698	-0.360065070749716	-0.172134551169901	-1.24610364539589	-0.918445544576496	-0.535006328787615	-2.89181372326553	0.30614057135228
K21739	-0.828185109259085	0.295992811260195	-0.223260224890362	-1.52330823454842	-0.885972365107347	-0.0290432850712561	0.398326009031571
K21740	-0.909516243101553	0.484249313411684	-0.465976060461651	-1.24190779242501	-0.495346590246965	-2.55438586872757	0.11105236363057
K21741	-0.799851326109366	0.421245475349398	-1.58098948104347	-1.3509326747416	-0.538036271300127	-3.35019179981888	0.118847757097519
K21742	-0.787734178663687	0.416078706321688	-0.905063272547375	-0.907636361455768	-0.346223219599535	-2.86004206341446	0.357629864927567
K21746	-0.838169840933279	0.405035276946993	-1.37658584220375	-0.854257541036456	0.386051372323225	-2.82092186611831	0.253660767790116
K21814	-1.77650204098363	-2.95311979478839	-1.45190048320259	0.582711672151238	1.27910210255165	1.76431074935257	-0.749132931712829
K21828	-1.11964240467687	1.8358299332237	-1.44503533942665	-0.960457520818561	-2.55983970996361	4.39396265345871	-1.35810908723231
K21885	-2.69970980084081	0.867366750774355	-1.58138620955909	0.492134315633923	-0.183279811706354	2.74355295497238	0.0978752071822055
K21901	-0.526559976698355	0.44705887609479	-0.684152723383557	-1.32401700530037	-0.549036606516649	-3.5206381956929	0.0886240894759067
K21903	1.46603098714213	0.0341759371137336	0.871111630368579	0.763899547720105	0.643701270852278	1.8198250849849	-0.156115204576217
K21905	-1.22198787129064	0.908360918102236	-0.398081780504834	-0.636263566350788	-0.194436400499155	-3.08834335011184	0.158344834562577
K21906	-0.536304978491263	0.418463488159151	-1.00140237910713	-1.10606105837807	-0.551050766672899	-3.58741351765335	0.127684741731919
K21907	-0.0970654765381376	0.110408444938631	-1.4070252190348	-1.32057579073891	-0.75921223994713	-3.87347480457962	0.0926972324812778
K21908	-0.833222297789053	0.378524978694887	0.619932218361247	-1.21930034670815	-0.530023380484392	-0.121725289046171	0.245368450399674
K21929	0.60575042215596	-0.526674131813078	1.78438007729088	2.09220914330497	0.466153875622938	2.21862557727158	-0.254342496875488
K21936	-1.17691173946996	1.47451563650128	-0.71663057906593	-1.130330996847	0.151560046408365	-3.69653627079666	0.451700895544327
K21948	-0.969411996962027	0.28871782594678	-0.828490019869458	-0.914569692945331	-0.224778308834841	-2.35051628750503	0.426460951086319
K21961	-2.71663299000402	-2.31111029809955	-0.878754259180676	-0.551048593854755	-0.00985597383599455	2.37624541121781	-0.730493844035827
K21963	-0.133065668703512	1.13240047269818	-2.36076939208473	0.802535546684415	-2.53435848590355	-2.18966600102127	-1.05366572785731
K21964	-0.56519928372045	1.0267284708595	0.259496345091213	0.566802007818371	-2.0475883328579	-2.31032153767288	-0.679125220063888
K21965	-0.918433813215689	1.14597984128949	-0.520597339701306	0.940933597946316	-3.71027062770348	-0.803962198912504	-0.411994685899281
K21966	-0.637464431883291	0.881268938121767	-0.748739958834302	0.79771895494476	-2.85986421939354	-2.67191955250442	-0.381419789526426
K21967	-0.14719596302648	0.803707678852053	-0.499669433664929	0.620107797646672	-2.62876652118187	-2.617725102126	-0.690788507941925
K21968	-0.683734921575979	1.07332833581922	-0.603766442370068	0.917212886476666	-2.73241041537743	-1.49072000187576	-0.558923438671791
K21972	-0.91331174767156	0.452066739139529	-1.23383188350166	-0.314083056783527	-0.211732550825884	-3.25651618641556	0.123022585626877
K21973	-1.28183796799322	0.931465824184389	-0.747368098330151	-0.112013476228565	-0.267188324894716	-2.95162650746048	0.111999421831406
K21974	-1.43080130016942	1.1138262348747	-0.901807070803296	0.679560659194142	-0.374999537434389	-1.62856289547622	-0.138259977582657
K21975	-1.49573555386205	0.58927615457532	-2.44436681373085	-0.773905592298358	-0.216585456695368	-2.77105924290359	0.107548921819962
K21976	-0.934403328062491	0.662345667419405	-0.890477896761548	-0.939704852437824	-0.322336896624376	-3.3207246939534	0.157621711012162
K21977	-0.527228263975577	0.788654406604739	1.55757796661888	3.02324132409111	0.141366318497847	3.02909639674484	-0.38557634923216
K21990	-0.883460787893728	0.126967211303683	-0.920623065065991	-1.7241301110743	-0.526632770266344	-2.28051182430923	0.317698627229966
K21993	-0.406116632582144	-0.816503982009916	1.65052831070458	0.825355989599377	0.0806049673594934	1.22879459160626	-0.0673429672753445
K22010	0.623396584926649	0.570399125156374	1.25377583401238	0.993220312261731	-0.255510880913545	2.06213596659958	-0.117345333579742
K22014	-1.43715014851232	0.217933316764803	-0.712095738482129	-2.09318872008309	0.1961323625185	-2.40515228909195	0.59550699543599
K22015	-0.134468881250815	0.178329755601855	-1.12864959342445	0.203578812742383	-0.0755217888615625	-1.69487568539322	0.200778156038559
K22024	0.997127058146997	-1.83777527040484	0.271906866598476	1.02116940703407	-0.389489694800188	1.67487517195999	-0.26958309162017
K22041	-0.494008568884329	-0.0592995089912698	-1.13192415339912	-1.58902998480782	-0.639624103274156	-2.88889190357864	0.270431905504502
K22044	-0.261692134500937	1.10812946134564	-1.04230439765419	0.0897112914563719	0.475198910269926	2.33492532569229	-0.257006913903915
K22051	-0.656384376646475	0.101241161165209	-0.953294516634595	-1.05815597090706	-0.278483285870363	-2.53458139103592	0.388411789652146
K22103	-0.659891752363638	1.29224296384809	-2.13373768432106	1.02063356127754	0.291542843613814	3.96338799792588	-0.907049566987716
K22104	-0.615989951254324	0.248199661312075	-1.1807924519297	-1.00017149958596	-0.324011310305406	-2.62591406506241	0.375082700964249
K22105	-1.5401822606339	0.974707325038882	-0.765550614428174	-0.100399153566211	0.458851412568281	-1.06040784519851	0.390470116850174
K22110	0.956324102519556	0.0232429700469688	-1.0616530190226	-1.21253927264199	-1.55433140632134	-2.87309786480606	-0.244185582283699
K22111	-0.767457989813284	0.366178532180758	-1.13704133136238	-1.34043260130867	-0.338919117417147	-3.68231555622757	0.280716508146561
K22129	0.650269692926212	-4.01128606027606	0.334461479354251	-0.141805248594135	-0.879871889319231	1.30446258384049	-0.197127685431205
K22130	-0.92603912747045	-0.0571392876529977	-1.15614009005989	-1.05130215201363	-0.407601221766283	-1.78409907025039	0.385551720377243
K22131	-0.873428014875845	0.495038230953188	-0.940238119196545	-1.24612660918221	-0.152747123803903	-3.66754600208938	0.319709270712174
K22132	1.71206960284571	-0.0768581581735894	1.65007412331139	1.0257672497274	0.503318325314711	1.46984106499016	-0.0622193222081295
K22212	-0.665684489370779	1.86584444814679	-1.97516739470924	0.23371130015865	0.187613621983717	4.13708713847458	-1.08796623397227
K22214	-0.445973662497	0.298586984214754	-2.01183927161659	-1.60046787772164	-0.492824479307939	-3.71008416813553	0.160542755838669
K22227	-1.74154868519445	0.616540093955965	0.171656726765979	1.02420048203483	0.951614872250746	0.384874852479098	-0.195374221090042
K22230	-1.84110060131689	-1.47024015611651	1.41988354818856	1.96184818234459	1.29866267803688	1.60171815949738	-0.277073175195419
K22278	-0.486221460463003	0.170613725719424	1.41721117394005	2.56788234200493	0.525811270508955	2.61732462245285	-0.232259423021042
K22293	0.867317648767038	-0.0970282433057114	0.855646042991031	1.0671765038015	0.0426207414605123	1.47667283016503	-0.127531648162567
K22304	-1.636279014708	-0.510343532028227	-1.16205382449592	-2.78331084761605	0.220913991961668	-3.8233201186055	0.685368507620133
K22306	-2.27333012020727	-0.0567222190523431	0.974495558905948	-3.63636417899117	-2.1826402985714	0.811167987168429	0.703611939665116
K22373	-2.20345702564855	-0.984764377536802	-2.33220446212257	-1.7946867516993	-0.601771935190966	1.92534014779389	0.472726255174912
K22397	-0.864879755140738	-1.29169789976123	0.138859032559741	-0.706196623182147	-4.72215841647606	-3.47666618031204	0.210406809564865
K22431	0.69764305108647	-0.995203713836698	0.567532992828239	0.110787046814114	0.102382727596949	1.26212544936001	-0.0183733110463253
K22441	0.289123924611612	0.937910397586794	-2.78600823981727	-0.701343493795246	-0.432644143070986	2.87506869632065	-0.96023270535823
K22443	-1.06634953415533	0.566517968711825	-1.34331929786171	-1.90242310080513	0.127376966808031	-2.22761556309402	0.208059042211808
K22444	-1.27535775101324	0.719212968883486	-2.80138862235511	-1.46031458888039	0.0118108528443081	-3.29233142536819	0.290536850210465
K22457	-0.379866210581259	1.721714695034	-2.21852552993263	0.289134515190274	-0.162975623574068	3.66643884974777	-1.05708882260677
K22477	0.453865172503992	-2.93051199144366	-1.10741281611885	-1.21991725478157	-0.864457472529222	1.18366833227932	-0.050009787563049
K22486	-0.748023537756399	0.354636271533938	-1.19658196074928	-1.9568531087397	-0.58314429160576	-3.34422895115555	0.090988188501633
K22487	-0.48966422474523	1.29754861169812	-0.428441704344403	-0.521999435758441	-1.03259895678978	-1.14004131954849	-0.796491802219116
K22488	-0.110564319254355	0.479604323444338	-1.15343105895485	-1.53656383070931	-1.36927865382652	-2.76511046093643	-0.606707051876747
K22505	-0.111250428320364	0.602008600769015	-1.9108835469004	-0.654834585523456	-1.41624651786308	-2.77122470539749	-0.601440862301551
K22508	-0.880874899984793	0.842239101467104	-2.55144059760536	-0.449045913553089	-0.419157638516237	-2.6804179827565	-0.243930921438896
K22509	-0.609758166433767	0.752939839897127	-1.61756503684486	-2.62002535376534	-0.571622832979967	-2.93063065212906	-0.216692731264793
K22510	-0.720928339125113	0.939220746097536	-1.95034635169471	-0.503914015626758	-0.462590202059557	-2.90165707272232	-0.184837922934257
