featureid	Intercept	donor_source[T.DONOR3]	donor_source[T.DONOR7]	donor_source[T.SPORT17]	time_point
K00001	1.18954493190415	0.226894651177676	0.0456207790233801	-1.11686791790422	-0.248161597160447
K00002	-3.44988082264297	1.28654542994812	0.463080088124485	-1.16612041307386	0.935640173049819
K00003	1.58311764980919	0.269787930521519	0.460213402734012	-1.59778364313539	0.484790163131606
K00004	-2.13220666263931	-0.0631096916167423	-0.0745697743437578	0.361085158458388	0.147872226329696
K00005	0.35770256902344	0.206538620042951	0.983785609231205	-1.42249821437296	0.420911030860793
K00008	0.417931453243563	1.56726900172547	1.26728639982721	-0.248188513645494	0.361478941532027
K00009	-0.319723351939848	0.485458706143649	0.0783124440171431	0.846462470164931	-0.254306871892709
K00010	-1.98335669849746	1.08257201743439	0.556951681599827	-1.84233434809145	0.766279177757156
K00012	2.81414415027268	0.509460423711093	0.497137675509662	-1.07426892904338	0.194472866149795
K00013	2.41600085879929	0.389741663459094	0.425507287011356	-1.28191857350763	0.345653848739516
K00014	2.42112828876145	0.688622806790621	0.396431277022571	-1.29378904713091	0.27742494830693
K00016	0.803443358198473	-0.391118671175687	-0.2925464413307	-2.00851609123644	0.686894970031631
K00018	1.33683227087624	1.54024103713349	1.4344556131222	-0.633670199045503	0.112354027124297
K00020	-0.214625819667509	0.363963295343669	-0.271567722334652	-0.844030159839952	-0.0596335809508446
K00024	2.9770895400203	0.90366861653641	0.299535254464359	-0.98011932087835	0.0176000464877006
K00027	1.75580020333893	0.98909923863724	1.3500319518902	-0.718868333229386	0.262295620532882
K00029	2.57256735946305	0.712183688405307	0.128091970906467	-0.931086140999162	0.0150383282622215
K00030	-2.58435533855789	1.03521243167237	-1.85649945355871	-0.82285343421396	0.206034021469009
K00031	2.60749186660416	0.414949346903117	0.293121213541241	-1.26224309516844	0.287763969989669
K00033	1.80677016164429	-0.0978913562266514	-0.462965031637936	-2.27795864952501	0.436162369342696
K00036	1.88014395619995	0.226791347393404	-0.402244826330929	-1.90094526422914	0.292861120792281
K00040	1.26698681052096	0.828989897492678	0.493084500060291	-0.366879719623887	0.320432381721389
K00041	2.51399959708817	0.633896772387774	-0.0495432294152071	-0.857717204222047	0.145752476545226
K00042	-0.230152948840788	0.17880025190428	-0.515593131556301	1.17942438708845	-0.3046999070624
K00045	-0.668045266612699	1.62951210570648	1.30998180292627	-1.63188948048052	-0.61819295397197
K00046	2.91262663985855	0.766425405267031	0.490357676968784	-0.739686805137956	0.145757185312163
K00048	2.49765946056015	0.536550794366152	0.636957863793583	-0.861609029898011	0.267269449325454
K00052	2.83288444663651	0.553225134137423	0.425351748690815	-1.0671784350067	0.241967009397399
K00053	2.93727649833328	0.485364083770068	0.504783163295002	-1.16897506205138	0.26826693305577
K00054	-1.19081161831253	-2.18218323158905	-1.59340395547369	-2.06556411398348	0.766999440284621
K00057	2.62608100558884	0.491084430936129	0.365104923472614	-1.12512277191278	0.240262584777724
K00058	2.71635855819351	0.401327077868731	0.243236178980083	-1.3654112995952	0.288975613208663
K00059	2.91755081798203	0.658507470610888	0.55991373442194	-1.25169557643827	0.262834863754165
K00060	-0.647551043971708	0.386242125752719	2.14959631346247	2.07437906848494	-0.577773256210435
K00065	-0.426235421641996	-0.0649868206946537	-0.874088009371548	0.333819013705886	-0.188572065887797
K00067	2.88113464500077	0.715795580867083	0.504094431624622	-1.12541501814272	0.144940124841582
K00068	0.0629290499842856	-0.730955626246183	-0.589279314055233	0.923687559238112	-0.207628907618869
K00073	-1.6232933840596	-0.834961380240171	-1.73122050382116	1.9602757512242	-0.288750356046307
K00074	1.79852928306229	0.69255188536957	0.897635082230778	-0.619726079830491	0.21168722400273
K00075	2.22819186832077	0.503019277575762	0.454672674164982	-1.50019999159273	0.263537125678908
K00076	-1.11442659710281	-1.22384497093841	-1.89730467416266	1.4411357461125	-0.436809746531594
K00077	2.15501470948822	1.4782291991742	1.15617893122217	-0.785386073717439	0.116365598531615
K00087	-1.43183277462356	1.33503702712372	1.83529291533014	0.449431997409499	0.211257832141769
K00088	3.08250726844437	0.315996464911254	0.372873018012256	-1.27889640940126	0.294506149383437
K00090	-0.3515751204335	-1.38939377236053	-1.52028622247198	1.31493387805525	-0.46040347030555
K00094	-0.707708343013456	-1.34741302895233	-0.554899950995236	2.25894318210188	-0.785369319824326
K00096	-0.429167970164945	1.70423511100128	2.04773745916864	-0.453802722820603	-0.0257825087586526
K00097	1.64015568877823	1.56999913287476	0.683559874520511	-0.198527354130113	-0.111881045607674
K00099	2.49466277743942	0.653992865803988	0.638642112241001	-1.16146835250553	0.230159239860427
K00101	-0.541723950847318	-1.42867919373199	-0.887040635123043	1.25521193133894	-0.265564830956805
K00104	-0.81382368419998	0.586764667752536	0.543588320241184	-0.364456552395188	0.474005060287368
K00105	-1.20257018421524	-1.05906244682953	-2.20950140573004	-0.502184409031236	-0.147377325204957
K00108	-1.31695125912063	-1.27414688038513	-1.92342640973547	1.88836346255842	-0.294748479483474
K00111	0.756408945576021	1.12338069510773	1.33592400930902	-0.652490633854234	0.22432361731137
K00112	-0.320869668468168	1.08255950045899	0.229436496720524	1.1980949460179	-0.44106879642402
K00113	-1.2234697184407	1.48358467650727	1.90887353800318	1.21581588374678	-0.136465264467347
K00116	-1.07242821071975	-0.568499173399656	-2.05920948602179	1.52174363719527	-0.315891949442971
K00117	-1.59326241825454	-0.939963902708738	-0.406720390095501	2.13324461566511	-0.374351022748101
K00121	-1.09133814190262	-0.545119728323667	-1.24084522344091	1.21551690684859	-0.139725906757462
K00123	-0.135034306987455	-0.605352963682859	0.526373038516254	1.19347844707075	-0.254569368419993
K00124	-0.559980495914152	-1.53798815178558	0.0473270950427885	1.34535728084151	-0.39452406576072
K00127	-0.335691317065885	-1.04876920151397	-0.740730901732235	1.33830438243452	-0.387085242179978
K00128	-1.61174152706497	0.553253654959948	0.714826861844272	-1.5448943258613	0.735060350986373
K00130	-1.1571342787587	-0.39267304110214	-0.430898149981289	1.66649709331099	-0.359835145978082
K00131	-2.21541546200149	0.127522718730719	-2.451381345763	-0.350286203750932	0.374232308956039
K00133	2.86870147372849	0.502493355992587	0.424785862193317	-1.1534035423189	0.239479498954665
K00134	3.07026745463974	0.443728972795756	0.615348676667423	-1.09798453127738	0.246584432216537
K00135	-1.03036998127334	-1.59955414700195	-1.44368030644873	-0.00535823715623573	0.268550174327743
K00137	-1.14496801708572	-1.22583862709686	-1.83246829129675	1.6756819306523	-0.471803991107095
K00138	-1.34292577122085	-1.16297551560089	-0.815417011751919	2.11196790324751	-0.333016267029393
K00140	-4.32905457828872	1.41738942694977	-0.828174432291775	-1.08539306683239	1.07259483823384
K00145	2.53962864066727	0.661906693700106	0.490488836989612	-0.957284841069543	0.260623650642287
K00146	-1.80462287281387	-1.15584787296936	-1.60500778771856	1.65637097941939	-0.298863688466895
K00147	2.43958510543473	0.537801746848376	0.480591068492145	-1.39395989788469	0.26511831769551
K00151	-0.793151839717558	-2.18675943779632	-1.68633153058508	2.68106566058699	-0.881068153289903
K00156	0.689526990906069	1.89286748004273	1.62957034491083	0.939349990955031	-0.375415263680566
K00158	-0.984973414882353	-1.22349497246429	-1.95495357133368	-0.0669164837687846	0.243188397975814
K00161	-0.369029029353788	0.263627734604628	0.953755716309757	-0.257126230129563	-0.0113447587767724
K00162	-0.440749629481962	0.187056225362571	0.965991417393894	-0.228232699760758	0.0301278997382041
K00163	0.230706826702425	-2.05236073898956	-0.659307738318234	1.14892063724104	-0.564343882707703
K00164	-0.115495546802213	-0.446634973761289	1.20044920824549	1.1812423287541	-0.468485681323159
K00169	-1.57252143238418	1.23357108664826	1.85772071264765	-0.723454612621629	0.30660100469197
K00170	-2.35527609203689	1.89891210627869	2.41793642424128	-0.671006399521195	0.382027523609054
K00171	-4.29162953708999	1.75332609248474	3.34968004606745	-2.88332797897752	0.460448579879653
K00172	-1.75989411686294	1.19869593215302	1.73853288076899	-1.07486005065736	0.261249618621719
K00174	2.76573659564621	1.15974364114121	0.720149437413425	-0.815102058777177	0.0159046519717094
K00175	2.50265385295517	1.38380316329315	0.985002616868229	-0.609435874351823	0.0180241931399223
K00176	0.416966156021426	2.06207350325897	1.3585119047024	0.273017746081984	-0.0547883342782143
K00177	2.31629373218186	0.533545021537097	0.207045386061878	-1.2907310308307	0.115136431547057
K00179	0.914044336334536	2.01875475478485	1.98659930609247	-0.263461905845964	0.0490022767504569
K00180	0.841360674158404	2.0771414382489	1.89169083021662	-0.189918476471269	0.00134265610779488
K00184	-2.16511295650833	1.91044059825257	3.17263255499384	1.16602025615279	-0.166460705904115
K00185	-1.7945465884053	0.997027967694552	3.15351686857721	1.02419076549116	-0.506375743059266
K00194	-2.8458902678334	0.970416222337039	0.131020749435634	-0.177179175743424	0.684979574771774
K00197	-2.59132765148514	0.913937364342959	0.197101036534519	-0.0839159668773051	0.71507211217488
K00198	-1.34445522640579	0.694562022212298	0.854949096665592	0.0534993230015401	0.596162633987319
K00208	2.66295160438187	0.535389815095217	-0.0431826836607744	-1.31451133204397	0.0418568421324607
K00210	1.9616533079303	1.16951182914093	0.1758453347542	-0.700496691593492	-0.0635464619675759
K00215	2.39086188460953	0.72621220779732	0.5200616516926	-1.08504638759192	0.236925380321395
K00216	-2.37366197918289	-0.156789954182355	0.304875681624622	2.27066193210188	-0.281848346797574
K00219	-0.913676246150663	-0.380468274828641	-0.254084249510555	1.80328331576887	-0.424218995479691
K00226	1.70177562619812	0.182149578455241	-0.619396110548763	-2.00240262163576	0.353068547340285
K00228	-0.661880835040739	-1.75610455441162	-2.34584774590948	1.21001992808882	-0.315647860972035
K00230	-0.271212919696501	0.71265191269234	-0.0185268423698236	1.07061873065535	-0.355558967200864
K00231	-1.47656105373733	-0.744761194464414	2.20278487585566	2.44071565257613	-0.52495194783603
K00239	2.83100248958237	0.493738685372622	0.241084168181629	-1.20410397959646	0.213793354125869
K00240	2.83251167918808	0.260383811417372	-0.0421714312575151	-1.61959494961199	0.196964459510696
K00241	1.75386716510422	1.71905032229737	0.93463776491663	-0.238830584415757	-0.110991312173951
K00242	0.0746730723536704	-1.43600615429565	-2.41080154992559	0.944774252048171	-0.721135152486909
K00243	1.70889426852829	0.91749176812485	0.0747465588905524	-0.967727321514451	0.18470393309201
K00244	1.49531455423004	0.023250926855357	0.189333061204166	-1.71965582979616	0.373763458820235
K00245	-0.393171175464323	-1.17540844845459	0.00588471673509582	0.876467925182021	-0.29451152866875
K00246	-1.01166962002151	-0.476776565787046	0.874825636372776	2.31746349917952	-0.707561714557755
K00247	-1.21196268413894	-2.24046870636627	-0.338517566695004	1.9342735825688	-0.582196129469025
K00248	1.14591458897359	1.25090733599976	1.7508766450741	-0.411611992248857	0.146257506700408
K00254	0.578260973945925	1.04603806567505	1.5011983909466	0.878811699023879	-0.510627312568772
K00259	0.953602255240748	1.72419944835022	1.2031653919079	-0.451969522365891	0.0479090977629539
K00261	-2.66677258823746	-0.298003222223966	-1.40249993421057	1.82407341586653	-0.0370301585475091
K00262	3.22796060229904	0.599157456877978	0.502834329829426	-1.16525234220322	0.216775702329528
K00265	2.30260862495072	0.0858606888087108	-0.207165708317547	-1.95200975550111	0.281616764160049
K00266	3.28449966098435	0.647685651305468	0.614260176644535	-1.0668469773024	0.254881517978561
K00275	1.6869549014724	1.31227449012116	0.384800294862003	-0.240806895622575	-0.457566497830499
K00276	-1.89744089458816	-2.036110128638	-1.46450140096167	2.17011366473738	-0.376276431588281
K00278	2.74984826232559	0.613660667660983	0.454563776478977	-1.3042757691234	0.134716587158095
K00281	1.21568447808988	1.87531486583069	1.55571375273249	-0.0162437142222758	-0.0846383701840523
K00282	-2.30383060787552	2.26079062056855	2.69738111876032	-0.893868076929414	0.163257109018218
K00283	-2.12369917248123	2.26029733252838	3.01829085730097	-0.682295102009141	0.190444784255874
K00284	0.0934708275950644	1.3284808738263	1.62468800924799	-0.15147783173021	0.220225827785384
K00285	-1.1791114649617	-1.40453406738922	-0.407955696358471	1.45403252231184	-0.284691786376584
K00286	2.25577320243485	0.605015252354892	0.516899953112812	-1.33851851833757	0.267159359546554
K00287	1.66449056650765	0.617385808947833	0.0810745083548735	-1.16295402807888	0.297271387668502
K00290	2.79180099155075	0.708210800412448	0.490602115617008	-0.909317258128488	0.19278179297055
K00294	-1.64528034542434	1.8795587165387	1.2661651172497	-0.183968323597276	0.0823564399203178
K00297	2.25260688449509	0.861778770211489	0.504434982762546	-1.18164190215763	0.166823374124419
K00299	-0.827842696651151	-1.93816276955291	-2.05191959954718	1.80600534068648	-0.465828655270684
K00313	-0.208809479221037	-0.982594098326413	-0.449587037339001	1.9022022305638	-0.328085353581059
K00318	-2.96283696506851	1.94194022250489	1.28535745523951	0.0962849675327901	0.261740701290023
K00322	-0.424316867335966	-2.62146779465362	-1.39425387002447	1.20807467090193	-0.364930061606515
K00324	-1.18946026180618	-0.113728757378309	0.0708636124440144	-2.40709938419756	0.799507098289382
K00325	-1.24616287563675	-0.522224511381833	-0.494428714289456	-2.26602949512895	0.76430352220143
K00330	2.09562046910889	0.599976067069323	-0.077152600064068	-1.28897546542581	0.0295875240286704
K00331	2.46917678500778	0.68963367176369	0.365464786515446	-1.22232128990587	0.0315252114256736
K00332	-1.05470274303787	1.09649053645447	3.02924070738337	-1.96347166908678	-0.993928832916367
K00333	-0.940098746761015	0.780989800217898	2.94718704603693	-1.73899741781648	-1.26521985044872
K00334	-0.933974250301054	1.63498190474823	1.651725868211	0.241857868304885	0.398328917117965
K00335	-0.689439519389799	1.52441648078278	2.09061179541132	0.126138073077834	0.387609319778335
K00336	-0.799977525218656	1.56779018473938	1.98393617056391	0.219443660846389	0.366906182857406
K00337	2.64705850268967	0.688367102864535	0.106008740589828	-1.18142678154405	-0.0174360852519158
K00338	1.68584241057999	1.25564971995667	0.393906156048984	-0.801321911939942	-0.0935408901253823
K00339	1.00819471563465	1.93626800608948	1.56091902636072	-0.150023478397691	-0.0776001196185235
K00340	1.13240604560144	1.47270468306855	0.992342988476963	-0.657991695532167	-0.048933161405671
K00341	2.32363213683731	0.853019510033877	0.313005397544117	-0.892942819127404	-0.0254668425599221
K00342	2.4947977223552	0.839831445935519	0.506068686471195	-0.948288726934754	-0.0625381748953942
K00343	1.88564445163376	1.09441623521164	0.314610640034885	-0.930316198000276	-0.0588094275275353
K00344	0.0616891541636679	-1.82576676773712	-1.621303220763	0.5407588301808	-0.261036727560509
K00346	1.94964571382172	1.25138643813446	0.687637845502109	-0.8220381320804	-0.0805799942294244
K00347	1.7528509059108	1.31781176162079	0.687175551877231	-0.697316664585435	-0.0484626423398141
K00348	1.19948942485518	1.71804526877716	0.991677979455204	-0.25032045257982	-0.0805311035195473
K00349	2.14091183330185	0.732277069810183	0.234097788558216	-1.26496832383569	0.0398886669596549
K00350	2.33022500659592	0.801400755170138	0.412993709073276	-1.40733670009073	-0.0179288517514352
K00351	2.38706649924881	0.599802200320513	0.153522307501049	-1.36583236170706	0.0766855646094199
K00355	-0.891227229579618	0.120781284395011	-0.823867877497463	-0.463694888481462	0.268250541778457
K00362	-0.477898581966093	-1.3748517887561	-2.37372412301519	1.44102893458906	-0.395718393830407
K00363	-0.740171178325346	-2.61195990013763	-0.114912857785015	1.7967482625157	-0.553246213106263
K00364	-1.04167412136429	-2.23771234917328	0.194349894747944	-1.25671036852297	0.691403286548507
K00370	-0.468910082324674	-0.586407627341001	0.0159958828993748	1.59011135684553	-0.220608705637801
K00371	-0.531401260837248	-0.89529355930969	-0.273708601965695	1.30130968677107	-0.160139387456525
K00373	-0.871405824168852	-0.289022590395658	1.17012713335535	2.17086253749434	-0.402470825223077
K00374	-0.662654622539213	-0.435398961779325	-0.0518480739734461	1.73243675815169	-0.270147787390101
K00375	0.779780642048189	1.16822997165039	1.18161020658991	-0.800144332775437	0.260306494327438
K00380	-0.25711916302078	-0.0296117620436833	1.79803285978815	1.30210052119795	-0.561099572090257
K00381	-0.695109709247282	-1.44343944954559	1.5874986448147	1.83029375659529	-0.512755466608155
K00382	2.52128149654038	0.763859484914096	0.166256281063766	-1.21604502511915	0.0621393788775321
K00383	-0.673501833423307	-0.105089719769208	-0.0692637167117883	0.407059889903701	0.178792433830154
K00384	2.70380677367813	0.57940879893616	0.733099261746616	-1.32177305532392	0.333221750350845
K00389	-1.3405773482167	-2.01798387932464	1.62030647181055	2.72666059123579	-0.693217707780946
K00390	0.00350929881698825	1.00687161517456	0.680180648789615	0.513314825168288	-0.191825473664153
K00394	-0.836976035579374	1.49893334937409	1.46908257387659	-0.686958450207078	0.440140383335006
K00395	-1.73854802463882	1.54862001967743	1.30465433977625	-0.993968616554105	0.538843052478683
K00425	1.6406765439666	1.42095843386963	0.8494033613064	-0.21159883154329	-0.0086463223973397
K00426	1.28427383388645	1.42127624583557	0.732276002392979	-0.0504195870250101	-0.0122129153290871
K00427	-2.214579089626	0.115682919147761	0.140947500691624	2.55654321300093	-0.331537483243096
K00428	0.460896984592745	1.71256521773651	1.15539417646906	1.03879128085676	-0.323006978241551
K00432	2.53771461631424	0.240611698116513	-0.712271293177395	-1.40750767601427	0.0121211279353019
K00433	-2.25328658436172	0.0448047710688427	-2.33127798654058	-0.542675572761857	0.327605860324752
K00455	-0.716925247653654	-1.46216246056244	-1.85711648084143	2.26516900645796	-0.738667411712754
K00483	-1.02036712978714	-0.686542953726499	-1.67025067426184	2.51732740985457	-0.731170220283616
K00484	-0.602069123729398	-0.582096363779752	-0.524591346754818	1.71693764316145	-0.675668520835984
K00520	-1.12431834553116	-2.28532143997833	0.172626147494526	2.33841429339949	-0.59544680824672
K00525	2.72073711539871	0.73639521432236	0.809405008778782	-0.77209927452501	0.162605153413665
K00526	2.13427092219956	0.446300495985301	0.643314281926365	-0.803569215664231	0.267640130611312
K00528	1.76526810313828	0.406811778071673	0.819816926942081	-1.29545708311495	0.399319129081618
K00529	-1.86767004345291	-0.435382093664853	-1.33449771024206	2.65764222728316	-0.515643639473069
K00533	-0.840649589046171	1.66437069011048	1.1240523853161	0.0418288527638082	0.0163745451887962
K00537	0.45420427705414	0.960150931599887	0.699475625977726	0.0134243785053854	0.142605857940566
K00547	-0.933598025783231	-0.355467225786893	-1.24511911488989	-0.81417645824846	0.411116914840591
K00548	1.62381236340172	1.34134760928467	0.952352205739231	-0.45079686058458	0.139224099012267
K00549	0.100698367611239	-0.499964262720792	-0.277164240851193	-1.65325887812074	0.577884512039077
K00554	2.51220668937332	0.525058214190753	0.488300005421848	-1.35825158966478	0.278712170215499
K00556	-1.04852603290909	1.63528314662293	2.28672061346552	1.08875547038618	-0.117303220538247
K00557	0.601906196132967	-1.79690572189972	-0.269833286776333	0.837322336307204	-0.528138650564301
K00558	1.92548598434098	0.785332475426944	1.16200039766809	-0.665105003246629	0.352168874832046
K00560	2.38229264403946	0.658620093587191	0.541263709292621	-1.10318679487106	0.259916501136672
K00561	1.39915686930783	1.94933227134064	1.44201074026606	0.577181559672988	-0.0474354754963998
K00563	0.924319372431109	1.32604816985443	1.2032475271084	-0.709455329307878	0.216296868415725
K00564	-0.489070876582792	-1.31538566517517	-1.58691622830847	-0.989556539186799	0.461225347610366
K00566	3.0811915555156	1.04015598130539	0.556190709099979	-0.918613451847398	0.0692546237429496
K00567	1.6769231715358	0.553981189254077	0.109333524928303	-1.5438855470508	0.22303252110089
K00568	-0.990629657252958	-1.11272987293884	-1.94549288369635	2.06689391719405	-0.457041067985642
K00571	1.09946121360428	0.966000173810275	0.790994981751652	-0.124056416878068	0.176746504398238
K00573	-0.813918097957304	-0.0294483857123539	-2.01138319589117	1.80240712749068	-0.500304175523866
K00574	-1.46482179973953	0.43960097861603	-0.136401241197376	-0.604828256496751	0.779830055328262
K00575	0.0224012293971274	-0.155411864992826	0.399769643769474	-1.9578539313167	0.46343626269902
K00590	0.329074279323885	1.88659826350525	2.55365190886042	0.118150573840774	0.126292752118957
K00595	1.07594374652273	1.60734144282654	1.21285400770685	-0.583466488251054	0.0784536767920371
K00598	-1.98815487240188	0.220885194476099	0.731820742116184	-0.889232862123811	0.716945068927657
K00600	2.7127422251857	0.620751921656878	0.643659690842838	-0.999279539415204	0.206968443485152
K00602	3.38082195903427	0.50798306298569	0.377644429431171	-1.16688786012825	0.200008349510085
K00603	1.27810718949206	1.75735870433167	1.2064156331875	-0.223743397125566	-0.0624654274264458
K00604	2.36934198524124	0.583664391759188	0.467446217761249	-1.30394484413561	0.266810135932815
K00605	1.45357172276146	1.62812141013459	1.21068594835779	-0.138882953056657	-0.0503329913893822
K00606	1.45331011797554	1.71237853598908	1.60181246183893	0.046816807857192	-0.0542659591714028
K00609	2.70489718104965	0.46750876736954	0.456430504546375	-1.2314412252396	0.279675023647201
K00610	1.84072817947037	0.837540720227511	0.428806016669483	-0.929075512418115	0.282974259944808
K00611	2.18843765641815	0.573675279143603	0.749638179764957	-1.13512508881983	0.376361863704574
K00613	-3.70791695927017	0.382978115800174	1.38832090281031	-0.445399600395524	0.45518167504872
K00615	3.2013919510997	0.80314645600632	0.657683888898105	-0.972820791730248	0.213899360986602
K00616	2.05978174592621	0.857226763489993	0.476197312102527	-1.01135424090322	0.208981679769408
K00620	1.61090917970307	0.407398734811099	0.629224578366489	-1.40962229979929	0.457686083408248
K00625	2.73055841113693	0.705435429337771	0.523842910752506	-0.92970066083368	0.168755518289458
K00626	1.57777710343964	0.732432101491244	1.13148067377588	-0.552345472702348	0.253522174449813
K00627	-0.337182386859586	0.277004015270026	0.939316014275761	0.365056973567641	-0.0544370245019082
K00631	-0.339378102763822	-1.41885932850525	-0.153237139358311	1.07130060779158	-0.322460455803025
K00632	0.146446720615694	-1.50428267883941	-0.864992459788113	0.617642742267287	-0.188385302183974
K00633	-0.52082823131912	-0.678416039225309	0.144127229676456	-0.993731971213185	0.498047905059707
K00634	1.2832404234565	1.84976342749909	0.815271119103641	-0.344003099331224	-0.138552574423898
K00639	1.51606668616898	1.88636890483216	1.88168142221949	0.170289140811599	-0.0237952004948739
K00640	2.36926771785385	1.0024288041623	0.841303268895359	-0.735649991163575	0.184629159065139
K00641	-2.13052366588943	2.02017441821411	3.52417216681025	-1.06223377523717	0.00831552037800515
K00645	2.85020507957108	0.535415355685504	0.33028013490221	-1.34129500699934	0.166145699115646
K00647	1.51858984018929	1.7420881135495	0.71363345764658	-0.0968793810695048	-0.11045321634208
K00648	2.99027492190964	0.65097782445267	0.203922564611645	-1.30804859412607	0.124886887164962
K00651	2.5550308385051	0.299625535133631	-0.014756397827654	-1.4784309746116	0.314267413707626
K00652	2.69074620391495	0.842406008961947	0.015648771525235	-0.896386715897882	-0.00409252753649986
K00655	2.40803732062943	0.710834686282428	0.383337328658314	-1.46163524998125	0.273600595088851
K00656	3.13166166926987	0.537009422305377	0.429570178017826	-0.988663065561616	0.253570036979568
K00657	0.555889562622378	2.1116565806897	1.13976393126032	0.305207353702224	-0.0213911961594704
K00658	1.58200071837074	1.29863027167633	0.333389262185306	-0.0825443447917338	-0.469219787029374
K00661	2.32753016139633	0.222437373466195	-0.269767185225277	-1.77770640266832	0.347267465682876
K00662	-1.0941448054158	0.694490913871081	1.35973642252466	-1.71708007467684	0.385807471366775
K00666	1.80961437608368	1.45256844592407	0.693026939854832	-0.0277973593562479	-0.119921637682069
K00673	-1.55356858585708	-2.21506544518158	-1.62938632585028	2.10815773593489	-0.410512087849725
K00674	0.263500885025332	-0.308884705778806	0.323438385949344	-2.20348848713335	0.604165034385574
K00675	-3.71143124912613	1.9692381961377	-2.08923544503668	0.659458738437331	0.679952876659286
K00677	2.57662989284165	1.24805966449097	0.445526639447422	-0.558940369018876	-0.0790109168568734
K00681	-0.244088753207853	-1.02276691364929	-0.235852589382916	0.572647672763503	-0.188213979808438
K00684	0.600201622501681	1.8041546685727	0.513748744950504	0.0398415146977071	-0.0457200389186028
K00687	-2.19717572544449	0.299914505902083	-0.763622065558224	-0.168561476597154	0.431802885623824
K00688	2.88524271632797	0.771108542207034	0.582718471513004	-0.867559957632386	0.284523086639297
K00689	-1.21761177395218	-0.994280781027524	-2.34237088777044	0.503079753986037	-0.0512499939480904
K00690	-0.104723318561247	-0.371819104429929	-0.333640625252514	-2.37047256840166	0.708382027240646
K00691	-0.246348961337736	-1.11425539421722	-0.473801394476681	-2.19238032711443	0.580771343799483
K00694	-0.153512462123564	-1.1068458216159	-2.74231805421331	1.06651745425764	-0.295257201401341
K00697	-0.829546197398832	-2.52343245911285	-1.93536402799109	1.83715186702315	-0.567292286066163
K00700	2.83121277476914	0.545726363185199	0.373503277526111	-1.18276960713562	0.284276084991347
K00702	1.79552061940796	0.323980723145755	0.472974935994358	-1.52675269854959	0.36394210347737
K00703	2.5391262927211	0.843271706822665	0.729515472874851	-0.831462788709962	0.191035823913467
K00705	2.59349991466171	0.587150130990298	0.357815126404972	-1.48651759637293	0.314439075084579
K00721	2.47404636527664	0.619468901875766	0.140505100116939	-1.33168559087213	0.0421110261401054
K00748	1.95980091477997	1.06340274644211	0.338877359853	-0.647313344606721	-0.0358913820067528
K00756	1.14231046374209	0.619425181868823	0.761377374158115	-0.66696502579149	0.310921864601028
K00757	1.58160202290184	1.50596216750458	1.47679601095697	-0.45452936304506	0.113314913602721
K00758	-0.618457420810392	-1.0751703636615	-0.404061575903683	1.1840876160771	-0.344024626521218
K00759	2.81731034900315	0.250859700712712	-0.0973641178748895	-1.46258451355394	0.224090294929397
K00760	2.29979755069382	0.646994028809817	0.368129620776386	-1.09323188787099	0.253233747573745
K00761	2.43837083961136	0.637624208453448	0.506503889785023	-1.21095652444061	0.283131973834884
K00762	2.70657636310227	0.785860989812167	0.742721060738773	-0.896555024513566	0.294555919261825
K00763	1.99291946078903	0.32043537926987	0.434761682973118	-1.28312108231481	0.415098147483718
K00764	2.8469351687587	0.806437288049014	0.688101927266331	-0.973319339880311	0.22044258007611
K00765	2.51331140185959	0.504508141997607	0.127675513253422	-1.44546334756311	0.227473692985427
K00766	2.50655080463059	0.297161508920939	0.00918193765065177	-1.60277493608888	0.251981930824172
K00767	2.68100632812149	0.540346269133837	0.280838067159862	-1.3656079800218	0.142830239625823
K00768	1.29843409444458	1.4293302638562	1.23447332762262	-0.521748441585862	0.151142494769942
K00769	-0.93199823711746	-0.27160113620445	-0.137664084806233	1.49951086627547	-0.328555596975434
K00772	-2.43500660274856	-1.8053755419223	-1.24841513253668	1.6937049447209	-0.270190957916725
K00773	2.90285863067276	0.334424142363818	0.468083003983707	-1.30304405404028	0.282096521945846
K00782	0.987964929000208	1.6493797643216	0.440537373051853	0.284599166980422	-0.081603882817376
K00783	2.54877139712937	0.358402062776835	0.202249268517704	-1.4631519497722	0.277488308044326
K00784	1.97370739366181	1.05973366332367	0.645303110108585	-0.836203473934495	0.172315167280089
K00786	-1.34019802425735	0.181643505218776	-2.7313295803211	-0.192236799129808	0.203688966127288
K00788	1.99804176475174	1.61918643546417	1.21263573549768	-0.649272728094422	0.0562243927439567
K00789	2.746447340504	0.792564426186831	0.872947792039127	-0.817146855720841	0.260648744197738
K00790	2.61823441173203	0.534265194657595	0.600735942349644	-1.48010246766504	0.299083368869674
K00791	2.39835395003922	0.778738711598666	0.214603001699657	-1.18061094296869	0.174248861165893
K00793	1.88384009982712	1.23973194194153	0.815824548230381	-0.425229805836045	0.0626154411753532
K00794	2.65997029925949	0.897489283803256	0.371548811421604	-0.981829184421861	0.135910408588302
K00795	-0.520766004069975	-2.84930201935455	-0.130419527663975	1.49738917934004	-0.503194136528123
K00796	1.68319057013161	0.539058302167208	0.163326064572544	-1.54070119870599	0.288080947490584
K00797	1.17500490500844	1.03874317241028	1.12828109644434	-0.378540295490586	0.324576513858688
K00798	0.882653281942675	2.0021195752652	1.05750069998285	-0.0543761433452006	-0.0956028979102257
K00799	0.0314446845210288	-1.09594365524933	-0.515705128683834	1.40425739871565	-0.382059333829034
K00800	2.22555722381241	0.62198800278023	0.38152832768938	-1.52320562613901	0.256578879447829
K00801	-0.895785077556303	0.99229827952698	2.96044693373224	-1.83256264341768	-1.18357793798839
K00805	0.292572931305239	1.24199191165283	1.06714461229822	-0.899176064261758	0.33011026868428
K00806	2.64507712508805	0.486122850898059	0.230367282853336	-1.40834416759905	0.222185449691665
K00812	3.12224306251175	0.779852782014163	0.0151924346395443	-1.02354897124466	0.0204960871657249
K00813	-0.505877479060819	-1.40528389382049	-0.0784315220258524	1.25936160670821	-0.449339656142342
K00817	2.07162244702942	0.692743395093234	0.384425292239399	-1.43218742621835	0.294247882457626
K00819	0.321213499561617	1.91190985274628	0.42831183455965	-0.186893242725694	0.0195298064669486
K00820	2.52917207862503	0.412573028925212	0.372103104815693	-1.48028488768038	0.314754085632217
K00821	2.57375945235855	0.720647845986636	0.561455229745121	-1.06790202794369	0.258185761066329
K00823	-1.10028789852493	-2.61580416130707	-1.97982563592413	1.60098467456404	-0.362411661056626
K00824	-0.0594227156483438	-3.36503192352936	-1.50620843984106	0.389889937511123	-0.393042055873025
K00826	2.97512973930008	0.385746423724444	0.188120717630596	-1.22841304106411	0.271712319942367
K00831	2.8498523392833	0.407575164559634	0.213332290277691	-1.31847860229906	0.269481079669845
K00832	-0.0261684498631265	-1.19612904953644	-1.22980417825201	1.30008135425154	-0.422976402548898
K00833	1.28202175434	1.60588697028473	1.16279576204798	0.204811316600478	-0.0380358677188042
K00835	-0.274562343105009	-0.451328779932706	1.70318208120844	1.5304752408177	-0.505823267606843
K00836	-2.06554530475967	-2.11294075417206	1.32072625540277	-2.20737733257707	0.231538938375365
K00840	-1.76907871578567	-1.0904097216098	-1.668515821471	1.72186909305159	-0.254417383560735
K00841	-1.07987593029373	-1.5610044853656	-2.15792169190863	-1.29223910284933	0.686105446906936
K00844	0.526190296665499	1.40631011557892	0.632249752507419	0.272957068553603	-0.370922585932362
K00845	2.57714618827469	1.06357536149338	0.920444766507358	-1.07065179509815	0.133989112468612
K00847	2.8970718541301	0.850307677510531	0.4041989543297	-1.13817854350206	0.216115372272384
K00848	1.96959234859116	0.894586299184115	0.51949636124155	-0.583486276993119	0.0722524393519279
K00849	2.87435938502915	0.550443087342532	0.455280850157947	-1.35677497399744	0.234667586179626
K00850	2.97101523067124	0.990711007836611	0.591880957112522	-0.762707609066331	0.132810549827468
K00851	-0.676020368083647	-0.751678969141691	-0.902760883345394	-1.61604883087572	0.702132182212722
K00852	1.38759380663998	-0.287344719645231	-0.986139794363766	-2.30072214020189	0.430973963828933
K00853	-1.1349630198323	1.28028074336365	1.1194662847378	1.47181687938277	-0.281084755418647
K00854	1.88894833709366	0.59287560415581	0.341882029996128	-1.32407147003111	0.320099966617477
K00855	-0.322258099063566	-3.00205680298492	-2.3623339138172	1.19049726115767	-0.501014513877976
K00857	2.70807744647629	0.64052021932915	0.370769123063297	-1.12917616249766	0.136219816299331
K00858	2.42430712367661	0.589257781031878	0.307530085072727	-1.38508828295168	0.217916773649108
K00859	1.89122994329102	0.535264168504031	0.372082660422535	-1.60212858332094	0.305371360870254
K00860	1.4318376639045	1.58361593318299	0.588274399266453	-0.261001008877122	-0.0313743632117394
K00863	0.206854776398012	-3.30086585449859	-2.65743317224005	-1.24055107993778	-0.579564137367356
K00864	1.65050931359894	1.2264523251088	1.1579651632168	-0.663961845764482	0.19428895601834
K00865	1.26802835698492	0.277402949157508	-0.196899925842075	-1.45529420984682	0.414581017585647
K00867	-0.518586381419828	-2.31635018753692	-2.18526758767584	-1.70726092470583	0.665546732040298
K00868	2.06873603250153	0.389405686977656	-0.0017221099875261	-1.54175384653505	0.290940957160842
K00869	-1.75676105831497	-1.65872939991638	-1.84724583245733	-1.77010168446001	0.790314393134963
K00872	1.14473221163518	0.161113750758918	0.479148308263035	-1.49434067619737	0.492322640510451
K00873	2.7806372800029	0.573879454854281	0.457534919009418	-1.07265675751265	0.234771268459212
K00874	3.13966800357468	0.742310856107028	0.454152504430027	-0.873085278400743	0.169321196170699
K00876	3.01843084479935	0.933286104920657	0.610577324853153	-1.06455369977053	0.149951534362685
K00878	0.928161815658877	0.916736636880191	1.04071102522394	-1.6206175865024	0.395681636424911
K00879	-0.563782914622953	-0.089554722782819	1.43752870939753	1.6841207562596	-0.460111437348473
K00880	-2.14473770473831	0.109438803616317	0.640497902856083	-0.409285861381852	0.609585242362868
K00881	-5.307094796642	-0.131257261511533	2.05677662275812	0.0894634543568258	0.750054376216781
K00882	1.5648338654197	0.319604050937445	0.445865789876194	-1.48350818766054	0.362213866802108
K00883	-1.00380967472427	-2.03321882652923	-0.922137220873623	1.41302548038069	-0.255757520889688
K00884	-0.922491296275785	-1.46812519001648	-2.17928757287481	0.948104482761062	-0.310075165686953
K00885	-0.702722414477995	-1.64837166237518	0.3065706589081	1.81079111682478	-0.616174979118455
K00886	-1.83678315494888	-0.429261531111448	-0.515185614599972	-2.95649315727647	0.901280360313308
K00887	-1.50081513737076	-1.50433918404266	-2.4446457824848	-2.45324363125261	0.739642100425613
K00891	2.18244649554856	0.816397164586337	0.275850693211765	-0.945949691662156	0.155013995262038
K00892	-1.0229344210469	-1.15777906346008	-2.04538049317816	1.4677163182408	-0.35610898396169
K00895	2.55229522372849	0.63203445506409	-0.107693304791241	-1.23799950195249	0.0275646615942832
K00897	-3.34486554478042	0.730073366883548	-0.0995510122916986	-2.06352599276003	0.878883795829665
K00901	0.155807272449801	1.91131785941437	1.29710541151545	-0.12240799082216	0.0602572430094596
K00906	-0.91124890659683	-1.22831674980804	-2.14879121400335	1.62923894511763	-0.330953573791135
K00912	2.02875687266953	0.950780664208682	0.317401687131138	-0.730401444563233	-0.0939278583804253
K00917	-2.63995264385574	1.34825268817261	0.706557313428135	-0.933802846202218	0.75124485978688
K00919	1.84698321010239	0.471245710376056	0.404314855561466	-1.80803461683687	0.347959296794784
K00925	2.68460716392166	0.437670995119365	0.403744260297031	-1.18588551444706	0.296542542072188
K00926	0.407818810001681	1.16188875270203	1.11057207964441	0.241172891727126	0.178969042392623
K00927	2.77378441478379	0.521851812127383	0.710640291199894	-1.18274127257761	0.262606577964675
K00928	3.00656165267594	0.370005969527514	0.226393113360615	-1.32932830167707	0.29535581359471
K00929	1.4265639492429	1.64045456481293	1.39608416937372	-0.41406454456743	-0.111401094106782
K00930	2.57750035907395	0.831608806374819	0.572971741185398	-1.09731636320945	0.202638762088668
K00931	2.45867325450546	0.684769724133761	0.481171111092777	-1.36355962170061	0.193320440145385
K00932	-1.21127079342239	-1.31684860157654	-1.88536312200048	1.74781714068953	-0.374967170862306
K00936	-1.5430931887471	-0.653134013888089	-0.595314463152676	-3.2436205328792	0.946849780174148
K00937	2.67262150432236	0.651668135646136	0.319077918753834	-1.02861576093134	0.244981871934783
K00938	-1.43535421703689	-1.37009843754455	-2.17881335832098	-1.44632681024965	0.69513084182347
K00939	2.88463200713761	0.482753817561419	0.372829715237827	-1.13675318596657	0.243443714471709
K00940	1.02755585397846	1.75294474196747	0.762169043050022	0.160293322673476	-0.0300660263577584
K00941	2.01568146134979	0.836025868180545	0.694469312653751	-1.18486488921341	0.24622063526715
K00942	2.62543107654221	0.274774075123818	0.0585859869428585	-1.64310433281358	0.26049013623799
K00943	1.30155639435417	-0.0142502294747517	0.341191092953892	-2.04815550459322	0.470677630992782
K00945	2.27226819182999	0.992755029919894	0.639642933831425	-1.17268152473267	0.159468190761459
K00946	2.20180215026505	1.07351187300995	0.349965045676441	-0.731929350027406	-0.0521580707112435
K00948	2.95829810287125	0.201215029332192	0.276131043658466	-1.51181589377817	0.348627882095229
K00949	1.79951550151474	0.477999482873233	0.26602309428236	-1.84619249714311	0.323339002223861
K00950	1.36846081997521	1.77042594981507	0.994857589230747	0.0581992684513692	-0.0917082410136346
K00951	3.02448906089432	0.689221237424166	0.540054301247806	-1.12196651272249	0.195737289281737
K00954	2.35876728679306	0.589891438010485	0.3420751490452	-1.17065841642913	0.257176535220992
K00956	1.51795013333924	1.46951917243317	0.724109450803013	-0.301201421150529	0.103784995170486
K00957	1.59592603232033	1.31518510413483	0.794024089799137	-0.216640192398393	0.15700845608319
K00962	2.9739601769603	0.626946393969805	0.698155919537754	-1.00845976484712	0.226318733783614
K00963	1.42949603582985	-0.11679076718971	0.0712128993876885	-1.33499373806413	0.481900410743606
K00965	1.39451095546849	0.165760532590897	0.318275133595676	-1.42679812324938	0.522343592735183
K00966	-1.0831892332875	0.612763379338534	2.84701953314325	-0.46179403675493	-1.05676804294978
K00968	-1.54346726749771	0.525010292056353	1.54593572996637	0.230895620456374	0.0218030680140373
K00969	2.05825211192734	0.545881841901095	0.319967756495685	-1.53609295500215	0.262412147613418
K00970	1.7039491691745	0.169062644812615	-0.0452288738630106	-1.97467764032778	0.318772451969039
K00971	2.10387779857285	1.57972017360047	0.719470957741947	0.114264827838576	0.041103767248046
K00972	-0.615262492641142	1.39506486487702	1.38644824408075	-0.219467538723313	0.0505463648756858
K00973	3.26170946742661	0.558013771298678	0.346887657866688	-0.790945369133317	0.197854386659515
K00974	1.03132711435921	0.961099718335421	0.982861737237186	-1.02473140073713	0.254442887397658
K00975	2.53458418037064	0.656559620621951	0.62865791700861	-0.962468120583856	0.351506190391433
K00978	1.28123147870667	0.208558569300325	-0.593934615626125	-2.74339331997331	0.185716258378875
K00979	1.15066237460143	1.68796518874481	1.27935133360407	0.0996411858708028	-0.0528120826760415
K00980	-1.17611406658523	0.607869897607119	0.88628993414423	-0.501171666511857	0.352932231517684
K00981	2.40055932189591	0.549155418399127	0.277577514276714	-1.26364636732038	0.210987227054488
K00982	-1.08787487362259	-0.703944291350095	-0.327522566094189	-2.38758279694017	0.851836280914199
K00984	-0.343030675395658	-0.453075494047849	-0.124896456970959	0.862101536861098	-0.636085970310319
K00986	1.44068379785187	1.51894668174103	0.882225254998417	0.33877764331404	-0.0741974543610696
K00989	-0.067022069438627	-0.687147464033811	-0.10364112771967	-2.42769696129259	0.708283798786056
K00990	-0.985935910686186	-0.728742207762449	-0.471350213064938	-2.6772073687404	0.900097208114516
K00991	2.00575895692475	0.0997972829373195	-0.263131102099209	-2.09761758459505	0.382393019290816
K00995	1.98123951341278	0.481696609977038	0.453626344428272	-1.51376085294183	0.300245182605636
K00997	0.988399715081522	-0.130506570812909	0.121634455845566	-2.42695202244219	0.510687368007552
K00998	-0.615296944125822	-1.33167442249939	-0.0506121865651895	1.36657987224165	-0.397699786333192
K01000	2.62893106128342	0.617775265696795	0.413093368039341	-1.39999263299402	0.237795965762984
K01002	-2.1741738161885	1.80745867324188	-1.75276186086157	2.08715878116194	-0.0109458546916131
K01006	2.76040794040329	0.864523683312686	1.11994920156977	-0.82217131865915	0.195891456695449
K01007	-0.420719727023771	-0.884655918356626	-0.743954618944912	0.0529963790089254	0.102284031005752
K01008	0.80205972577698	1.09135142398194	1.008350888715	-0.443709510692918	0.307915167899978
K01011	-0.796257837756803	-0.552082742926328	-1.04098786927679	1.21307526218001	-0.302953770367253
K01012	1.64898507382042	1.49863520694092	1.21942303560755	-0.277790683636033	0.140477525087249
K01023	-1.74864648197525	1.8004719359906	0.960886696801395	0.432324749103225	0.391926007362258
K01026	-0.968704446300199	0.526990537169726	1.07901225470087	-1.03095625651773	0.342571752162826
K01034	0.203242854133913	0.0920852167637661	-0.995139499678402	-0.0539506853907938	-0.21223801186477
K01035	-0.499510868533781	0.302244317355902	-0.87261982776144	-0.335430520901048	0.0730296243151542
K01040	-1.10962913845413	1.42442313266114	2.60720239065668	-0.021145838627183	0.0733223427256461
K01042	-0.170747502788236	-0.605346049544065	-0.373890837206631	0.617356759181655	-0.236557122302997
K01046	-1.93295143459671	1.69997123313263	2.63012276075861	-3.93641366375383	0.270508961768996
K01048	-0.185536130412748	-0.541057075735776	-0.48249121524313	-2.62914444817003	0.837779121490371
K01051	2.08602400209076	1.4673706634076	0.709284941182346	-0.596068579086625	-0.0122014712372903
K01056	2.62917949344284	0.501015369418414	0.303941200003834	-1.31354272676405	0.289774315448653
K01057	1.395403073088	0.476985041621478	-0.112571274413853	-1.80323781383928	0.250259118171584
K01058	-1.2870626292073	1.67804268431977	0.355168858990879	0.762188178172744	0.123862640949142
K01060	-1.05636738155716	1.90768328738526	1.94008455656549	-0.176300424465501	-0.423434091714967
K01061	0.275770322338412	-1.73545786308929	-1.20449032403448	1.55858431445662	-0.477476147917855
K01066	-0.447587712749174	0.023260463598521	0.501161763892383	1.33398948298994	-0.330725369958032
K01069	-0.903573258861234	-0.347064818617551	0.623729626164646	1.91743670093123	-0.504277480749238
K01070	-0.0928207478367593	-1.64464363026306	-0.884120901598721	1.23033700572554	-0.312385318783868
K01071	1.01479542340405	0.315119390013964	0.32772926472208	-1.98134227407869	0.259277062507522
K01077	2.26778639938004	0.697536085370333	0.208647737727375	-1.26560679388937	0.21532099136914
K01079	1.84913154031403	0.617622886422427	0.351168970093937	-1.38981230867799	0.231961386295211
K01081	1.35682940568096	0.948652718785556	0.0779540785410116	-0.778228479751908	0.0855939854105827
K01082	0.90979863788254	1.89174774718598	1.01671920202753	0.12538824664656	-0.0649771969596032
K01085	-0.505189164622953	-1.76470478939697	0.146201240346641	1.78510318385664	-0.46275025418197
K01087	-1.8576888880574	-2.03920742439911	-1.46773900605658	2.37838636027876	-0.383398501185525
K01089	2.26577641154892	0.776026342633517	-0.127474536671429	-1.09344285292324	0.0179138947447654
K01091	2.55873574401505	0.803489123109133	0.735056320653171	-1.21529382033046	0.249968694539916
K01092	1.77426536466248	0.189105555984528	-0.273980190529614	-1.82451005590852	0.314168887229812
K01093	-1.18532393787735	-1.38890119957611	-0.0796913406989862	1.71843014346663	-0.377381248382676
K01095	0.22991205836899	1.37995198798493	0.521649161801548	0.769783836475051	-0.425848154334176
K01096	-0.137169941409757	-1.62452300953552	-0.925490935816555	1.05130968677107	-0.571816189197648
K01101	-1.69444464062088	-2.15126034187958	-2.76068844415167	-2.39816226375993	0.880745844932449
K01104	2.77322591926224	0.397682045224459	0.236694777832241	-1.42437906874117	0.361103253456008
K01118	-0.190743669017484	-1.71722039150879	-0.559716125502377	1.16530142413679	-0.316583475081075
K01119	1.99036361362107	1.24667159152344	0.463994691596241	-0.474440413841569	-0.042674748210061
K01126	3.00066126968033	0.673551057103427	0.0670802709468315	-1.18793680084642	0.00822188148106301
K01129	2.42526866580612	0.680141483071597	0.551427523122043	-1.20621896100935	0.239529209228408
K01130	1.47481684471733	1.59383693766907	0.765008548722477	0.23473392116133	-0.123819744197476
K01133	0.178972736851046	2.01693442893341	0.729637185559482	-0.691596198210084	-0.42416980674659
K01138	-0.106785996898344	-1.39165958332702	-0.624168237223416	1.7678655205876	-0.501725329069245
K01139	-0.692527755244901	-0.961200203177182	0.0691279400893162	1.48689685451094	-0.349036155251611
K01141	-0.708492501720121	-0.91824277805969	-2.35762276269415	0.970272880664504	-0.288431165722955
K01142	2.40848685886032	0.406217877391131	0.227311069593639	-1.22583297205862	0.306265430541885
K01143	-0.434647782787016	-2.47530671524688	-0.521914800181179	2.24035487758223	-0.85419879665767
K01144	1.06132429923184	1.82267132830933	0.688486138806553	-0.337891775497758	-0.0578261148015145
K01146	-0.892528756602934	-1.10081907677337	-0.128732895030766	0.984323602786696	-0.236151265894819
K01147	-0.698101385577848	-0.705859686609952	-0.42288508035162	1.33154450046126	-0.399924902228463
K01150	-0.904480918391874	-1.63210996555969	-2.02677144624212	1.72073231326643	-0.440015418438065
K01151	1.7070865192569	1.07429233622864	0.805620888695927	-1.00079776657518	0.149587290378463
K01153	3.15607322837479	0.374777410748751	-0.149036457314282	-1.15610285414156	0.14498378524388
K01154	2.63575686599381	0.915164087537081	-0.259300579800396	-0.779813188442552	-0.02817682733928
K01155	0.277965859428713	2.15130332541779	1.11088428877375	0.520680886378921	-0.0360193233767632
K01156	0.472901538864443	0.761418019059451	1.39800057791254	-1.45296322120126	0.259952621551406
K01159	2.00555320169098	0.85867384505585	0.569021502957554	-1.12328653068986	0.148226605745208
K01160	-0.250106557353666	-0.488975550410001	0.281767080054493	2.64579043971602	-0.759071392921555
K01163	1.01496285285122	1.95347956252411	1.50893817327997	-0.0362082899897929	-0.0237695853987817
K01169	-0.679995640262296	-0.887716616865842	-0.521138986124783	1.69398747073714	-0.48583565464412
K01173	1.12918364714153	1.43896606993988	0.456144640670032	-0.38913674963411	-0.0900385360995415
K01175	-1.09038279865616	-0.675027336355893	0.476049015746326	2.07670317279402	-0.536513967422593
K01176	2.16261394406922	0.211817707504483	-0.267438699974804	-1.88750870836672	0.242379056306731
K01179	2.32864762927658	0.339299295666964	0.70563761375925	-1.81771530521806	0.184007721038711
K01181	1.72355558063156	0.973898146870883	-0.232417007460385	-1.79654546392854	-0.328050581721413
K01182	0.761085585609743	-0.0261089460818455	-0.568923374190121	-1.92030282629427	0.613281922431838
K01183	0.730909899727175	1.42398646903351	-0.341770668997555	-0.661448824533784	-0.0029494594613198
K01185	2.18231751109726	1.08013007474259	1.07738945864222	-0.293502944835984	-0.00898821463977134
K01186	1.47722964073784	1.20628765654877	0.722219566331119	-0.666490006574952	0.0245254207571861
K01187	3.59573771144516	0.440907750848086	-0.210357626452236	-1.50546725405153	0.1193684805354
K01190	4.25580693866379	0.940020833733828	0.330001900420399	-0.856040555366838	0.0874850917776939
K01191	1.33713924969799	-0.376733149763791	-0.497211118712216	-2.17262913597521	0.327610688300979
K01192	1.07204720462925	1.08796337676361	0.499810884223194	-1.50952939999994	0.291996555419814
K01193	1.77307416583664	0.293603566113265	0.337362299189777	-1.27920468462404	0.465956943126571
K01194	-0.574485643848112	-0.335138942476957	0.463329175935001	1.69212709056441	-0.296324154345143
K01195	0.654254094616244	0.0401757998497799	0.708571831212253	-0.236508804687821	0.293322758766067
K01197	1.24191999520428	1.10955700707749	0.190244937763424	-0.829056221374833	0.0855711270293113
K01198	0.248140052810976	-0.562904025789945	-1.27851309396246	-2.27361025227007	0.732028322311294
K01200	2.38417996551163	0.435242150548251	0.149056928680153	-2.03814538134035	0.275555806251418
K01201	0.758824155584643	0.0845504148037746	-0.554196496977596	-2.92587997330126	0.430462496372115
K01205	2.02151455070145	1.57408264708832	0.481748471484394	-0.15138759029802	-0.176101302711118
K01206	2.98256315375931	1.49529913497284	0.530625949130268	-0.44626315248903	-0.0170845221558694
K01207	0.766568527475664	-0.636026884791105	-0.188550626411228	-2.06547780645784	0.542529122920882
K01208	0.959365964785883	-0.718356217619626	-0.530058284773617	-2.29269768608507	0.51137133130635
K01209	1.82091678763993	0.655689750436099	0.565867761597843	-1.27931803775724	0.303875820728194
K01210	-2.00192759846084	-1.03485390114471	-1.41107275105932	-4.04243411434587	1.05406923780049
K01212	-1.23858855579727	-1.04103561806366	-1.44672526933172	0.431036573520339	-0.015986708907235
K01214	0.610622064129183	-0.115160460945813	-0.282243838085919	-2.49644388569292	0.678748803230178
K01215	0.16899634982712	-0.423174823996274	-0.958455582632809	-1.74677284372743	0.45194830188359
K01218	1.17937396272338	0.911823008778842	1.15114448450586	-1.77944125545915	0.205910133214843
K01220	-2.56455992077225	0.36875650716141	-1.68876304246405	0.0306763468891744	0.44558604249562
K01222	-0.883215411647489	-0.146240766522138	-2.60169806100348	0.521051627269423	-0.0450635533610467
K01223	1.28697059388525	-0.693386937853544	-0.423027326836376	-1.87101205004152	0.674370246024978
K01224	1.70955856229431	1.67039469313935	0.3054620423176	-1.1274711772218	-0.19790636187588
K01226	-0.57649753902786	-0.217685724970548	-0.701094647421627	0.0190241156727438	0.238872306438338
K01232	0.149467245594332	0.428441856625827	0.692289153561802	-1.25115378511842	0.437369124980819
K01235	1.69845022346146	1.03246972394303	0.0319994981222461	-1.63357492102083	-0.195149773714888
K01239	-0.999524577602079	-1.1575221674411	-0.653574963583737	-3.46255888355669	1.02045329103078
K01241	1.48975555683739	1.47949508261994	0.332744459138126	-0.15261914146837	-0.0621387939730767
K01243	2.22179688598282	0.583334807875903	0.293418834433765	-1.30022405398782	0.299265878291976
K01246	1.88436539556153	1.03899750542954	0.371221283898563	-0.784465330967271	0.0940521229227897
K01247	0.515627519146273	2.47373703551605	1.73790440939447	0.210669141879714	-0.218025315536011
K01250	-1.06485770557754	-0.852784480330198	0.172089809999676	-0.528415697941148	0.272881345840346
K01251	0.710763827816317	1.46885958743408	2.09360704802057	-0.403497415909135	0.0379810501059409
K01252	-1.62497471187942	-1.25767406391784	0.289120281563015	1.72013698207442	-0.216463508067477
K01255	-0.702067359431913	-0.714117969748227	-0.978133936896114	1.12659726726118	-0.212128492055285
K01256	1.51820285703308	-0.0171305941312	-0.65267707921484	-1.72774310720857	0.401560740562331
K01258	2.36132301475174	0.759232018712313	0.549754837975712	-0.953429389128053	0.173175560327422
K01259	-1.09556268070572	-1.82069298195526	-1.54762460805395	-3.23954142940935	1.02546914109791
K01261	-1.47028468464248	0.221503564260305	-0.468128999247341	0.201351028552688	0.309421019645583
K01262	3.15327026034958	0.720558886054309	0.18561270319006	-1.33285145772394	0.143525319190871
K01265	3.01570238258011	0.57872868013695	0.211948702559681	-1.21855499906238	0.188820945115935
K01266	0.37659813548691	1.27649656367615	1.31885323904535	-0.157950776943528	0.20993729123677
K01267	0.910406158224413	1.15888432097748	1.04215679548761	-1.27479467106756	0.226241247745406
K01270	2.44408322955734	1.45438960624054	0.703788320050449	-0.496349591144883	-0.0215010624209527
K01271	-0.422950728877714	-1.67409416603729	-1.68134142972448	-1.61237214816507	0.627128379436385
K01273	0.656691030517885	1.27481106353119	1.31750617407343	-0.600946146377885	0.176489459367644
K01274	-2.77570579861038	0.548585955622943	-1.62309636689642	0.104225617519057	0.145120130868804
K01277	1.68496851708061	1.49640158248261	0.65566066883585	-0.723307418951356	-0.047188280133355
K01278	2.77005280639298	0.839847479584964	0.0436174340833585	-1.22203897250589	0.0772087145766135
K01281	-0.919791444286039	-1.94748851227447	-1.92318095780829	-2.02102639091905	0.762667493911636
K01284	2.43238379146225	1.42242148948029	0.473894337640018	-0.674417156109178	-0.00956062784587181
K01286	-0.870265944942167	0.274913136485369	-1.38497593022802	0.0971728383213644	0.133134143443954
K01297	0.526079491630862	1.92049482894257	1.31997666739008	0.343778473010695	-0.216412810591805
K01299	0.144069210544894	1.54199150634125	1.07852743052027	-0.436321276554429	0.0488457549532768
K01304	-1.2892565569722	-0.843064750906675	-0.438120146765499	-3.06845178020891	1.04314311036671
K01305	-2.66758154247635	2.03157702517823	0.826911190972538	0.459497910609878	0.824925975891006
K01308	-2.1388761839711	1.43465593886688	1.63282046698114	-0.455620545276963	0.334753947349441
K01322	-1.57827256534927	2.51524523330048	3.10328874968073	-3.20635642422136	-0.103746620921243
K01338	2.68831838752396	0.825786326649935	0.642929057107181	-0.986072602996194	0.18554495462979
K01354	-1.10259745930069	-0.804301227804868	-0.66734685517767	-2.75121607197221	0.914878087135207
K01356	2.11431612159378	0.606794659617694	0.540372530446262	-1.47386552704271	0.380003886314284
K01358	3.00056494857437	0.436958198073657	0.457988838181705	-1.19563243848976	0.258651511760604
K01361	-2.43389104221695	0.0433244301112011	-1.15564753629187	-0.965474712976777	0.458919482322585
K01372	2.24215497161514	-0.000483523484914039	-0.523759563936978	-2.16108621967729	0.394105630012405
K01407	-0.373250111087492	-1.94346829819366	-2.40713514901617	1.45386896716658	-0.431467426923859
K01409	2.68729759837754	0.582299326184542	0.69833473347208	-1.18254826528724	0.287103312106979
K01414	-0.176223381503751	-0.146172429796903	1.52308652781031	1.69575248347822	-0.593472344783891
K01419	-1.29455278728836	-2.65034123825714	-1.31895281888464	-1.28074945820268	0.609480934234512
K01420	0.937021032825777	1.21633598637894	0.562651614175052	-0.193746882805192	0.289733903499496
K01421	1.59514747645027	-0.179609771248548	-0.00802549116232888	-2.63961042774614	0.59490986356343
K01424	2.93373026038773	0.759231422665866	0.37345332883379	-1.10678290886577	0.144753502698791
K01425	1.74649365331299	1.85078004432038	0.875471095071049	-0.186213511356675	-0.116961834935296
K01426	-2.04253815029495	-2.30555888580963	-1.39342178918341	-3.21721472156938	1.01675982961262
K01428	-1.19541285847061	1.37647465300873	1.9450471200802	-0.287636536487901	0.381861882301223
K01429	-1.19801281307571	0.639963839772494	-0.0189069188378145	-0.452174145111405	0.0762216020544883
K01430	-0.821011765941313	0.487803582671435	-0.17444915093401	-0.42994554651674	0.0599343646487113
K01433	1.0033775874532	1.74034968447998	0.31307209514162	-0.317728179821336	-0.0655815731564645
K01436	-1.53258632038467	-0.815291728255002	-1.11257602788427	-3.05358363998827	0.901367144676101
K01438	1.69685109044678	1.52499857974365	0.520965466723652	-0.206030744442308	-0.101027457026589
K01439	1.51795308376915	0.325571161332877	0.526094535813541	-1.43946357382234	0.455354349704635
K01442	2.55392576839096	0.852533434155734	0.5574271478512	-1.21644819093641	0.193143146129501
K01443	2.65443350459702	0.602044795277865	0.222373584733219	-1.24764511300024	0.229972170682799
K01447	0.853397206322024	1.82989409995392	1.23711953543207	0.00847027885023399	-0.117804361490357
K01448	2.34041167880661	1.327863608125	0.887967566476078	-0.52811928404268	0.0707000661810752
K01449	-1.99982283924454	1.50794914794281	2.80788836859247	-1.33826479626592	0.440036075206649
K01455	-5.18133614872329	1.49699345660523	-0.738287766947537	-2.24003769768175	0.424032585712325
K01457	-0.792072876437834	-1.68322869705841	-2.68492259599188	-1.31764947188791	-0.0361535381356362
K01460	-0.112991198047331	-1.00360819267914	-1.08566941834906	1.09623418437544	-0.410253463296044
K01462	2.31100334312088	0.262045894387515	0.233234743104191	-1.45532392276224	0.449030296893966
K01464	-0.8579547247731	0.461802755120547	1.29814372442743	0.221709114185012	0.160282121988189
K01465	2.28035356189377	0.556053076508792	0.541550377831669	-1.2124934451073	0.286141471954238
K01466	-1.41045044277542	-0.980148758169858	-1.22148801900366	-2.77667846096452	0.893935756774795
K01467	-0.635998471721342	-0.0908140199153111	-1.90147032357672	0.336442690959609	0.147834824415099
K01468	1.10452813740141	1.89520433974579	1.50104067705652	-0.244499284157121	-0.058075292018998
K01470	1.07315840657122	1.41964856219605	0.691781679616184	-0.492763418087327	0.0531731415709373
K01476	1.05975562419064	1.16943410468415	-1.17539693929174	-1.06908985165652	-0.222108609957445
K01478	-1.44400070522659	0.964694891694339	1.32527277849695	-0.186030107864701	0.300009148212325
K01479	-1.68771432255142	-0.0273107247321293	-0.725421508326321	0.153711300960219	-0.0893270503560189
K01480	0.940863565460512	1.22524777484253	1.57220278166315	-0.64465587151941	0.35854055175389
K01482	-2.95288680408829	1.36818376612976	2.32108126066706	0.0670291005283956	0.186115758510482
K01483	-2.88689874027603	0.3703355534108	-1.08101405717352	2.86593208896223	-0.19753877630626
K01484	-1.32691882465713	-2.40412732529327	-1.79353382207373	1.92895231830183	-0.390699965862382
K01485	-1.07630155895584	-0.724975909468381	-0.53670354701498	-0.365001696476304	0.368444459529769
K01486	1.26066004569895	0.788384888890536	1.06517181776545	-0.677466350921952	0.305469052883041
K01487	-0.89850853298538	0.775379930260928	0.548747161851139	0.308396798244155	0.167092161270034
K01488	-0.942253335460356	1.22719994616822	1.07895908735773	0.542357069125808	0.425484554859054
K01489	1.65293432857163	1.30089906287506	0.908101657853336	-0.450319963821733	0.170728163810622
K01491	2.85900344039566	0.466473971131594	0.20115982972166	-1.38671414864954	0.18792756089772
K01493	2.77514316226608	0.671712045195849	0.647020558343143	-0.986562493571603	0.189914720149886
K01494	-0.547095759853056	-0.557410980936734	-0.446367611660748	-2.61347891701158	0.785630779357803
K01495	2.5396362700618	0.376705367687495	0.015265223086686	-1.42745460880693	0.219051139446151
K01496	-0.217960699542692	-0.352271343943326	0.214581961260052	-2.55143739593919	0.66432006845082
K01497	-0.876736863597563	-1.72981556820556	-0.20772479988554	0.964227539172805	-0.247495524160854
K01507	-0.203748448833158	0.0060035480292156	0.495589325652332	-2.33510531795915	0.676822321506393
K01512	0.0354045787013266	-0.143301214453428	-0.589358230604916	-1.64241536272463	0.586975770088088
K01515	1.71188737537033	0.670642320636065	0.727698544488163	-1.09875338090357	0.32045723685826
K01520	2.51847161437638	0.688728932860644	0.468505362496586	-1.32132377041277	0.27603562364186
K01521	-1.27048705433243	-1.0730358021228	-1.836635252013	1.93315110789839	-0.39476895144378
K01523	-0.47677419994705	-0.285546268698423	-0.105349173321514	-2.74947120560106	0.716309087367904
K01524	1.6650421478904	-0.490288581129758	-0.582903584017544	-2.31604506386217	0.527723746391189
K01525	-0.860663398250272	-0.316197659250943	-0.15073293961504	1.0980280457646	-0.262775793654669
K01531	0.459921196953127	0.128949191990645	0.666941145882816	-0.0443034352153178	0.156385080905807
K01533	1.96199233914978	1.22017524075821	1.17211208723566	-0.708396184572541	0.140024350973022
K01534	2.27374722148545	0.654018257382663	0.728207329735966	-1.13955954400595	0.295488433929336
K01537	2.1552391209758	0.92839596104935	0.995162884221287	-0.936844217905366	0.151311682554137
K01546	2.01918192292816	1.10114172530487	0.355885426030369	-0.843832719454133	-0.0854086112061623
K01547	1.93058349277146	1.19521984887436	0.61234007261774	-0.761031645664537	-0.0534451436082009
K01548	1.21823145906694	1.66984478068665	1.063013891206	-0.247464019188249	-0.136125868169415
K01551	-0.739382728084257	1.40196636748627	0.419848392234058	0.325284224620498	0.110859470458877
K01560	0.847637371078799	0.407011826160701	0.418035695777149	-1.86772884739336	0.326363461109054
K01567	-1.6919710478627	1.43017152381256	1.84222481630823	-1.18447331649955	0.463646071048629
K01571	1.62024216438896	0.844333861592562	1.05910621069452	-0.50944789064821	0.275398986431014
K01572	3.00417329455979	1.02081987691239	0.757740239129276	-0.740600037702882	0.113932000490081
K01573	-0.417574151500395	2.10805681777313	1.36770079515955	0.0888534604221944	-0.165882980434049
K01575	-1.54780457828872	0.121943038526328	0.0632313401260088	-1.07960962069925	0.558460788818252
K01577	-2.09034965847366	0.507079277756961	0.419344077334614	0.441578608623183	0.275293068977248
K01579	2.33653797294266	0.83579078746155	0.420014510379047	-0.884274485835397	0.111584203334701
K01580	2.0113866486705	0.911739621880801	0.204573417530269	-1.25538091672357	0.105474667640578
K01581	-0.105244739993742	-1.14576741623565	-1.12462498761633	0.262917023769057	-0.025716511515725
K01582	-0.183134420856168	-1.0902624981372	-0.848258694186001	1.72625885593001	-0.385442851094354
K01584	-0.767189725383451	-1.5175931112735	-0.393069138302593	1.56914744960371	-0.345110325125802
K01585	2.52663208629257	0.804242764237673	0.29619080804369	-1.13923193080124	0.126220630498778
K01586	2.64633680965073	0.453997675898822	0.441811422333927	-1.0909794190317	0.284557120891463
K01588	2.34362341548569	0.719098244431765	0.928883770928593	-1.26847817314562	0.251547144742858
K01589	-0.0707199416004922	-1.09763571190521	-0.451408376469402	-2.67181612862047	0.816319184394729
K01590	-0.582948311313322	-1.85024544167206	1.05021975420496	1.01030574428145	-0.43202923050319
K01591	2.79093791629441	0.507798288586886	0.437064419017048	-1.20001041454967	0.271326439472091
K01595	-0.457175954326322	-0.663780297514646	-0.286950280442028	-2.154485243687	0.820195274444472
K01596	-2.38678453777664	1.8496605498822	3.4448817767956	-0.444689232239091	-0.202377686260093
K01597	-1.53822468136184	-1.46701451706573	-1.85724212743261	-1.75313420904573	0.710665063949477
K01598	-1.19048784588211	0.565666262629779	1.34784136198542	0.230019670596755	0.0541059542616721
K01599	1.69284834052689	1.270077620271	0.351433197484226	0.0104888497501974	-0.15504420360719
K01607	1.83148022081024	0.534021024230273	0.467652241215916	-1.26805778158601	0.365144567581069
K01608	-0.821535809978178	-2.63277980255768	-0.112937649264126	1.77715955363814	-0.496691463498223
K01609	1.33902557279236	1.0051348550351	0.872298816666813	-1.1878209219664	0.182512925954711
K01610	3.00599707748062	0.693739954951556	0.527879069075794	-0.928068745264375	0.193309055658233
K01611	-0.896382077678373	1.31464544368103	1.50079319857141	0.653193932643569	0.0846100915392753
K01612	-0.562738998874357	-2.37502166199371	-1.85322787381628	2.19483838664595	-0.859541697410691
K01613	2.32446231032974	0.85964504313782	0.478515843377323	-0.747085887321794	-0.0504318903962258
K01615	-0.226029141887357	0.0998760504753902	0.897500137315006	-0.739534485468232	0.0651825238188621
K01619	2.36694981242783	1.02286676001862	0.687658289895267	-0.676258343586289	0.141303466649902
K01620	2.03877087022431	0.856864903691561	0.496056834683628	-1.29494227779802	0.222377883287322
K01621	0.430272594944308	-0.666589643236844	0.146935927198143	-2.34426130665239	0.668894426914107
K01624	3.02015043880112	0.473121781471522	0.49023194097063	-1.15739974317845	0.258596258254897
K01625	2.4693409361995	0.74053100180939	0.327785442099781	-0.846757459768617	0.176033901067626
K01626	1.23808044652707	-0.116897191282956	0.0686546643086384	-1.3064068735927	0.543239371868026
K01627	2.25583984042771	1.05996010136917	0.574625472054691	-0.768390047678315	-0.0382440071383599
K01628	-0.610085948451689	0.645714436295779	0.763978520856113	-0.118896979221665	0.386983351798904
K01629	2.20917965556748	0.647345189574511	0.519074241147251	-0.863468366989457	0.125437842698943
K01630	-0.784827931865385	-1.30099162029907	-0.498709698691158	1.88352952586714	-0.491791574267495
K01631	-1.48111151073807	-0.741282846209256	1.27423558615229	1.51049576388899	-0.231633385626424
K01633	0.928876475349734	1.44849816394165	0.678699354157657	-0.0802737654536601	-0.0390656273642663
K01635	-3.1719662985646	0.317062412026675	0.364651808963032	0.234874588123	0.52336617002095
K01637	-0.577804668887785	-1.52517064976379	-2.36035837747076	1.49800263034407	-0.348397938517678
K01638	-0.529468997462919	-1.12152549194977	-0.284029503836422	1.98779688464705	-0.375001979974854
K01639	1.76348264600403	1.15213892293289	0.769124964699955	-0.410523492225968	0.128742622228515
K01640	-2.12244366024368	0.180589017096312	-0.446491321100979	-0.649645406135881	0.220672087760818
K01641	-1.33971761082046	-1.44358667301819	-1.77503325559118	-1.69682266128954	0.708648102374923
K01643	0.196652249351809	1.77404275966004	0.993097106442661	0.244543415179885	0.0117303300818321
K01644	0.161776916042635	1.78207770419434	1.04593072317621	0.198533397784865	0.00169293770397866
K01646	-0.114119633182218	2.14374557566956	1.39348290346643	0.254075747600234	-0.128590008226979
K01647	2.54945172454483	0.387866531136782	0.376782725081653	-1.26150872124132	0.348262207599532
K01649	2.71444501067764	0.536525313380511	0.452983985171528	-1.11517935510498	0.25830485114659
K01652	2.66309906627304	0.804369722131045	0.717211107239933	-0.982422280439698	0.26081140527333
K01653	2.49603392268784	0.737914775136264	0.421257148013325	-1.1627669030219	0.241955386491668
K01654	-2.18539808605545	1.43477073741272	1.48078332327387	1.25936685191695	0.159657614322555
K01657	2.33246220733292	0.44492401612118	0.302310238108845	-1.45978533042368	0.239314513297927
K01658	1.50480161692269	0.929139350178988	0.437630275712223	-0.957321348914468	0.180310117097747
K01659	-0.728084548457792	-1.80789729523346	-0.458702286257534	1.48648701297346	-0.366357950476754
K01661	2.53274132396347	0.600684885504992	0.296131918654651	-0.882094669470155	0.0483677257021781
K01662	2.84729661132462	0.844777141335757	0.645754198060245	-1.28244316888746	0.154459552856338
K01664	-0.71949778412216	-0.694964970823972	-0.541384597792416	-2.57723214043077	0.827362732978713
K01665	0.809584037319491	1.33272877765015	0.325172046647281	-0.530835348495805	0.181281464191329
K01666	-0.77867792461746	2.0950003011258	2.44811640165827	0.0523000775486593	0.174952344985854
K01667	0.347500876442263	1.89270559382752	2.2728744544842	-0.0178129853099223	-0.0571248065510873
K01668	-1.79961894367569	0.197999088663013	-0.243841787352352	-0.757661062607133	-0.141671990958798
K01669	-0.594232901080778	-1.32290765213653	-0.994549652113705	1.30863915072981	-0.379323108104813
K01671	-1.09321950291031	-1.11230930256531	-0.107835789694576	1.85187922107283	-0.371412051824677
K01673	1.89085103656418	0.770383570912631	0.00457499034783347	-1.14945290175971	0.185516404004943
K01674	-1.67063902233475	-0.0671449260680363	-1.72298612214544	-0.27198906553682	0.304146723838699
K01676	2.86993958140976	0.54107547235802	0.16067779295227	-1.01601116670068	0.0530300010165092
K01677	1.41712530042298	0.885854695561679	1.00687889240763	-0.719976681598985	0.335417287441146
K01678	1.0011156954921	1.1078369958432	1.28731022261164	-0.547551769146287	0.307825522514236
K01679	-0.577690585597685	0.584685687545092	1.76755748175165	-0.161556440719926	0.262989835830581
K01681	2.51141287471421	0.50829559994057	0.57910797976038	-1.10381400802877	0.310436623187911
K01682	-0.729012115939787	-1.26520427632019	-0.650882502569943	1.35175929652754	-0.343714540807355
K01684	-1.13560007427566	-0.717258717295377	1.60847340010187	0.0666701613575582	0.254921631904494
K01685	2.3115062871135	0.825648163083346	0.550080577359409	-0.734034437069261	0.153304087015044
K01686	2.6529027381099	1.04072729182556	0.693089643941135	-0.505493360885942	0.0708450842818137
K01687	2.92521394874222	0.670181517127307	0.719615797028751	-1.00168811095651	0.267837958427322
K01689	3.08661414767868	0.617341880324633	0.603544036374302	-1.20988213581737	0.198217319341552
K01690	-0.603086336597135	-1.25363274979278	-1.24619700528601	1.39594660388533	-0.429912669567216
K01693	1.14814415659077	0.138042536202224	0.474008271918506	-1.60319759262499	0.548111634345901
K01695	1.91370035792954	0.433003653410228	0.273450131044597	-1.47326018227037	0.292148308845412
K01696	2.45697821761734	0.495911036256106	0.523768762574406	-1.15574648542103	0.252531902881515
K01697	-1.6982560000264	-0.640651251551358	-0.446012695803433	-3.20384182346758	0.996623592468154
K01698	-0.428084238513639	1.13491574359253	2.01053676985285	-0.177771645912492	0.335241632552993
K01703	2.75916279937393	0.61372390818909	0.626182357297153	-0.96905023170408	0.250821160169494
K01704	2.66585756923325	0.667094532969744	0.6397264995434	-1.07847946448024	0.250902013870132
K01706	-2.53102777813308	0.911280308488162	1.68539474390528	1.40102849589888	0.144483732076537
K01708	-1.15866444919937	1.55152324271515	0.630487719998569	1.20497570621077	-0.0664223413745049
K01709	0.400754229084322	0.983727846864016	0.549535969720096	-1.70683206928667	0.214993016811263
K01710	3.21094991351731	0.572654132369311	0.324889669642658	-1.05321885211166	0.230902986617934
K01711	2.54811801101334	0.999012385133059	0.909005085454197	-0.359286624321305	0.0565231014212486
K01712	1.05269296552307	2.01492730212525	2.08687959097406	-0.184416133293473	-0.0140002649108056
K01714	2.82042111541397	0.644999418977053	0.369571099505634	-1.2498978407472	0.24153079280461
K01715	1.54782308723099	0.764164541486056	1.30814872168085	-0.626494336256349	0.23233781942929
K01716	-0.0190538010441568	-1.0540897505252	-0.954903265013485	1.37832913981978	-0.634890211729157
K01719	2.47038652087815	0.899193857434542	-0.0506664267919351	-0.909672322997415	-0.0145295541564111
K01720	-1.69614265774124	-1.18687864708587	-1.74683513261297	1.96942601787154	-0.239972320368338
K01725	-2.06952546451919	-0.736141170736997	1.69234023474237	0.921117645373977	0.140990929695022
K01730	0.305979029194186	1.62525561881378	-0.639173289313107	-0.628554868826234	0.0203072000464317
K01733	2.60353972102768	0.494250927689822	0.381885717139454	-1.23552895648178	0.262065963836562
K01734	2.35401345874436	1.28541103434876	1.03292105577967	-0.459541875252091	0.15475277790631
K01735	2.2605390706218	0.919228051427157	0.744301060662479	-0.836591321358048	0.181933717819106
K01736	2.43361677314408	0.587676112178118	0.509972015843601	-1.40994485033449	0.239671813341033
K01737	1.1262237512625	1.76343945098236	1.04462466619989	0.042563181987441	-0.0176703911105279
K01738	2.74126459743149	0.798994456055911	0.884438315854282	-0.932519275078141	0.183527575822723
K01739	0.0371385970271323	-0.363423194166867	-0.0913769952199747	-1.63820816887315	0.591498093696487
K01740	3.32565857555039	0.657418940785678	0.690166870579929	-1.18479390008148	0.260504798980605
K01744	2.15258617784149	0.277359095040114	0.0342654161908339	-1.5212925554603	0.183971451612365
K01745	1.88609071160919	1.64608779979065	1.20512674234888	-0.525050419697129	-0.0129561107436303
K01749	-0.47311745499008	1.6711492879422	2.34257207296869	0.244372588267959	0.217047290893447
K01750	-1.21226428364151	1.09324434829071	-0.835293909086971	-0.857078719267213	-0.117392597703088
K01751	-0.577430947765043	0.397607330802233	1.34007988356134	0.0667083083302145	0.230338679643523
K01752	2.42932321216233	0.509204540971072	0.357922116742344	-1.28930023623403	0.31475575456227
K01753	-0.563645466312101	0.54283476305321	1.21188173674128	-0.908531490096414	0.21969281324948
K01754	2.09786237861283	0.673690591576846	0.709873477444858	-0.896262872347199	0.309180157276046
K01755	2.96328331615097	0.470799197080882	0.367890814767094	-1.15934570071992	0.256618993373763
K01756	2.93761433745987	0.485161576989444	0.509022633061619	-1.06417423425015	0.265582399459731
K01758	-3.63215325687759	0.130855013254435	0.914351860509128	-0.405625778564775	0.700464205833327
K01759	2.04993577386505	0.871931288960726	0.586517969594211	-0.719233441480958	0.0743066836317893
K01760	-0.634028180583647	-0.624217118498533	-0.38805784799078	-2.07971479309496	0.78456731328572
K01761	-1.29238770817154	0.529939327958377	1.21279666803858	-1.59453477276262	0.434394376369369
K01766	-0.411072476848295	-2.23094984459564	0.349246303067417	1.41396151172224	-0.426261363534081
K01770	2.06426711465485	0.983416651013644	0.721161524281711	-1.1829189093202	0.142617570253265
K01772	-0.331454261287382	-0.270505066391675	-0.25448109723547	0.20257375823561	0.0685257781466361
K01775	2.65655805255539	0.520838711980136	0.38572327278635	-1.49800746453699	0.24693258294667
K01776	2.3024730839885	0.610233758214267	0.364180515036793	-1.41943662179407	0.269014673324477
K01778	1.94340498830445	0.524008874419482	0.284439245686741	-1.61186163438257	0.334193723293197
K01779	-0.935620053752592	-0.851384009596555	-0.79121889687994	-2.19168760193285	0.807280140014541
K01782	-0.682916983112028	-1.96291634010956	-0.953774055018215	1.39419732677046	-0.453906713036645
K01783	2.34894026900894	0.739832316163333	0.542670408711643	-1.31971858752664	0.263903873058211
K01784	3.00253309394486	0.44529322219208	0.296774248109073	-1.18045597834285	0.279979305358779
K01785	3.30806900645859	0.860056136372836	0.186959634051533	-1.22276240898069	0.10060461053456
K01787	1.64410527135498	1.61912635398224	0.621450165734501	-0.123837608227098	-0.15773099472915
K01788	1.30952666039831	0.708287511590274	0.738610009179325	-0.603605884441697	0.293816046806228
K01790	2.94359041835434	0.67762685251549	0.29152255736372	-1.15940867675241	0.22431574949826
K01791	2.46325005675919	0.904140089276583	0.862935165391178	-0.50044252289232	0.118870275112044
K01792	-1.10368607853287	-0.218242491957395	0.560615757928104	-1.13701638703939	0.526592629047286
K01802	1.80095316554672	0.228898806601168	-0.285812874808102	-1.96087016476091	0.338315086456191
K01803	2.80987204696305	0.504127089503558	0.41898218773386	-1.11270067313459	0.253247516246688
K01804	2.24423493529923	0.511584614041598	0.0263663907357167	-1.09983759684261	0.269832210632217
K01805	1.82488007928498	0.536464278224261	0.254664773569317	-1.32292822314199	0.237383650632751
K01807	0.847176805988619	-0.706579114672391	-0.65518077231863	-2.04995318067964	0.544311897846114
K01808	2.0857366480983	1.15827390981034	1.12494931601068	-0.535570401081407	0.16015245208348
K01809	2.06974084760315	1.02886966300324	0.715157429204197	-1.08351702181395	0.134640174003493
K01810	2.99368013526566	0.346889164868148	0.347424814925403	-1.23947505963739	0.269271867366683
K01811	1.82592554475434	1.3815585715802	0.647308210358829	-0.579825717338883	0.116697477193725
K01812	2.66036667014725	0.717597727301867	0.155213030503006	-0.776452857384049	0.130968021245849
K01813	2.15705950643189	0.677399878028186	0.510708312020511	-1.05310910505947	0.0290526021441337
K01814	1.97417338277466	0.574311022284777	0.414442310557575	-1.37660448563989	0.346013681980025
K01815	2.76083268310196	1.05174145531967	0.41192008040926	-0.673220294842088	0.0534764696081992
K01816	-1.68823622082107	1.19680908751801	0.38974160932085	0.728596788516677	0.0902749169787284
K01817	1.298106008128	0.91432467532471	0.621048311219425	-1.13258354304131	0.196781771274459
K01818	1.57969917441971	1.39099923205689	0.818708578572483	-0.146805006393754	0.0156267751177665
K01819	-2.89421676014297	0.622867946151049	0.13436589621088	0.887629133334792	0.388535814376723
K01821	0.324280158535311	1.4119882924588	-0.385053803696423	-0.373805481323564	-0.210855873284686
K01823	-0.945652230724027	-1.56665262150451	-1.43922986604193	-1.49482237113413	0.653641181083572
K01825	-0.550996526225736	-0.951120461699216	-0.66698851205328	1.62271462070051	-0.403807384876359
K01834	2.34792532111771	0.283108279678376	0.0313621307545017	-1.83401985777315	0.364864604564559
K01835	2.62866582061417	0.49485177231148	0.670523087010593	-1.19640084666904	0.324892358871352
K01838	-1.02283333156936	-1.81868597435638	-1.59268846131781	-2.11973215950426	0.7289736438712
K01839	1.2094055087424	0.882113669636996	0.798757056222172	-0.515481788048112	0.312087373824966
K01840	2.4980981507457	0.698428009274752	-0.0559283695361902	-1.01594420088228	0.00155548939312661
K01841	0.454313889995882	0.738935445073397	-1.36762764073828	-0.808278250822389	-0.206250166503537
K01843	1.25270945663817	1.71741465163544	1.12288115404627	-0.296002346405351	-0.0783341508189324
K01844	-1.75000069950454	2.08891693187073	3.01494107626459	-0.10414924038347	0.0144201982935783
K01845	-0.701372726901701	1.43957081866577	2.3529366054394	-0.236101406940782	0.314149456115615
K01846	-0.678721412166288	-1.03217526840851	0.379920730815143	1.48785291301314	-0.555691225437272
K01847	2.36960102702744	1.64072433543518	1.16183994196436	-0.0881105841487284	-0.0540985595265511
K01848	0.264879898086855	-2.4935063974826	-1.18989541150549	-0.983935225138032	0.0682848263701316
K01849	-0.526740416034391	-1.8470117704837	-0.285080989374905	0.0320546446949606	-0.0314456354657296
K01854	2.36875762130387	0.162059438052924	0.0199455548830937	-1.23238043797907	0.38385029325093
K01858	2.59514512206681	0.215503076660784	-0.786578734888821	-1.96200730217394	0.168475346656692
K01866	3.12574412013657	0.448800791624339	0.594839135632725	-1.16624037114676	0.231048064323318
K01867	2.88420106555588	0.487821046832354	0.496555636153431	-1.11015326002386	0.27107717284764
K01868	2.87843419696457	0.602951203110965	0.733614841923923	-1.08308357311186	0.243906186910522
K01869	2.9471674122966	0.529753301862033	0.490888039097996	-1.05842801121768	0.231779830547225
K01870	2.58007873679764	0.577085022452624	0.594021240697117	-1.12942486660328	0.226415442319762
K01872	2.91792251254685	0.652112428668292	0.514254430756779	-1.18169042778906	0.239864693971526
K01873	2.81640483523972	0.471669201377185	0.607797483430118	-1.12125600859296	0.269611852260482
K01874	3.01703788425095	0.599374268773349	0.588968912587375	-1.11076438039314	0.281325059028518
K01875	2.9961689868129	0.502798680785449	0.672566453442783	-1.12776025602367	0.2819441724738
K01876	2.97402717258103	0.498608653071673	0.693505147919865	-1.13886858647462	0.245452540012252
K01878	0.0369719424403403	-1.26275011467621	0.234953726158352	-1.28647436512407	0.570481853576553
K01879	-0.266873224719694	-1.56946596073791	-0.686701794638424	-1.06684279380139	0.504095571132552
K01880	2.92609466697342	0.692249212983401	0.825893322453709	-1.05161125523742	0.225488947721374
K01881	2.69993425990708	0.487161789658816	0.544611106143207	-1.20211875004467	0.272718327136886
K01883	2.89153911258347	0.492391948226245	0.543161789403171	-1.12720816334482	0.242295609804046
K01885	2.97639943744309	0.493771795752795	0.470672617182941	-1.32347108734544	0.298003571124923
K01886	2.84819568778641	0.72253162098244	0.657655159459324	-0.738276082405412	0.170363770814788
K01887	2.82255806113846	0.44358486366585	0.264140585885258	-1.23622182322439	0.252822952361953
K01889	2.67762388373978	0.575232510093005	0.57661328695795	-1.06162061108049	0.238162176700484
K01890	2.59292151118881	0.54433730674103	0.476873258576603	-1.16391307798918	0.240859614702117
K01892	2.82657136108048	0.51475984287575	0.501752982363911	-1.15727749032673	0.249452369304549
K01893	2.64986051704056	0.852115188363345	0.817179361806125	-0.681717264780366	0.208897160383117
K01894	0.00855948115951755	-0.15022068786308	1.45992360495111	1.32471666919295	-0.581528438238252
K01895	2.27808393623001	1.040858600858	0.573429743275852	-0.791369992622697	0.013523327203643
K01897	3.42800404216416	0.695353065255435	0.254395032749386	-1.6894515336841	0.214982794614684
K01902	0.195618824020693	-0.265431578633039	-0.0911419592044641	-2.35563780678209	0.539628760906112
K01903	0.67002458955414	-0.376105632063596	-0.24316774822691	-2.19558884514269	0.452755587192428
K01905	-4.42914126728409	0.721360866549762	1.38981376074335	-0.974214154610002	0.778345303626907
K01908	-1.37911699627273	-2.30290457176849	-1.7101487121723	2.14927635776106	-0.434100223688233
K01910	-0.184588416560819	1.99337557387665	1.10750208281061	-0.0267800272792216	0.0319070983847495
K01911	1.868377880112	0.967231605771334	0.23390936337492	-0.495544213184678	-0.17229817619716
K01912	2.29298617030747	1.7637824161084	1.13886652372858	-0.22938938749727	-0.0341481547633294
K01914	2.59853436137802	0.707641695264132	0.318749556765766	-0.730292278656327	0.210344480367553
K01915	3.53755380298264	0.627288524630816	0.487634430155964	-1.16527471629676	0.230485992523086
K01916	-0.47342513416641	-2.00564261841461	-1.81374408818701	-1.69195755136903	0.648886816593063
K01918	1.9075265088237	1.1495383126767	0.720539430604191	-0.666541952022874	0.107883321138274
K01919	-0.330272658809355	-0.963575686690061	-1.07059397317389	-2.35449935806688	0.82232411393727
K01920	-0.491982801898649	-1.80057808327362	-2.42284478761175	1.24443684207503	-0.349818175641644
K01921	2.7425787606395	0.481211487773211	0.171061778888912	-1.32270647896227	0.245443688722503
K01923	2.96054281379349	0.422916640165599	0.318769464717121	-1.17453158957657	0.281768815608871
K01924	2.69725288535721	0.572624568465502	0.340416351781101	-1.2627142251819	0.254071431251418
K01925	2.70569922114975	0.539851789000781	0.297403553948612	-1.35607050670084	0.226839529367339
K01926	2.29420055534012	0.824398194077761	0.437708953843326	-1.02745604080852	0.167762564512145
K01928	2.78950752402909	0.415222187164576	0.251900816784115	-1.33978781414922	0.252987103553664
K01929	2.32175494815476	0.517973457101138	0.426985213980884	-1.48636512769159	0.289035515876662
K01933	3.01943661357529	0.437638942721637	0.450428585038395	-1.19500256640609	0.230345772596252
K01934	1.9540193238414	0.618036602261813	0.205076450929851	-1.56237177861627	0.260968225093734
K01935	1.45706053163178	1.40645328593567	0.613343636021824	-0.0699770630687113	-0.0979606639424447
K01937	2.80906666900284	0.493409548524173	0.554184237942905	-1.12472470601793	0.239015506597411
K01938	2.29755331660874	0.620502714637072	0.744177142605991	-1.11225389674079	0.333020942302596
K01939	2.93560673381455	0.361002807143481	0.407172808871479	-1.2013160840958	0.286254065128219
K01940	3.16107083942063	0.463580538156779	0.394850949273319	-1.04157457811531	0.252451555820357
K01941	-1.05624388073318	-1.69951638149902	-2.53986491776922	-1.12969092869904	-0.0063521694222573
K01945	2.8649239697612	0.487163637402804	0.435103068576069	-1.13811167081591	0.243072735162627
K01950	2.24056650783188	0.749044035199435	0.841088990197391	-1.29280636025366	0.266649501415145
K01951	3.14651729251511	0.534780983451159	0.537425885424824	-1.1619869017392	0.238839017244231
K01952	2.92571939612992	0.370075468543322	0.464925239310474	-1.36482893241342	0.276585118862044
K01953	2.69917060519821	0.318957914236338	0.259135002718181	-1.44715600026544	0.282262640090835
K01955	3.37512518550522	0.546885971549304	0.398960123286457	-1.04735408289131	0.213357524963271
K01956	2.85885669376023	0.394307811382563	0.185453186259479	-1.17142003712949	0.277718858810317
K01958	-1.09925626133316	-1.13722475933716	-0.915895184054165	-2.30511845959123	0.692957000823867
K01960	2.71792306090958	1.0263316972287	0.373720029816837	-1.15805216444429	-0.0135321300307397
K01961	2.33702041293747	1.06145212483719	0.512633422837467	-0.903622183331811	0.095310824008834
K01962	1.28668829883702	0.599781785729678	0.975503543839664	-1.14727530753013	0.311783807369125
K01963	1.43826556290753	0.482479248765261	0.945785383210392	-1.22394396675523	0.323953943344009
K01966	2.12887211228974	1.64944139552429	0.771883110032291	-0.606855589279496	-0.114960862306702
K01972	2.03616167689926	0.530010525706561	0.561506310925693	-1.23515328330692	0.280737714858901
K01974	-1.59434889171951	-0.99808987545654	-0.217771371378689	1.98662243472639	-0.204427933303464
K01975	-1.23206137035721	-0.296270336386411	0.110180573985786	1.91939101802412	-0.266386622546065
K01989	1.82399346019394	0.662059579613955	0.662929038033695	-0.857188302406632	0.310838298889053
K01990	3.65755726482041	0.963576172116549	0.781537453160496	-0.76251550329622	0.247571485134017
K01991	1.86847628738053	1.80012706351593	0.674689749703617	0.293547612300551	-0.00255650093947685
K01992	3.47422792102463	1.15817633700684	0.771346668229313	-0.60457362545427	0.155500160547149
K01993	2.0865317740596	1.74512723517731	0.927502612099857	-0.19387205255922	-0.074149979261506
K01995	1.76316846992142	0.0413005394966915	0.373447636590214	-1.62617816341814	0.509173648448837
K01996	1.83774991418488	0.0826262278588131	0.312868336663456	-1.55174927724298	0.470190661044967
K01997	1.61985014464028	0.130676065209658	0.312415907607288	-1.82516064060625	0.47010757217015
K01998	1.30659484203226	0.193127673688681	0.191343093738766	-1.80844964397844	0.449853317829024
K01999	1.46422176148064	-0.121225144144742	-0.200157409086018	-1.93936397446092	0.541436629386794
K02000	1.09328752841122	1.79770937991455	0.359079907164783	0.0488740025669698	-0.0783289503136758
K02001	0.777170763269732	2.06811443400696	0.88834504269144	0.173652273288405	-0.0916961114684228
K02002	0.716185645119021	1.88042477202729	0.633856753335209	0.271228295436538	-0.126073291508305
K02003	4.33014322902329	0.666966770413668	0.715615371690006	-1.13420869162079	0.285783844085586
K02004	4.12306071902878	0.757446621182711	0.484788427577228	-1.1623955064803	0.243057774396789
K02005	3.0612039723552	1.40336600375489	0.704431334958286	-0.695854264625871	-0.0344338994303826
K02006	-0.373414143069914	0.402786303880961	0.691204527840824	-0.37864019287523	0.0816869605502006
K02007	-1.01888845775955	0.903072272065432	1.09577188871881	0.173486333957351	0.202290939184081
K02008	-0.143355711444547	-0.113253708359449	0.810535291657657	-0.706515985855424	-0.0402601044455651
K02010	1.34038807536728	0.443355728510173	0.754146734700413	-1.63185479057726	-0.106087354926217
K02011	1.25286917473442	0.458217893365176	0.737457314954014	-1.77946950806078	-0.12086963465606
K02012	1.01538670148022	0.712867830518038	0.809506753907413	-1.21202269507345	-0.16706276497041
K02013	2.84759332324631	0.805960272076876	0.463810543046207	-0.687349814304673	0.105183707567107
K02014	3.0192105927623	1.53546622824982	0.818139413819523	-0.102135199436509	-0.154204627482045
K02015	2.28015674735672	1.48207059932068	1.41405163191339	-0.256826359161698	0.0636991728266593
K02016	2.72605957175858	1.24458387923554	0.810740868077488	-0.245506900677049	0.035325871797454
K02017	0.756918565288851	1.1893149955304	1.08628092192194	-0.724789399036729	0.270627157779586
K02018	1.21072218093343	0.98373738360718	0.868467847333164	-0.503044802078568	0.297512369247329
K02019	-0.672692521556547	0.34232940209225	-2.23325337983587	1.62452517139021	-0.405096216110337
K02020	0.873870746151278	1.06650343966797	0.603415409550876	-0.386672753223741	0.271662609668624
K02022	-1.62057517383926	1.92539313865021	2.23193893812677	0.785848837962783	0.0234441626986381
K02024	-0.56326363895767	-0.131181146380155	-2.33661832429388	1.35841284381453	-0.378039805201638
K02025	2.20873798514969	0.443210173967631	0.457649121508808	-1.08496067238744	0.420769350620162
K02026	2.29412771846421	0.428225521567614	0.232190693245144	-1.1887527884334	0.426059084030044
K02027	2.14672006751663	0.263459396186621	0.197517971024723	-1.48835589302477	0.505385952087295
K02028	2.39872516776688	0.228456961211154	0.726806501374454	-1.55524085772928	0.46376265773381
K02029	2.01165069724686	-0.0496780829398319	0.294095704779835	-1.75129570377763	0.528209405036819
K02030	2.48338343288071	0.0699439985783413	0.241507644281597	-1.52974503053125	0.476559476943862
K02031	0.663983539596865	-0.211178477284162	0.636623362527103	-2.15869440449175	0.627996401878249
K02032	0.211090997711489	-0.424749042269437	0.662574986443729	-1.92441101683077	0.613143103214156
K02033	0.469349817291567	0.0376349581511333	0.53925401948473	-1.72033043516573	0.672607140632522
K02034	0.443272785202334	0.0147812856467083	0.888865689263553	-1.86597992790636	0.653992252441299
K02035	0.608145014301607	-0.152295674559324	-0.188359384908466	-1.78468151701387	0.766671972366225
K02036	2.59567882205612	0.52230373454407	0.722066740021915	-1.12255455678102	0.323340432735335
K02037	2.21770669604904	0.721281204942019	0.628247956261844	-1.11427719875943	0.280935006233108
K02038	2.09849114801056	0.743137751343997	0.650224665627689	-1.12930439630296	0.304446117969405
K02039	2.11016865159638	0.73069772553757	0.630009154305668	-1.70210303677019	0.279979722591293
K02040	2.69415392066605	0.770363901379855	0.417565236315937	-1.2921209217399	0.215555207820785
K02041	-0.597141965373686	0.295742173317225	1.40618608377954	0.363266807666457	0.117692040296447
K02042	-0.79393146847122	0.256449189606459	1.70997605703852	0.232730966678298	0.199070768447768
K02043	-1.49400065754288	-1.15214237141296	0.6798716583111	2.36868963824812	-0.339412009326566
K02044	-0.80088947628372	0.0752945138247326	1.19287822626612	0.437728506198562	0.209451334567916
K02045	-0.915199979289701	1.62510291171387	1.69451246641657	-0.0998909653514262	0.439313845725906
K02046	-0.962486251338651	1.20866319966629	0.885422150120945	-0.914524915942514	0.487060265632522
K02047	-0.564256652339628	1.63828590941742	1.6931795873501	0.373423200717605	0.132293926568877
K02048	-0.727362497790983	1.26005521846131	0.972667018399448	-0.661358642706239	0.513206915946853
K02049	0.136309281841585	0.708621655228884	1.36009273909113	-1.34411019397672	0.353709774108779
K02050	0.87704922343857	0.852812383893283	1.16637359045526	-1.03504173023399	0.29064823875035
K02051	1.29052309776909	0.937100206139834	0.814241329655857	-0.451572555431687	0.189224468561065
K02052	-1.05527160976761	-0.865705217596738	-0.653254707827358	-2.81224729431566	0.859808282943618
K02053	-0.972596152766874	-0.674972678896634	-0.574802239908962	-2.39353098286089	0.730534510703933
K02054	-1.13875768993728	-0.5116064803569	-0.404105146899014	-2.02914424551424	0.731415765376937
K02055	-0.829580529674223	-0.943015183684079	-0.92605491496542	-2.75450195682939	0.823290662856948
K02056	1.46899066950447	0.149929803434165	0.834681610093326	-1.05131556404527	0.369950668903243
K02057	2.17417879487641	0.306601558450015	0.582811693177433	-0.924172479042375	0.328495698066604
K02058	0.681577042595217	-0.0262030022113011	0.0594470337786387	-0.0992503346293803	0.10221822747792
K02062	-0.356463058932951	-1.00596591400787	-0.21747045732954	1.45577178584639	-0.479499025253404
K02063	-0.71817611072891	-1.13054200577423	0.102185951993675	1.49563680278364	-0.423520309833634
K02064	-0.874710305675199	-1.42304715084717	-1.04332401372412	1.70075784312788	-0.383701948432076
K02065	2.52904833938248	0.801601444009097	0.184142033086033	-0.895516860613191	-0.00449357738887107
K02066	2.56659247066147	0.616583441022189	-0.0109538636348535	-1.04490183604654	0.0479517746886131
K02067	1.05630681003697	1.79740348887757	0.85635087870142	0.0794883786350851	-0.0940756480971459
K02068	0.616758779541323	-0.0353841142623112	-0.378408452048092	-1.97265543354448	0.494965212436568
K02069	1.25100683878429	0.663698170903475	-0.157296305074482	-1.69848044527467	0.279643611999404
K02071	0.693228469148943	-0.666243578669278	-0.103040938749104	-1.98818178785738	0.633990900607955
K02072	0.957842991606066	-0.0412173526255772	-0.158413370623379	-1.73390187633928	0.446218328567397
K02073	1.53624720956452	-0.0883076148001835	-0.151138117089062	-1.24202348602709	0.451830999942672
K02074	-1.4403214297139	-1.16111370491668	-1.03518344975927	-3.22714294804033	1.04396362790669
K02075	-1.63210390423172	-0.649763669249265	-0.650921126379757	-3.02122117889818	0.915045576187026
K02077	-0.5543418965184	-0.886703099486081	-0.824884613528042	-3.29817046535906	0.947011427970779
K02078	3.21296741153366	0.770788167241366	0.201612273678989	-1.16503102270659	0.159319477172744
K02079	-1.03579734180801	-1.7864660875766	0.319873044715137	1.91801915751997	-0.352176671830762
K02080	-1.7764744601094	1.47770742011383	0.97287873409769	1.80950675593916	-0.101108981279481
K02081	-0.509239419444731	1.65972558093384	2.50159321211359	0.267691832652724	-0.0172508787194375
K02082	-0.691125496371916	2.42782143187836	1.42275188349268	0.179832917323745	0.102960215898406
K02083	-0.8959026179158	0.994402383092196	0.582365910039158	1.0188318310887	-0.171853056160558
K02086	-1.47644470547073	-1.16681059765503	-3.70273389436224	-1.33461405647691	0.665367202850234
K02099	-1.49634216640823	0.599212382558139	1.28322360895655	0.760619860759414	0.0883902777155753
K02100	-1.008346541866	-1.13854202198669	-1.03364040471533	1.52256665813032	-0.334710149077523
K02103	0.0695661463893149	2.0355314357312	0.697815636620731	-0.866290259489381	-0.0123852770606164
K02106	-0.663415416225126	-1.93667336868927	-2.51662244416693	0.631969672313369	-0.204779965786088
K02107	-4.97505877827041	2.78253296447113	1.76404116533777	-0.241926390060746	0.724140243621719
K02108	2.45748402263291	0.765434954884799	0.570880869851322	-0.9716454179376	0.278364734741103
K02109	2.21432401324875	0.996347640279086	0.889779190049381	-0.873796257504785	0.160286175104034
K02110	1.54095424796707	1.12793073487595	1.11206374548456	-1.24888761652406	0.170009152980697
K02111	3.14538075114853	0.48576152754143	0.66547260664484	-1.03584909004863	0.276779608817947
K02112	3.13024176742203	0.486964677098544	0.717220167145939	-1.00575641853508	0.297331588359725
K02113	2.15461404706604	0.59287485909775	0.510017941222401	-1.6809778393596	0.292064683528793
K02114	1.94117595340378	0.93861666751221	0.937326828465671	-1.16534247560199	0.274081544967544
K02115	2.58989586021073	0.63125160765961	0.531091610417576	-1.28412896705564	0.28113462218846
K02116	-0.428768499835661	-0.292323555227964	-0.363461097254543	0.562875848880446	-0.424262983707536
K02117	1.57211624170906	1.44078007769898	1.58775017641565	-0.50616123093065	0.223280685039413
K02118	1.84474368478424	1.29224673343018	1.536562303529	-0.506955403217637	0.219598667713058
K02119	-1.42240546558731	1.60730460715607	1.69536326311609	-1.24838322711881	0.624012725444686
K02120	1.10053888793356	1.79611340594605	1.48589013002893	-0.330738324055039	0.14656870255078
K02121	0.544757501140902	1.88001290393189	1.4985401429989	-0.527429002651536	0.160754369588744
K02122	-1.67000506733291	1.8995839698346	2.12112245939753	-0.630966353544557	0.607797937484634
K02123	0.811793641105959	1.86106005740479	1.46731207750818	-0.356948989757859	0.113838272186172
K02124	1.20677507940001	1.66873100829438	1.18726716421625	-0.390996235737168	0.0592422951182243
K02160	-0.550054892047575	0.525013957742007	0.812805453763218	-1.60036118639406	0.492919163795364
K02167	-1.51987431858413	-0.20704578923866	-1.66442193604925	1.80994973765913	-0.398140279559243
K02168	0.164349214092562	-1.12687715458557	-0.858264585509091	1.39122806178633	-0.420367194322694
K02169	0.903830484405825	1.68317214083985	0.2185679473736	-0.180016118416154	-0.0888671260157708
K02170	-0.760466321452787	-1.48576899933502	-0.321794351115017	1.56338415729109	-0.349186239747155
K02171	-0.803101881488493	1.50715855193451	0.729796270356388	0.454097849002517	0.353035943599593
K02172	-1.43791793201797	1.81490305495575	0.351328591332645	0.699634533992446	0.390513258071792
K02173	-1.66950987194412	-1.93850490021393	-0.530000706686764	2.68728099452559	-0.556484086422074
K02182	-1.53560970638626	0.45818835926369	1.10609636686823	1.96001825915877	-0.320217115787614
K02188	0.971187875524828	1.6316179378064	1.23430631540796	-0.552323061355912	0.130939977260482
K02189	-0.463750465854337	0.577949885848315	1.14136038206598	-0.974860224255883	0.51480128058995
K02190	0.750724569813082	1.30365327430084	0.744524220452518	-0.324087637791001	0.159161614271056
K02191	-1.62015317295425	-0.561799134489744	-2.09932126618841	0.547797065845168	-0.0232577901164178
K02192	-1.95457647655838	-0.215785499092786	-1.12035133458593	2.77226625072066	-0.722259921936143
K02193	-1.20233152721756	-0.687345053431241	0.977689424977512	1.73394308673445	-0.520456863550294
K02194	-3.15771840427749	0.662449423793109	0.270764599070759	1.2347262917668	-0.106204939989198
K02195	-1.18702147816055	-0.029694374081342	0.607604722008915	2.05426178561751	-0.403956292180169
K02197	-1.08385752056473	-1.1694668190448	-0.0945280692718317	1.75273047076765	-0.419100103882897
K02198	-0.878263219340971	-0.190848942276685	0.125568198487968	2.06478129016463	-0.57855330219661
K02199	-0.590950473292997	-0.976847852942197	0.391773799882145	1.75986776935164	-0.610142571834672
K02200	-0.73937128399246	-1.17424532341644	-0.122298499121456	1.465991359821	-0.417809618620026
K02203	0.217633978382418	1.38856378627136	1.52556512735865	-0.267471510300004	0.355715410800826
K02217	2.25900782729752	1.60995248389557	1.33431289576075	0.0503301440388326	0.0479119587859031
K02221	-1.0495424113118	-0.330911900278775	-0.643452843203335	-1.79769619120058	0.753576235862624
K02224	1.09939977611668	1.58910039496735	1.07683191679499	-0.538613397011125	0.0480547715147849
K02226	1.83981014873154	1.16523948741272	0.97560558699152	-0.589457291492784	0.215611236186874
K02227	1.26807842488653	1.40003398490265	1.3224452533581	-0.584451812633836	0.205645876022231
K02230	1.57760153795845	1.44319871497467	0.543836066947193	-0.155903118976914	-0.177243074385274
K02231	1.35330799306996	1.46937135291413	1.15176639936945	-0.574675578007066	0.113737212510955
K02232	1.39551818455822	1.3349733693631	1.27104626081964	-0.510223227867448	0.174972819181335
K02233	0.607320026413271	1.34503809047058	1.05198882006189	-0.619897711405122	0.171406643482101
K02236	-1.59895847652786	-0.699065829989164	-1.63610484220007	-1.26538169694837	0.607369618507278
K02237	0.615126565948794	0.427478541258128	0.290872121677608	-1.78013594759401	0.434099512191665
K02238	1.52776207114823	0.706614945653231	0.596477190480442	-1.16713689205941	0.224982218833816
K02240	-1.65232847545975	-1.66368886398956	-3.33608808137396	-1.94808824671205	0.859778361411941
K02242	-1.46622465465896	-1.75307759213135	-2.94239368058661	-2.26845683468279	0.790408330055129
K02243	-0.972982629283598	-1.80413171219513	-2.07757248498419	-2.05807783020433	0.718962924571883
K02244	-1.64446256969803	-1.77854939865753	-2.4118658504627	-2.0748143376201	0.793394999595535
K02245	-1.55722640369766	-1.07384964394256	-2.38467635728338	-1.92872490299638	0.564635651203048
K02246	-1.37974832867019	-1.67902919220611	-2.61067547418097	-2.1776317538112	0.749131994338882
K02248	-1.17864273403518	-0.31596096920654	-0.804708441271572	-0.246323186287248	0.332009689899337
K02255	-1.8422920546376	-0.876694287535398	-1.33467890836218	2.75746522533003	-0.529725117591965
K02257	-0.730426057323148	-1.58145460056946	-0.36829717971304	1.62668190585676	-0.49578712692653
K02278	-1.57745955799454	1.73248413634613	1.10449431322596	-1.19378434432443	0.232561605068099
K02279	-1.21662042950027	2.41910079551056	1.46526155851862	0.969505172839797	-0.547456039098847
K02283	0.952637598768542	0.395191882375033	0.425886074528904	-1.96584059608873	0.461176829429519
K02291	-0.703685744746855	0.637863074067385	2.67761526487848	0.357872348895705	-1.37510637751018
K02297	-0.522087558253935	-1.50251432823822	-2.22818436242559	1.59001384364668	-0.494975654391396
K02298	-0.40207253311508	-1.90447827744171	-0.924461980833798	1.4922684250981	-0.525192929414857
K02299	-0.476172431453397	-1.24905845093414	-2.18528928376654	1.57785068141524	-0.568670554069627
K02300	-0.287086351855924	-0.852858390089719	-0.659259100928097	1.4664271889836	-0.543453736213792
K02302	-0.57380948875778	1.3025517804654	0.769165615067692	0.507426839938796	-0.00868102720176017
K02304	-2.0179090342366	1.51532200408295	2.307327846513	-1.65670265568193	0.532881813140762
K02313	2.59910251285202	0.539204333546908	0.223750630841465	-1.22359130842384	0.301391260715377
K02314	2.89199020053513	0.50081062746361	0.624261418805332	-1.10364627962705	0.250237541290176
K02315	2.18319179202683	1.65327027869538	1.938342432008	-0.0834446133464213	0.314960615726363
K02316	2.52649594928391	0.490811531070025	0.324214915261478	-1.26683335317072	0.265060322376144
K02317	-0.627090199931791	-2.52446314263031	-0.340028931870251	1.91599903689925	-0.686757100729096
K02334	-1.81211779926651	1.9373389823468	2.56202540777704	0.232099872699416	0.249588953348052
K02335	2.67530895854599	0.582963172915728	0.383585999236317	-1.31999199403223	0.211896227689635
K02336	-0.661882503970793	-1.45375307964966	-0.588018854632168	1.51062498675886	-0.388073502091515
K02337	2.68670083667404	0.530060683015139	0.353368917927952	-1.2091425986379	0.247520463558089
K02338	2.29161860133774	0.456146035912783	0.187872658000202	-1.50035246027406	0.292947189899337
K02339	-1.15696667049759	-0.652579452273099	0.0962490686037253	0.875387650600112	-0.075085801986802
K02340	1.96598239328034	0.539499734166415	0.36017612598917	-1.42951108826097	0.325913148017776
K02341	2.15530116941101	0.654498223784716	0.546992997155399	-1.45309038771089	0.333320515247237
K02342	2.73650051738388	0.484029118541034	0.150201933906288	-1.30671878469881	0.157412068935287
K02343	2.35216964866287	0.701782975915225	0.648632863984318	-1.09668121425208	0.269955353828323
K02344	-0.857245667918852	-1.11662479805633	0.0860139042892168	1.42357287990156	-0.352468525973904
K02345	-1.25064824436538	-0.925912226912229	0.32657233856699	2.20441494571272	-0.767691655067551
K02346	2.21804966117508	0.636564616683276	0.224830741510601	-1.21710575682815	0.296862917037856
K02348	-1.51625750873916	0.640049879077227	0.901882151589603	1.32829080211226	-0.110257310775864
K02355	3.6978154339946	0.54114437532738	0.463632295356006	-1.05764050347503	0.221178548427474
K02356	2.89012707854874	0.538996462348254	0.456725577340336	-1.09163792555925	0.226307855935943
K02357	2.72646249915726	0.622605685714038	0.346450904832096	-1.04140263361629	0.184314774366271
K02358	3.10551668788559	0.561222408536227	0.561556557641239	-0.976912844309175	0.228889958949935
K02361	1.01581154848702	1.74226108622864	0.75096688650629	0.110466819873488	-0.104887677339661
K02362	-1.49016402576797	0.0979098571570232	-0.534343620314388	2.29605517970625	-0.428755728510964
K02363	-0.891289456828764	-0.983497943159787	0.0520008113057028	2.13727388965193	-0.474781392125237
K02364	-1.6206283411824	-1.01608952450439	-1.69159330941656	2.10408077823225	-0.316161250678647
K02371	1.74793519164688	1.28340569567993	1.18405828856012	-0.704888659843766	0.172792928310287
K02372	1.99102445031769	0.520267252448352	0.412979731784077	-1.36500183058675	0.30893756637181
K02377	2.70464266921646	0.785362694981845	0.694559256062717	-0.44956441534456	0.0406043101271507
K02379	-0.0450975737416055	1.65186420512512	1.49083826921961	-0.521438020595872	0.217576103301894
K02380	-0.503827913745573	-1.31416829991028	-0.512861808314114	1.07181678401533	-0.36703902295028
K02381	-2.46278260563247	-1.81885382103607	-1.25531043626287	2.63175378428999	-0.255214912334282
K02385	-2.35271523807876	-3.5851971762149	-3.58979382134893	-4.01643814457353	0.880710082145583
K02386	-0.936239226802519	-1.46107014584228	0.176639209017963	2.13737068759505	-0.50450055113231
K02387	0.153562680736849	-0.898307646986692	-1.29320635415533	-1.70548792494234	0.383383588882339
K02388	0.0638495841181967	-0.636733438250272	-0.74359174586752	-1.72068204296526	0.401975708099258
K02389	0.0282246031916831	-0.194935555931775	-0.572922547831326	-0.882800015935266	0.189755784364593
K02390	-0.136899693950346	-1.10512765812561	-0.987198372854977	-1.97834928644594	0.515399293990981
K02391	-1.65835092876785	-2.41234179901764	0.41820270799181	2.10678587543074	-0.237258046848524
K02392	0.350208536640475	-0.787649835821836	-0.910431524290829	-2.36144139183458	0.569847838970077
K02393	-1.59708259914749	-2.26422354149505	0.918839494214268	2.30540238009993	-0.355709804205048
K02394	-1.1028859457814	-1.44641217159912	0.715812722668857	1.82895002948347	-0.441843850521195
K02395	-1.1891155085408	1.95249095988587	0.960282424912662	1.12172041522566	0.0431426037272331
K02396	0.403223053470919	-0.293945814844815	-0.373134394659786	-1.69893755329546	0.386434691043746
K02397	-0.12566004608505	-0.606631662127225	-0.666145106329708	-1.73342283380922	0.460636155696761
K02398	-0.258243545039823	-0.351863886591642	-1.28449954606512	-1.80193968428072	0.417238192649734
K02399	-1.07787512157791	-1.54580911564514	-0.257285644783764	1.43583951579634	-0.288742126880038
K02400	0.348128632561037	-0.236315693136899	-0.136438434495716	-1.05988047210273	0.282512621971023
K02401	-1.00209067676895	1.66068795752838	1.3440516986706	0.733157378307021	-0.0626074503937844
K02402	-0.812736733897856	-2.48233124184295	-1.90832187749365	1.95098863231245	-0.613717479614365
K02403	-0.744312151416471	-2.50648399758026	-1.210334678664	0.480658036342299	-0.279183866439212
K02404	-1.06653354977005	1.19401368928269	0.87597749613306	-0.50874592674669	-0.00585892608557975
K02405	0.12344016219742	-0.660737182375638	-0.769867440237789	-1.78371621979173	0.455402927490127
K02406	1.159498219297	0.212466199520381	-0.34280683614233	-1.81944395912584	0.326327996345412
K02407	0.363140479580233	-0.0509895341365025	-0.304163237585812	-1.47712131155428	0.314938681217086
K02408	-0.129964574321439	-0.916795338865964	-1.13410629846075	-1.66227121962007	0.408684687705886
K02409	-0.450504287227323	-1.02076360153839	-1.07944502450445	-1.77451171291765	0.489598231407058
K02410	0.437557534233401	-0.370498801943509	-0.397460182680874	-1.49731223596033	0.345785515399825
K02411	-0.372079118236234	-0.986350859877317	-0.772154172434597	-1.8265695155948	0.428792493434798
K02412	0.510418430820772	-0.52679237293884	-0.17592810608366	-1.82614775312837	0.409463064762008
K02413	-0.44991610859268	-1.79183861183807	-1.5824779472492	-2.13708927048143	0.55447675475682
K02414	-0.539445265277555	0.985564862015994	0.558621326909275	0.565798145404494	-0.107182694582093
K02415	-1.18923400257461	-3.32895466255829	-2.59405364610174	-2.11291589153703	0.700548129173171
K02416	0.0181971945918296	-0.872335757490842	-1.14341737843969	-1.80625291479524	0.441657023521316
K02417	0.321250454441378	-0.17771920132324	-0.432365795149594	-1.42294250739511	0.303826110454452
K02418	-0.391646250232389	-0.07915591764137	-0.883751829638271	-1.00708008868393	-0.103955252079118
K02419	-0.163006528361967	-0.807642783400266	-1.13384523011663	-1.78565194023546	0.478889422508132
K02420	-1.42781756733291	-1.38766905235931	-3.77180137254217	-3.95100798023637	0.679194467159164
K02421	-0.154734714969328	-0.395865823504178	-0.555867692007809	-1.36672409189638	0.267165200801742
K02422	0.453803316608736	-0.187111731049268	-0.669950445666104	-1.60046728266176	0.301779763790023
K02423	-1.26046226833694	-0.851574148413389	-1.70975305654028	2.14409981357161	-0.517474306730378
K02424	0.866201178089449	0.815764818909915	0.698465148434849	-0.580716568359696	0.248693900199782
K02425	-1.28607486103409	-2.69273945259735	-0.0298694721601297	1.41293368922774	-0.240065200237382
K02426	2.54771150733597	0.596734647277148	0.00894954286596282	-0.962873774895036	0.0207237769087669
K02427	-0.314980133517912	-1.81633707451507	-0.158859243168621	1.0290309010655	-0.424206538108933
K02428	2.80543662692673	0.882604931119235	0.524520943389149	-0.896816927322709	0.178253607841384
K02429	2.62842024947769	1.34173849654511	0.239971230254383	-0.708298671373689	-0.0649927388707284
K02430	-2.14986513470047	-1.79227420258209	0.157811159715862	3.07050905810896	-0.419758154062379
K02431	-1.55050109241836	1.12468681168869	0.8266281285145	0.0725738822132711	0.53821744212712
K02433	0.859647408977816	0.122686986449511	0.571298758015842	-1.7798314870685	0.558959620090377
K02434	0.949530065909693	0.037040804150851	0.478224525675983	-1.73584576261934	0.58876253852452
K02435	0.572389737621615	0.46197604072407	0.585136035905094	-1.78560932291444	0.490559058280837
K02436	-1.47134540890091	-0.612712587591855	0.0510397064321349	2.36212311374251	-0.53075964560901
K02437	1.79677732373841	0.744567487958224	0.431973109469623	-1.41947387469705	0.205760167928588
K02438	-1.06343267773025	-0.658805038210599	0.328054884896488	1.7191160737187	-0.301035402325738
K02439	-0.893858893855741	1.60931948256806	1.11521623514673	1.34670935260359	-0.121825782565225
K02440	0.301070407882998	-0.537187780615537	-0.214884807839184	-2.01754500282701	0.64911581763829
K02441	-1.07521150921219	-0.823706354376523	-0.95704879380682	1.54615865336958	-0.213841127214778
K02443	-2.47734878872268	1.09484515023545	-1.46032645322302	-0.270875889190995	0.648170845600021
K02444	-2.43706892345779	1.52296522689179	0.102308406011076	-0.0643943728297587	0.664008097740066
K02445	-0.0464116177403238	1.51262715888336	1.92162523649713	0.379925352206862	-0.166010981408704
K02446	-0.496228440746	-0.762141193625181	0.212851712928028	1.26943622218672	-0.139557091502297
K02450	-2.62010477398269	-1.80313130783722	-1.23253383256414	2.55662832843367	-0.198970200476992
K02452	-1.70253942821853	-2.37567063736603	-1.73890914536932	2.48604045497481	-0.235255405289877
K02453	-0.526862963184049	0.161420312348159	2.03585074327967	2.11410103427473	-0.415063230303872
K02454	-1.53881429050796	-0.356790270086972	0.131325128004761	2.36542807208601	-0.148910818604577
K02455	-1.55105493877762	-0.319643522974698	0.20661816977045	2.34243474589888	-0.319856030849564
K02456	-1.79142044399612	0.0173942638666942	-0.114224990381985	2.64538846599165	-0.290399273840535
K02457	-1.46729992245071	-0.74189635681793	-1.77423026181677	2.6153517781407	-0.331934904662717
K02458	-1.93455313061111	-1.13844427036926	0.803557375893802	2.07080970393721	-0.190620368329633
K02459	-1.25499533031814	-2.84689160751983	-2.14894308663824	1.86836991893355	-0.157511739043343
K02460	-1.25398991917007	-0.98411568569824	-0.565600176825314	2.17136583911482	-0.299318039772857
K02461	-1.10787866924637	-2.2080318586795	-0.00443779073575036	1.9929529248387	-0.275763025490392
K02462	-1.34665273044937	-1.28119775223419	-1.97166528321722	2.29477320300642	-0.236303500814188
K02464	-1.42731426571243	-1.19228311943695	-1.51287462331274	1.78511653529707	-0.623568100837815
K02466	-1.85592983578079	-0.0736811416117832	0.0973410815753649	2.11988816844527	-0.498228831199754
K02467	-1.16556261394851	-2.42750355171844	-0.402458985819607	2.00470719920698	-0.458232847956765
K02468	-0.710072024806669	-1.68888935017273	-2.06139697648504	1.82318697558943	-0.517009807733643
K02469	3.0590522446788	0.482357059243472	0.526382128224583	-1.24075802726444	0.330807523818862
K02470	3.26535178805954	0.487286422971041	0.481422463879795	-1.1319174220204	0.303277390094649
K02471	-0.10622714374893	-1.62415501045868	-0.400595774426251	1.01232276546065	-0.538321180252183
K02472	0.440052942291567	1.18823424411133	1.27200518034479	0.586757761111892	0.0381796229800102
K02473	-2.30059264515274	2.53198412490204	1.40196965120813	0.97383509265486	0.281538682075393
K02474	-1.16754244182937	2.41790941787079	2.18645034216425	1.51994095431868	0.170918123813522
K02477	1.03436367298729	1.7848811490567	1.03730074547312	0.666009765735305	-0.141315145401109
K02478	0.0569430747187827	-1.88500043320343	-1.49125530339697	1.22421513186995	-0.40744030287658
K02481	1.8660375037349	1.88063136172608	0.935071686730594	-0.340851205715501	-0.0859550814906243
K02483	-0.0744170985066201	-0.661958243128507	-0.941995819582729	-2.77225531948503	0.737091379257095
K02484	1.17258807542987	0.309499521377833	-0.233740945830135	-1.66570015562471	0.316941397281539
K02485	-0.78053806637161	-1.49346527027771	-1.965222021117	1.512054067722	-0.577692611126054
K02492	-0.965699656947782	1.62369671893433	2.35821209333918	-0.0856646479457255	0.304230766387832
K02493	2.02859582091934	0.663172457936557	0.520194480643482	-1.61960430754121	0.268934981914413
K02494	-0.626758440478971	-0.805031146284787	-0.0423761881134798	1.05783520328108	-0.386882005242455
K02495	-0.413938983424833	-1.09078153538391	-0.142696698679714	1.07920704471175	-0.295892314968455
K02496	-0.537475570186308	-1.73108431267425	-0.287592818512707	1.40585313426558	-0.436538262275803
K02498	-0.724684580310514	-0.727399970766752	-0.570159514918118	1.3053947507054	-0.268020911125291
K02499	0.120436445728609	1.47858992648438	1.45259652517817	-0.891144397982919	0.206320064159286
K02500	2.38763202811844	0.512032840970309	0.714190880284519	-1.11680615189258	0.324536221118819
K02501	1.86351026679642	0.446495149853976	0.271675581560345	-1.50366254461702	0.365139799209487
K02502	0.166381732479403	0.355948616388591	0.603685537800999	-1.56070511353906	0.426012294383895
K02503	2.46516527320511	0.645799223902972	0.334516803250522	-1.18038543624576	0.217729525657546
K02504	-0.251421078189543	-1.84819766449615	-2.44430913545111	1.26685033427779	-0.469491733221162
K02505	-0.313860162242582	-1.73128982948944	-0.612599988951473	0.907419544330275	-0.501635534671891
K02506	-0.950219138606718	-0.217726226326673	0.755862156377048	1.4588519154698	-1.08697925320064
K02507	-0.549078329547575	-0.891165818449704	-0.232975234761028	1.48811731921736	-0.402831790951836
K02508	-0.932290299876859	-0.0736197190253422	-1.65322568036535	2.54472146617476	-0.811401886848557
K02509	-0.748780830844572	-2.31921454834625	-1.78958870984533	2.44270740138594	-0.779861373809922
K02510	-1.10423205707901	-0.636556293246	-0.465165635123043	2.4099291382939	-0.671400023607362
K02511	-0.910568459972074	-1.0890692131488	-0.33056609846571	2.74280629741255	-0.854427559284318
K02517	1.30073063160546	1.63259211612061	1.03994629763147	0.212706786266005	-0.164627267030824
K02518	2.74968458797104	0.763572190526278	0.423216442094059	-1.18090918970998	0.141126738878142
K02519	2.63191725398667	0.566937331679614	0.609843293652744	-1.17704731536802	0.263132410140884
K02520	2.53571941043503	0.385075782063754	0.210721949563236	-1.38891546739038	0.231278853507888
K02521	-0.199549182399442	-1.10751673149749	0.0884194806971262	1.36525354968611	-0.372768400220025
K02523	2.04713095809586	0.949725006345065	0.334858278260441	-0.862233984598481	-0.0345115344802026
K02526	-1.26608227108352	-0.16738953756973	-0.199564760103016	2.19207773791853	-0.534640742448914
K02527	1.63949675943024	1.57060805392578	1.06750331305048	-0.391079622635209	-0.0697729270735863
K02528	2.69381798888809	0.412684012773783	0.222643549070568	-1.28279628170427	0.299607710929763
K02529	3.29308606769211	0.27955193874553	0.00266730271360381	-1.68439974201616	0.428878800960433
K02530	-3.20781586979263	0.0694103283913448	-2.11188306428412	0.117274266353286	0.543430106731307
K02531	-2.37090085361831	0.960520599606784	-1.60350682355383	0.578435879817641	-0.0266776662150506
K02532	-0.414648993953397	-1.00317796635315	-1.23205318070868	-2.04375787390169	0.721705274673354
K02533	-0.779991730197599	-1.38696690964386	-2.00594653703192	1.79029975520674	-0.527583194879639
K02535	-0.334351166232755	-0.876045073744504	-0.999964138045101	1.07562599765364	-0.332498816756356
K02536	2.21901418353684	0.940948580029757	0.421650330052585	-0.864750433096253	-0.0359270851889733
K02538	-3.39346860264175	0.784337197068484	-1.42883874989965	-1.35962388230261	0.258332448097121
K02548	1.65837295438416	0.483445410254748	-0.157941540255337	-1.35285777164396	0.200315402837646
K02549	-0.326564773067167	-0.0717621998755619	1.55499933146021	1.17941008197371	-0.334397954849351
K02550	-1.8857240519368	-2.03443333077118	-1.46310104943731	2.34310041057173	-0.374156353978265
K02551	1.17350530523128	1.72798517775849	1.03933922432444	0.138702732196486	-0.0904744844714288
K02552	-0.549919827922514	0.0667039347918346	1.03279594563028	1.30284820186201	-0.304918529448855
K02553	-0.914773448451689	-0.899168099638669	0.0260667097576569	1.29939256297652	-0.396936817077744
K02554	-1.05572031353348	-2.44294663834259	-0.400560399069576	2.1818276463658	-0.503018928674805
K02556	-0.0540526947819497	0.172143944177182	0.433394233212681	-1.56287245763239	0.40366150626744
K02557	2.03038884784348	0.0492311311991527	-0.619439800753384	-1.44430400741991	0.119217233749282
K02558	-0.494936927303007	1.28309718203858	1.17831645391962	1.06172834025923	-0.181445321051228
K02560	-0.11085770939224	-0.887696947333066	-0.65429856397131	1.42355404483382	-0.580847395567048
K02562	-0.841122373088529	-1.13658818173095	-2.01425017930487	1.78417120563093	-0.481720073131669
K02563	2.63334728862412	0.467772786143573	0.391079554782123	-1.29767366064485	0.283065455051314
K02564	2.83312262679703	1.02131316495255	0.646281877980442	-0.753894704708421	0.16296480784024
K02565	-0.609298213466337	-1.63150819706604	-1.31782307244757	1.33455262767378	-0.372056430188763
K02566	-0.098117097362211	1.51558188033417	2.37656603239557	-0.12066717756685	0.123481797071349
K02567	-0.644847138866117	-0.708207871195524	0.781389514432163	1.84457336055342	-0.532126231102097
K02568	-0.853244527324369	0.0301407320530727	-0.0135166919968416	1.23789105998579	-0.395394964126695
K02569	-1.29706762646072	-1.01950034069702	-1.87794079400518	1.65414343463484	-0.336696697382081
K02570	-2.16859362934463	-1.91242429184601	0.449102441296787	2.4489961682469	-0.322134217230428
K02572	-0.204252346500089	-2.98803206848785	-0.33862598754385	1.26112948047224	-0.566111816076386
K02573	-1.03669904087417	-0.0953839080302403	0.988465348706455	1.6976259766728	-0.385019643215287
K02574	-1.34509418819778	-0.35991164612457	1.2317812242367	2.06778846370283	-0.424173785356629
K02575	-0.990047677501371	-0.774092282530515	-0.0958405188463022	1.65111647235457	-0.201294491050589
K02584	-0.853500350459745	0.891631816151889	3.11249719046137	-1.77393795860704	-1.26591090670024
K02587	-1.42536972378128	1.44153574538544	1.74730453871271	-1.05805390639003	0.560221390815627
K02588	-0.947201474651029	1.76488510203675	2.21166692160151	-0.934790018328988	0.473360018821609
K02589	-4.21146367405288	1.33102050853089	-0.764262636675625	-2.16676844967302	0.974004821868789
K02590	-0.634268983348539	-1.73819288181946	-2.67261137582281	-1.60001968158182	-0.115903658775437
K02598	-2.12026880596512	0.966673944714816	-0.616162975802212	-0.296259600052201	0.570786314102065
K02600	2.90294970656998	0.483038399937899	0.457840124592991	-1.22619712663587	0.259680645557296
K02601	2.40896667625077	0.836133514169009	0.596004287228794	-0.894850346574151	0.257152395339858
K02609	-1.69558428142898	-0.926203693625181	-1.56517293073156	1.8440042554051	-0.398232040909875
K02612	-1.8975751242482	-1.99072476792022	-1.43035914517859	1.98114667522017	-0.408105878142465
K02613	-1.81293891285293	-2.06476494240448	-1.49324860192755	2.05087600337569	-0.397242126969445
K02614	0.83379401351578	1.43029764724091	0.773833314404697	-0.238988596329057	0.0151850450953361
K02615	-2.03548954342239	-0.569267298456876	-1.56641699887732	1.93043194400374	-0.209942797181952
K02617	-1.30680797909134	-0.819050873991697	-0.376197417750149	1.81062613116804	-0.430204180983651
K02618	-1.99317692135208	-1.94675442146942	-1.38978817082861	2.22889266597334	-0.393830521015275
K02619	1.23941166038878	0.191015247824939	-0.519669314398556	-2.0129316033214	0.365831451507461
K02621	2.39331342364914	0.682642791989596	0.239434252009601	-0.976762297877633	0.0615003574808952
K02622	2.79467500831253	0.478660915616305	0.161660911963196	-1.20089129669365	0.0824928153475639
K02626	-2.75447176311844	1.68631652427033	1.09194300554773	0.488466364017165	0.057240413518798
K02647	1.62509532357819	0.899101410630496	1.04272864244959	-0.651348966488206	0.310634808631789
K02650	-2.03052543018692	1.77139845919922	2.91517172239801	-0.994271370896661	0.301024513336074
K02652	0.0541440406001303	0.262639508220704	0.81574902914545	-2.77200176132616	0.448196785541427
K02653	-0.395447715266874	0.714182023528369	0.862358371243687	-1.94748904121813	0.460057275386703
K02654	-0.00544594143264554	0.194418490502389	0.669543067441196	-1.97379769695696	0.527186708541763
K02662	-0.842998727306059	0.238677018891425	0.576432982907505	-3.04027630699571	0.631415801139724
K02669	0.256311968818972	0.745205436471255	1.01224980734369	-1.4437616647571	0.433553116413009
K02671	-1.61170934055679	-1.22160514759704	-1.97408928491095	-6.00993241680559	0.815497593971145
K02679	-0.868316873058012	-0.086386735913007	-0.165528317465573	1.34464703189436	-0.340562930313695
K02680	-0.898196443065336	-0.244833763119428	-1.41018261529425	1.48193202601973	-0.283397903648961
K02681	-1.27705953930252	-0.540692831751554	-1.88776959992865	1.25129352199141	-0.354469163326371
K02682	-1.39275430057876	-0.109121944185941	0.305980245099277	1.37859497653548	-0.300013652054417
K02686	-1.86450575207107	0.318272296908648	1.66390977285883	2.48736034022871	-0.366328490881074
K02687	2.03514410640366	0.905662391904147	0.791393021569462	-0.715288508066499	0.220951246114623
K02688	-1.19307301853531	-1.81416675018951	-0.237868835701733	1.48854337321821	-0.245879158826369
K02742	0.00284685279495456	-1.35835369991943	-0.471014102473049	1.11486421214644	-0.508401257900346
K02744	-0.488059504970243	1.95498887133911	1.20102892302057	0.17954764949385	0.128512518497359
K02745	-0.758947475894621	2.29800299239472	1.11911020658991	0.373067003360427	0.0393481124361869
K02746	-1.00659178112381	2.50269464087799	1.57738469027063	-0.177215594181382	0.0729798842390891
K02747	-0.590977891429594	2.15889469218567	1.15845296762964	0.073091369739211	0.130296545120132
K02749	-0.838438256725004	-2.49271389412567	-1.9118054113529	1.96869097339217	-0.582231087593186
K02750	-1.01535294865005	-2.4674517767398	-1.87420990087011	2.01255951510969	-0.510503632930863
K02755	-3.05129979465835	-0.159862961050718	-2.3280776939533	-0.779367017874085	0.583974437805068
K02757	-3.04651521061294	0.688098226311953	-0.76351954556921	-0.598451990017259	0.575215773673904
K02759	-0.221623047336271	-1.05465516018554	-0.68603273250082	-2.37371816051897	0.684749262424361
K02760	-0.420552595599821	-1.05253263878509	-0.638245125784664	-2.35101880443987	0.718033390136611
K02761	-0.275171979411772	-0.920497264143674	-1.05088379003027	-1.67573692215379	0.769956307502639
K02768	-1.60752032612198	-0.437567199942319	-2.78765859223822	-0.696376013883912	0.325493292899978
K02770	-3.79181121204727	0.0235470278294399	-1.53831281281927	0.51280484782759	0.452594952674758
K02773	-0.0158781847798135	-0.47157552408859	-1.95950212098578	0.560806256404555	-0.307978307811368
K02774	0.694666759029696	-1.97937127518341	-0.588567932619839	1.22595058070723	-0.833963496593583
K02775	2.40988256122238	0.590300594094546	-0.57497270919302	-1.42754040969309	0.0140067506750938
K02777	-0.202824815257719	0.615877155783923	0.950159946904392	-0.64808519495424	0.364169256778609
K02781	-0.827080949290922	-2.16886183190033	-1.73987116433599	-1.30284996641573	0.557598726840865
K02783	0.0647326865351889	-0.736329342600553	-2.77984871484259	0.747266393771804	-0.392153976468194
K02784	-2.06808780048721	-1.6795814888446	1.08383009813807	2.87258444415633	-0.556735439209092
K02786	-3.11702178333633	0.94470546078995	-1.96623410798529	-0.222980874904954	0.451514141651046
K02793	-0.43110392902725	-0.67423745560333	-2.02774443246344	-0.251562553772294	-0.043095691112626
K02794	-0.392355307086637	-1.51501830982849	-1.67367210008123	-2.47584595097002	0.724690632911575
K02795	-0.208033426746061	-0.104758317944257	-0.179731418862133	-1.22113830161985	0.559624033065688
K02796	0.330515817657778	-0.595922674414365	-0.550356586947231	-1.26815982473787	0.516898052783858
K02798	-1.21406720493667	-0.508850600001066	-1.12784280396917	0.495558720698989	-0.037497682479966
K02805	-1.09988449428909	0.924343977692874	1.01332972429773	-0.296790081390702	0.418936209770095
K02806	-0.989729865535429	0.732774112942965	2.20048127554438	2.23070130931441	-0.523800594715226
K02812	-1.66361449573868	-1.99077888893768	1.26487694166681	2.69390640842024	-0.537088436988938
K02821	-1.26506398533218	0.102767591002734	0.606323937401981	-0.123267012962663	0.393077449890029
K02822	-1.17900346134537	0.409535084489138	0.356320003495426	-0.127677935489976	0.368773298354995
K02823	2.14087642814285	0.766223226311953	0.556673566327305	-1.20592224908766	0.271306650730025
K02824	1.58740879680283	0.825244222405703	1.00285283707163	-0.638866055139863	0.190484600158584
K02825	-0.459361418231657	-1.18003245758697	0.474432776198597	-1.25982383204397	0.486110584827315
K02834	2.20583774234421	0.836975310567172	0.603669265732975	-0.933745446929299	0.244401263090026
K02835	2.83571638251908	0.456397448304446	0.529763380513401	-1.2647397698253	0.251059310527694
K02836	2.77714420940048	0.582089040997775	0.666526714787693	-1.12000430104096	0.250652896257293
K02837	2.87750901366837	0.638607387069018	0.694567004666538	-0.94897915733751	0.214366482587707
K02838	2.45405055667526	0.717458818677218	0.594580928311558	-0.991233188042008	0.21062778124417
K02839	0.764654711738894	0.788328920129092	0.888982573971958	1.03023419963423	-0.583965821174729
K02841	-0.613905294879606	-0.897646154638974	-0.924420913233547	0.986048799625075	-0.268304586393583
K02843	0.212479130283663	1.12499049735382	0.501041183696003	0.631873231998122	-0.318793764320958
K02844	-0.557808383449247	-1.76723870205566	-2.30276145554998	1.39692388164107	-0.41393050363456
K02846	-1.35191772793167	-0.563304926630704	-1.58047415830114	2.44047914134566	-0.586241496709931
K02847	-0.928731664165189	-0.537037696119993	-2.30614580728033	0.937512737384475	-0.217752806825388
K02848	-1.36342142437332	-2.12671991753265	-0.360944529547482	2.59924183475081	-0.575615240244019
K02849	-1.22215603206985	-2.68750568794891	-0.976952334418087	1.68101964580122	-0.264024496061552
K02850	-0.620227797969511	-2.64080592560455	-2.04930939294317	1.86999402629439	-0.597239954380143
K02851	-0.392341717227628	-0.512982155558316	-0.556729575171261	-1.73815401209291	0.675147490592849
K02852	-1.42472241733902	1.8303369624646	0.343772719130726	0.342795830836928	0.191590147109878
K02853	-1.09119175289505	-1.16886195110962	-0.787770112528591	1.54912386523787	-0.362764945236791
K02854	-1.01830910061233	-1.01624545025512	0.0261158072211455	1.690929275623	-0.33935564568435
K02855	-0.842590316280058	-1.13068672585174	-0.87564249850729	1.75628004657332	-0.428745297698129
K02856	2.04415454055435	0.807102356675418	-0.111990814580708	-1.03281747860607	-0.0949234496632699
K02858	-0.292610748752287	-1.67017611431762	0.121675031707496	1.08834848987166	-0.459982646612275
K02860	2.2753220954097	0.553334300044329	0.123765657172413	-1.31363515866693	0.29188628682698
K02863	2.88110067035324	0.628736112836154	0.548609117493839	-1.1809385971516	0.222576783986938
K02864	2.6911392369426	0.439876381877215	0.207134956941814	-1.37491019380983	0.258853154273879
K02867	2.96923829700119	0.650800232413562	0.600286582932682	-0.993044692406022	0.20447458514775
K02871	2.88420011188156	0.422620032552035	0.0547277484842251	-1.22084700627025	0.265804903598678
K02874	2.81334211017258	0.776464496377261	0.841127971635074	-0.997945036122167	0.197485404106032
K02876	2.84195639278061	0.445697237375529	0.328036079631061	-1.20115395946201	0.270056264491927
K02878	3.05604101802475	0.498523746255191	0.505382398591251	-1.11920061971765	0.280056791396987
K02879	2.45802642490036	0.629581098082812	0.566269496903629	-1.10122192589339	0.284316616149795
K02881	2.7392748751796	0.515876774314196	0.385923544392795	-1.2387142585009	0.228831874223601
K02884	2.89329554225571	0.503083769801409	0.297546336875172	-1.24375509036478	0.19186289796437
K02886	3.18633760596878	0.368935306194575	0.398320267424793	-1.17846536202129	0.279909091087234
K02887	2.74238909865982	0.440126378658564	0.419023046717853	-1.24151181740459	0.268120603652846
K02888	2.5139490523494	0.660738740685733	0.177658403740139	-1.19909885836538	0.174016224237334
K02890	3.11271740581162	0.568958346370013	0.306865374074192	-1.1498885781854	0.192213164659392
K02892	2.84839905883438	0.372887436869891	0.018365284875841	-1.32273431433138	0.239343779178512
K02895	2.5798053898967	0.790968213799746	0.390151212439747	-1.02205612076219	0.178064094873321
K02897	2.07751621390946	0.595024679425509	-0.0594826988122751	-1.52153693450388	0.207780109735381
K02899	2.68720711852677	0.654079620364459	0.935743490681858	-1.17717878831323	0.231671886535537
K02902	2.59743966247208	0.613383506062777	0.448916266188831	-1.23701023621257	0.163845228048217
K02904	1.93364240314133	1.11416200232819	0.860973993764133	-1.10601899338659	0.209436463209045
K02906	2.85612167503006	0.583207998994143	0.432406852469654	-1.16623625470098	0.25035841950978
K02907	1.8227201261676	1.34099343848542	1.13316486261866	-0.820442664751374	0.156406657787215
K02909	2.89881683971054	0.630866204026492	0.26842767976305	-1.16373678607639	0.136267201991927
K02911	2.43470837260849	0.720863435986788	0.606298665032596	-1.46977456224855	0.151588009687316
K02913	2.28492178107865	0.778765712502749	0.526007065997333	-1.36134234381612	0.132231818529021
K02914	2.25892271186478	0.732995067361148	0.43583376191637	-1.84097786558565	0.188336359353912
K02916	2.73518337394364	0.470967952731402	0.23824910305521	-1.59400554312166	0.13171531447972
K02919	1.33966828967697	0.837191377404483	-0.00899221517065064	-2.34109546554979	0.0807596612891074
K02926	2.71753515388138	0.527812962058337	0.571221391186924	-1.20678522003587	0.288719194026839
K02931	3.12571729804642	0.400287885788234	0.354073266015262	-1.17791416806873	0.25971402415837
K02933	3.09521056796677	0.390055109384806	-0.027517875208645	-1.26741203976568	0.235217230411422
K02935	1.99868078614838	0.908057842973025	0.741402725205631	-1.3988722742885	0.150515066476714
K02939	2.31604279662735	0.663121108535083	0.303024301753254	-1.4028349698871	0.248735116811645
K02945	2.54779853011734	0.689026479247363	0.300297121033878	-1.0774933205336	0.208352701755416
K02946	3.12516619350083	0.441350389841349	0.552830556855411	-1.18386972261366	0.245898770185363
K02948	2.9720457949794	0.618196014884265	0.624623338208408	-1.11573891023878	0.205902146192443
K02950	3.08433295871384	0.47701576781586	0.511598507390232	-1.10107655202743	0.255942123027694
K02952	3.08509697105057	0.466109533432277	0.244146133289547	-1.18651271922287	0.233959274383437
K02954	2.91603244926102	0.75386038852051	0.691898504719944	-1.0733872012585	0.172035025449645
K02956	2.82372988845474	0.546920899871142	0.150407674238891	-1.23401118380722	0.192493962140929
K02959	2.29156734134323	0.613608245375903	0.80640015982172	-1.13119605587568	0.247949497791183
K02961	2.87951029922135	0.589543823722155	0.356848458276005	-1.16765788880881	0.198546336980712
K02963	2.57894851352341	0.797371540787966	0.825715879426212	-1.04292388571199	0.194457845779311
K02965	3.0876646199382	0.567547921660693	0.553939799294681	-1.1643326201826	0.217667656036269
K02967	2.99284745837815	0.455871452215464	0.43215043328783	-1.1427434527665	0.21679781565274
K02968	1.74962814237244	0.971823189976962	0.832919816003055	-1.03645645392832	0.120736734958541
K02970	2.47523309375412	0.515118901255877	0.624100784287662	-1.5274730206817	0.128868477435958
K02982	3.00906421329148	0.50084782076195	0.454749236331196	-1.05222911698517	0.255720930190932
K02986	3.03868581439621	0.498200003627093	0.245531106815548	-1.05922577468451	0.241222279163253
K02988	2.74458374168045	0.691142861369403	0.533257076964588	-1.12119333011802	0.208130465837371
K02990	2.5387874999202	0.516452435973437	0.00942656628868087	-1.23591731054481	0.25803549775685
K02992	3.00652696277268	0.436250452521594	0.372875879035206	-1.17104352203902	0.268014984222304
K02994	3.07577110911972	0.417855833295138	0.138730193004818	-1.123218161834	0.239512102695357
K02996	2.85475756312973	0.514123980525286	0.598384062276096	-1.34464305950102	0.242719816060912
K03040	3.22598530437119	0.367361922386439	0.184058079943867	-1.22194567633566	0.249861555190932
K03043	3.12861098434098	0.431375030997546	0.541104237065525	-1.1294582927018	0.263356940837752
K03046	3.0874022402919	0.47951347065285	0.570781568513126	-1.17162118790444	0.253336863609206
K03048	-1.54389832828872	-1.31727608608886	-2.10108532525518	-1.49381389034685	0.649524109455001
K03060	0.280811444774935	0.41592832339123	0.953274945244999	-1.47547377956804	0.411072628589522
K03070	2.84864975597031	0.573213700774462	0.654448369965763	-1.04714709831175	0.246457146497619
K03071	-0.372040017589262	0.0781519455941036	-0.0572947166106989	1.34144507037703	-0.372113151458848
K03072	-0.842466577037504	1.48352769446686	2.06363163374445	0.40425501452986	0.0939580965956565
K03073	1.41551220502026	1.10720715356186	0.620704869256229	-1.23557344389852	0.169405894370925
K03074	-0.908735736354521	1.61978355479553	1.63527713202021	0.547920924297011	0.0370054710825797
K03075	1.91156239892609	0.955465529683383	0.73276267431757	-1.15665360105928	0.0672918725928184
K03076	2.75119938041336	0.321682315889151	-0.240659674181729	-1.38565539134439	0.235850678773772
K03077	2.52928342010147	0.459715072634967	-0.013936878665476	-1.23359766913351	0.236122118326079
K03078	-0.122614963992765	-1.04417070316955	-0.11665884174326	1.16303167926375	-0.218541169522155
K03079	-0.870081170543363	-0.00333059894725535	0.141372198686809	-0.12932218922075	0.368492202850234
K03086	3.26575876857407	0.618749712231906	0.680672804341526	-1.13263906663057	0.242026047798049
K03087	-2.02525256489151	0.623540554765017	0.0143083208062361	1.4202993928105	0.0745602715929862
K03088	4.73381282474167	1.53175214362458	1.17606447123072	-0.350256937870347	0.0404023695906516
K03089	-0.0321887574040201	-1.34409614967987	0.0561806238078187	1.25573597537581	-0.526391042379487
K03091	2.50219811584122	0.996891353848727	1.16388080500147	-0.941270190605485	0.293639855476272
K03092	1.95140864040024	0.950107429745944	0.281562919244976	-1.10117777934071	0.0701002944430228
K03095	-1.52277515743606	-1.42490991520569	-1.88123025514105	-1.99178393495973	0.734502272697341
K03098	-0.448203667148283	1.39498332572296	1.22985003374598	1.5064912854344	-0.306645018962968
K03100	3.02001430179245	0.688737575534137	0.235394025669308	-1.22950642121729	0.190632658096206
K03101	1.69516255046494	1.02613053155258	0.68867383383295	-1.05304444892105	0.184524403901946
K03106	2.6726929106868	0.596287910464556	0.678374628052921	-1.13357642045017	0.259875195117843
K03110	2.53579427386887	0.580065642121585	0.60794166706583	-1.19134854836162	0.260036306472671
K03111	2.45296670581467	0.54720333648041	0.484753469453068	-1.19258971823152	0.323684351535689
K03112	-1.87518237446182	-1.88510819840118	-1.35602321244696	2.20656715022627	-0.498534036783326
K03113	0.857036814943621	1.98650590014771	0.995231012330265	-0.249137061962449	-0.078784121183503
K03116	0.213026777759859	2.23638371062592	1.26644859694025	-0.579419988521897	0.0187536049803611
K03117	0.243426398292849	0.756693635705264	0.480151573643894	-0.952900278696382	0.230329798551452
K03118	1.46356155063278	1.56196740699127	0.442668507323475	-0.535977083572709	-0.0462771784344796
K03119	-1.36716101978653	-2.36504908966705	0.445333937630863	1.79781375514571	-0.404335005191911
K03146	1.74642355825073	-2.12846275734588	-0.879263659491329	-3.94914903057512	0.071607964130294
K03147	2.72039140845902	0.495810721638949	0.445673415885181	-1.19250654740032	0.266123132797134
K03148	-0.873511775478056	-0.7965944664447	-0.699661274924069	-2.37661589992937	0.792333560081374
K03149	2.11452414180405	0.668859396699221	0.470105270371647	-0.997651445993745	0.284090237708938
K03150	2.47859181548722	1.22545698714569	0.825425664410801	-0.290607887634599	0.104599522443664
K03151	1.59018518115647	0.485000316623004	0.632273057923527	-0.855277407297456	0.357786195369613
K03152	1.93947453881867	1.14854047131851	0.901095310673923	-0.878322395810449	0.166440712304961
K03154	0.657512442127535	1.62504616809204	1.41051230810663	-1.01909425420459	0.197080569358718
K03168	2.55967868949539	0.522069935324939	0.458086351380558	-1.24593240333494	0.289982454868209
K03169	3.68931032802231	1.13661566806153	1.08137975119135	-0.460037428268754	0.204855965467345
K03177	2.49364735271103	0.606992368224414	0.487235943303318	-1.44428558958467	0.250648694129836
K03179	-0.718562110408476	1.01330653262451	1.40661797903559	1.1990133343846	-0.396683065203774
K03181	-1.63651870106094	-0.222651179310529	-1.52192725755194	2.26754508601729	-0.474742783216584
K03182	-0.700505479320219	0.61332974267319	0.0625410941251229	-0.67756517542299	0.443409280868423
K03183	1.79286898757584	1.39361671042755	0.798868576512546	-0.285977679619157	-0.0633069556037072
K03184	-0.987316115840605	-1.76342257427856	-2.29121842004278	0.750208240619338	-0.188211748359549
K03185	-1.12995956753128	-2.73767968582794	-0.605921348109036	1.65792976008955	-0.273340739292848
K03186	-0.94658563946121	0.958662722829135	-0.223595132603436	0.194016200175918	0.245600985380065
K03187	-1.06271575306289	1.46479288173035	1.94121549509546	-0.553817051777207	0.241387086006057
K03188	-1.29102228496902	1.42685559821442	1.97615788363001	-0.886136803159081	0.295152561756026
K03189	-0.962132676585844	0.958770607236178	1.72310481451532	-0.4058525146335	0.470897452922713
K03190	-1.23052833889358	1.29423562121704	2.12070069693109	-0.864466506370866	0.320449965091598
K03191	-2.10249207828872	0.0570438547165706	-1.59490682698706	-0.0389918269008036	0.319150047393691
K03205	3.24538160945542	1.34477106166199	1.5920539893963	-0.342868942150437	0.256876962276351
K03207	-0.353368504985502	-2.00022431778595	0.0591377639033507	1.71315823184553	-0.491462437419045
K03208	-1.3567876658284	-2.48596378731415	-1.85482539750555	1.78977261172835	-0.324768846837628
K03210	1.78347809697754	1.29151896071747	0.670317868218632	-0.951867568621003	0.117764042707336
K03212	-0.678238614543607	-1.34129651951477	0.283480728492946	1.33904085742537	-0.369599794952023
K03214	-0.708804353221586	-0.641513671156614	0.0520570608609031	1.60400925265852	-0.390458835271943
K03215	2.69602181102402	0.856928323033602	0.703921655640812	-0.879793080815637	0.181029783578765
K03216	1.5843042888797	0.247869087952526	0.444441328273029	-1.2276583494037	0.461070613952529
K03217	2.38601483489639	0.440350417617114	-0.0048193982980539	-1.66525616062578	0.296715097518813
K03218	2.36115755225785	0.765687380555423	0.846303144917698	-0.906470957526528	0.240192549320113
K03221	-2.27165077541702	0.0257158918412044	0.200752163753719	2.69398985492293	-0.444026274589646
K03225	-0.431365593417814	-2.1564120905368	-1.99608363725164	2.11786518680159	-0.797278029827226
K03269	2.21353806640274	0.908016179326327	0.165104734227867	-0.812512803205812	0.0112981368025657
K03270	0.963723556057284	1.79164591861084	1.32342145823023	-0.0723008097499247	-0.0547192375937585
K03271	0.48613239909775	1.10878208709076	1.61036703966639	0.590323787799514	-0.274691114185202
K03272	-0.189672335132292	-0.320906128164975	1.3846816816189	1.40959606753889	-0.435912294296372
K03273	0.687978939071963	0.73216370177582	0.964233318791599	0.618957382312453	-0.499056799320329
K03274	-0.0821992001377847	-0.22031625675842	1.19932864092371	1.33631907092634	-0.380265964178193
K03275	-1.23521660183304	-0.919969763037412	-1.80884077168921	2.21878657924238	-0.432555718330491
K03276	-1.90696953152054	-2.15564104485199	-1.55390061952093	2.21549592601363	-0.290432220307935
K03281	1.59381575967438	1.4246642930539	0.989044169411869	-0.374910134205186	-0.028730062750924
K03282	1.46895672465927	0.983360384228976	0.641146937833042	-1.20104981524643	0.185573505254638
K03284	2.77806653167374	0.725082818988116	0.241675818786831	-1.04602545810636	0.126883583160293
K03286	-1.42970918033951	2.22979358268097	0.83513436697504	0.302503210178054	0.252696113677871
K03289	1.11301931078799	-1.19190582203552	-1.22475864507177	-1.11142930792417	-0.12720892390405
K03290	-0.947453959926298	-2.40740772652313	-0.575347145571499	2.16586099254195	-0.584488643316377
K03291	-0.575867279514005	-0.949616994139402	-0.646932681574612	1.70218477832381	-0.252530232520599
K03292	2.17830319787628	0.788993213895114	0.664701560960026	-0.318612355121934	0.263364987464797
K03293	-0.135875924571684	-0.99086913036987	-0.929009755625515	-2.42498924148973	0.871848659606826
K03294	1.65732993270523	-0.0825107650725529	-0.479301949515133	-1.94591458452638	0.444810884090316
K03296	2.64751805450089	1.58385602069214	0.579070369229526	-0.506990867981278	-0.0845876764336709
K03297	-2.06786177967422	0.732617591145785	-1.5421890220783	2.64591465579573	-0.227985605580557
K03299	0.10015143539078	0.254204070764931	-0.321384479775219	-2.0477838100284	0.480614202113998
K03300	0.614805416122744	1.07172766757324	0.863400498852939	-1.30697910798486	0.0214248765429374
K03303	0.980785951868365	1.36474398207978	0.372441927418918	-0.269773799309098	-0.0251356046477441
K03304	-0.854400142177274	-0.806921328779905	-0.0395261547706415	1.40510116206709	-0.364607578126538
K03305	1.99300171519882	0.902671252015383	0.248747209534855	-0.744021046289765	0.0320327151736137
K03306	0.640582458034823	1.56295267176941	0.770507732854099	-0.490594345459306	0.118418054672134
K03307	2.1705024399913	1.57573989463166	0.80518082760355	-0.26347346914705	-0.0473527144471291
K03308	2.38821591521866	1.07049200368241	1.01164917133829	-1.05464298216399	0.22167913803662
K03310	2.27206350947983	1.21958265137985	1.1666059293606	-0.774225610622727	0.247576521726501
K03311	0.765095607296297	0.152598340633662	-0.128045817389279	-1.53476886762079	0.326310353370559
K03312	0.497315303341219	1.72268704009369	1.4167279996731	-0.0687587441295023	0.0911882091482993
K03313	1.47996111299164	0.714599881890567	0.209808567986698	-1.55498607767519	0.205643938871276
K03314	-0.476932152255705	-2.74579307007477	-0.650294025912075	1.32230220424238	-0.601072235015977
K03315	0.887534991756747	1.70678225589112	1.33953068636438	-0.134127277263963	0.0935647655447837
K03316	-0.605746611102751	-0.464340712305753	-0.280026277079373	-1.93077035559114	0.746169762702834
K03317	-0.753776176913908	0.821376417401583	0.077781087235422	-0.725943285354936	-0.0328670423308495
K03319	-0.457636698230436	-1.68676897453949	-0.91411461450079	1.0727275429875	-0.169868079928506
K03320	1.72631754066117	0.684959624532016	0.715366581902714	-1.52759938252863	0.338180260749709
K03321	2.23008896495468	0.98809871507004	0.286473626718731	-0.919652763137185	0.0144694615324851
K03322	1.91550596143372	-0.0341564075915501	-0.57899441338995	-1.94868304146227	0.354775207134139
K03324	2.83189167167313	0.994439039948733	0.590264836774082	-0.893267709144914	0.158525036664855
K03325	-1.79893849705093	1.54643825126007	0.939372936711521	-0.249216157326066	0.547418730350387
K03326	0.0569373526728842	-1.07523938584015	-0.110093822254925	0.932010036578811	-0.263188873400736
K03327	1.87346626903183	1.76984039378479	1.02096943043253	-0.0159359158366557	-0.0744900833645943
K03328	-0.0379370293461587	1.32557717395142	0.878536681161136	0.368569475284255	-0.302039178071368
K03329	-1.6453561625325	-2.12462088036224	-1.55211915589788	2.14641032802168	-0.431341959146607
K03332	1.92532558824188	1.12056354117707	0.0210596495129774	-0.701001781353318	-0.0381781589070443
K03335	-3.81747315739029	1.49406364989594	-2.50674881555059	-1.45968504560884	0.886516409011733
K03336	-3.19855187748306	1.26316383910492	-1.35235883809546	-1.0814078257769	0.736490981670272
K03337	-2.91212676380508	1.48414841723755	-1.39109255887487	-0.943414303788507	0.671452956291091
K03338	-3.85201619480484	1.36713996959046	-2.39231695748785	-1.09671520566341	0.849977927299392
K03340	2.60496033813126	0.649567816975863	0.0568305705495785	-0.861282217630708	0.0798479784449455
K03342	-2.29127024029129	0.256461881670506	-1.39125468350866	-0.148047465214097	0.441703455539596
K03346	-1.61906813000076	-1.61856099533722	-1.97950329400518	-1.95157011164125	0.805903272720229
K03366	-2.07016061161392	0.598620210412295	-0.118676652684002	-0.577551740536058	0.431622283550155
K03367	-1.28679941509598	-2.00237103867218	-2.72402181245306	-2.04684122217592	0.841858463378799
K03385	0.696478472009966	1.69814542365387	1.32366547964594	0.726661783328689	-0.178233763186086
K03386	2.05750496770508	1.16578677726105	0.728294710145206	-0.593921321758592	0.0384304989298698
K03387	1.38677640344269	1.74305263591126	0.57158205889246	0.00266669379774376	-0.100647134689439
K03388	-1.69175051067703	1.86469749045685	3.30204997442743	-1.5127526999801	0.135200785489928
K03389	-1.4874222121083	1.18969271016434	1.71549699686548	-0.109270590671861	0.478961007686507
K03390	-1.30012939785354	1.39226845336273	1.84759352587244	-0.344580191501939	0.353629546256911
K03394	0.824143157259295	1.7889266355069	1.05155322931787	-0.453796106705033	0.0842153299769279
K03399	-2.14288376186722	-1.02457305359527	-2.06414212800482	0.193322402110732	0.165294157358062
K03402	2.4528362908519	0.529997174266131	0.0768915102638911	-1.32931275976595	0.228263454528701
K03406	2.15079130317337	-0.501429166075437	-0.301528891100674	-2.36646975887712	0.411530273052108
K03407	0.166543141857455	0.0648080749543026	0.5720955529072	-1.77852352274355	0.401889519782912
K03408	0.27354033376343	-0.231606032129972	0.568498531804294	-2.93052746666368	0.557548599334609
K03410	-0.650491102679899	-1.07807167935058	-1.59431495286444	-3.11338641060289	0.614566819759261
K03411	-0.733869775279691	-0.694588865515439	-1.23091389752844	-3.24630727184709	0.608666853996169
K03412	-0.109479173167875	-0.253716613527982	0.519596109614582	-2.165356296429	0.531331138702285
K03413	0.523042098537752	0.44353667331055	0.785468260274143	-1.81635393513139	0.30733616838063
K03414	-1.86562202785843	-1.14317211079284	-1.67488207437017	1.3976946889073	-0.204383963702071
K03415	-0.889266952022245	1.3953377349408	1.03748832129023	-0.428265410789811	0.00415875205601418
K03417	-1.47930572841995	-2.35612770485565	0.0859575928010653	1.91940675365034	-0.353680511919606
K03424	2.66888882304795	0.531668607714923	0.195715303049297	-1.21545252514776	0.2634676266631
K03426	1.89656634713776	0.390560005429538	0.0697923605152081	-1.61905111683305	0.317783253284347
K03427	3.09194101478226	0.434338067296298	0.174842009768696	-1.07009379131492	0.189452903362167
K03429	-0.44709525917404	1.33640817237213	1.18251989267847	-0.0606292666285868	-0.0314829181710366
K03430	1.05965271677143	1.56832853389099	0.468535343632908	-0.288281220325791	-0.0460272859612588
K03431	1.95400847579605	0.388836388114245	0.653781036362858	-0.762881058582627	0.412894504161727
K03435	-0.600411280139616	-1.18642505573913	-2.46480884171942	1.12209425555769	-0.264498397691
K03436	1.14802695895798	0.233377953163685	0.505346337781162	-1.79671122444566	0.335165696235549
K03437	1.92192711021073	0.65269467664078	0.362183193192692	-1.41799705041345	0.335866646858108
K03438	2.6482206740535	0.681244973662646	0.750770429597111	-1.05755226624902	0.258875029178512
K03439	2.45654465343125	0.591839913848193	0.270960057602138	-1.31508161438402	0.295583920570266
K03442	0.829566583887408	2.11201778483704	1.37035940073511	-0.0677913607447977	0.0934572089632865
K03444	-0.0975636086308267	1.852024470094	1.66392634295008	0.806481224170363	-0.476207105425942
K03445	-1.20406530712478	-1.09757324623749	-0.0924986503265192	2.13936029063765	-0.363783551363099
K03446	-0.121881946071317	0.402217198732646	1.49551389597437	1.63426743136946	-0.447628108767617
K03449	-0.37829779003494	-0.976929153677671	-0.504367073550015	-1.86953474892076	0.609707431884658
K03451	-0.409397109492948	0.726015631678851	1.10454152010462	-0.606204646953904	0.28092779407109
K03453	1.90917487527497	0.734333430054934	0.385753075108738	-1.53957791937288	0.262270169349563
K03455	2.25415732051499	1.0565407021077	0.144291179702492	-0.864203113445603	0.0713912118395683
K03457	-4.40092871998184	-0.503090526339261	2.39082227133295	-0.0521965206950541	0.331897037120711
K03458	0.512071982876131	0.138633911135943	0.124574976489754	-1.60274826301035	0.50519342908467
K03459	-1.87595175121658	-2.01285501885101	-1.44795884705999	2.6401206074864	-0.397601930407632
K03465	1.09443417276509	0.795217607739718	0.962352732644291	-0.913716632255876	0.31594337710942
K03466	2.57772888328202	0.330600958886893	0.356867203936787	-1.64686449182924	0.316366868110549
K03468	-0.589596971019438	-1.63849195408508	-2.1579915485523	1.6534389077336	-0.514918101934541
K03469	2.24211432124741	0.657454018119128	0.450549642071934	-1.27408413899835	0.245033549161803
K03470	2.6168098607219	0.533536676886828	0.260328585729809	-1.14778080148395	0.243961529823196
K03471	-0.667615517123869	0.172981139841826	0.87960777662775	-0.00886120212968544	0.0897151101549979
K03472	-0.42203627441757	-1.3309201853244	-0.965742608084469	1.56809697734419	-0.483298493532288
K03473	1.10385075296528	1.68136981559113	0.937422017083378	-0.0513328493922587	-0.079775212315667
K03474	1.20276301811702	1.92085662913636	1.39743528746149	-0.0816487253993388	-0.100147945789445
K03475	-0.807286127551725	0.00875820648983267	1.03198782585642	-0.200523334869706	0.322330610843551
K03476	-0.926138623698881	-0.409268285509793	0.426111856923313	0.818525296321547	0.035208569856536
K03477	-1.24826811169021	0.0468469901116207	-0.248117049708157	2.17154512988631	-0.454996852187264
K03478	-1.89820693348282	0.690450732234271	-1.44355764008978	2.53712354289595	-0.396743966249574
K03480	-1.83245204304092	1.93234458995178	1.79201767824671	-0.264829653629624	0.21528704652394
K03482	-0.954766496165922	-1.0415051834552	-0.54999484635809	1.69798145877425	-0.306892661360848
K03483	-2.52771948192947	-0.741704012629239	2.49764833830378	-1.45824127210077	0.423547403903854
K03484	0.642739490524599	-0.210590984102933	0.247339049802036	-2.02165671003755	0.689574735256087
K03485	-1.00573800419204	-0.899384583708494	-0.681761880888729	1.75940762149397	-0.432969136146653
K03486	-2.31307576511734	0.994825337651522	-0.725447853579312	-0.724105644354188	0.683986144157302
K03487	-0.875903590663603	-0.811581696745603	-0.243851175083904	1.67971311198775	-0.375501198677171
K03488	0.841482297436068	0.211278932738455	0.0493951504871856	-2.14342452896532	0.592750685306441
K03489	-2.38821743343704	-2.04644795822784	-1.68979897119024	-4.53325142277177	1.16815062055196
K03490	-1.24093173359268	2.27777317595795	-1.73222364999273	2.21413717853133	-0.508443845419038
K03491	-1.50551174496048	0.312316064360888	0.274767676816196	0.142781597247756	0.140422897430312
K03495	2.72296787883408	0.760285232785495	0.599318961129398	-0.883660498389566	0.225198464485061
K03496	3.78047801639206	0.653335575583728	0.514310965762348	-0.818034219869935	0.284129278751266
K03497	3.47038771297104	0.87453487944916	0.774266044125767	-0.882387343177163	0.279502050968063
K03498	2.69016935016281	1.00864145589188	0.829292813763828	-0.917347777017915	0.197771744819533
K03499	3.28961087848313	0.791322265389712	0.612883190140934	-1.07027454612549	0.231276707740676
K03500	1.04733944024212	0.331871022108348	0.760874132142277	-1.15677411047515	0.324752705188644
K03501	2.23989237929947	0.423844550374301	0.136543469951362	-1.47701998365816	0.349524037929427
K03502	1.74365855838425	0.692057464841159	0.972906152234287	-0.626487273105943	0.380344526859176
K03503	-0.524266346439054	0.179092556807549	0.480230013356418	0.479111415019668	0.233907179923904
K03516	-1.30714677189224	-2.42661401199981	0.657318750844211	1.53522501575056	-0.389280481247056
K03517	2.34206046249039	0.706564639333041	0.439290116057606	-1.28071996880468	0.146952735277068
K03518	0.974342808977434	1.06871918273285	1.1597950258114	-0.480693358311021	0.275887863727462
K03521	2.67337240363724	0.836428914788516	0.52260864757082	-0.932270097860658	0.105393068881881
K03522	2.69038452293045	0.848961983445437	0.707514146790714	-0.869421872624719	0.100751327367675
K03523	1.1722787776149	0.560289923671038	0.616154114232273	-1.84604092253145	0.428804593177688
K03524	2.17809750224716	0.647220645669253	0.508494476304264	-1.44934751404222	0.336190717311751
K03525	2.18117918159134	0.896554563763888	0.781351188645573	-1.12099490858387	0.270738201232803
K03526	2.40660061027176	0.724799071076663	0.686407486424656	-1.04711504591402	0.243594693036925
K03527	1.98813618804581	0.69347688985184	0.122885929868431	-1.49292342675623	0.206499891372573
K03528	-1.3336250624501	-0.87712105679199	0.177097449526996	1.40960274325911	-0.426866261271584
K03529	1.22941522012717	0.698562089923175	1.01600346945307	-1.04168670190271	0.37953539380635
K03530	2.77889360572464	1.08582249713257	0.765989819989414	-0.662802893051469	0.178508983941924
K03531	2.46829427863724	0.77365300488785	0.794012049660892	-1.00877452207502	0.200993644090545
K03532	-1.04748032902115	-2.34869071411773	-1.78013910867193	2.19468985187117	-0.581050826219666
K03533	-1.23909567211502	-0.188133116242139	-0.158329626097469	2.03273926364485	-0.487067205814469
K03534	1.68089990402825	1.49984506202057	0.0544517333441089	-0.318948525318467	0.0168913770636436
K03535	-1.78000186298721	-2.21884080338165	-1.61150517083624	2.18194208728377	-0.301831161586392
K03536	2.2616467633403	0.598537687781604	0.313952336535663	-1.25974172664579	0.289593892188918
K03543	1.84271074916489	0.903953705552371	0.473739186749668	-0.142032700905168	-0.190818363783706
K03544	2.91571964408524	0.487891380313189	0.561892489419193	-1.10921261025366	0.2698232699355
K03545	2.7147478022731	0.86369595361069	0.576619426236362	-1.08717747157212	0.221303509565246
K03546	1.58378227140076	0.591557745459826	0.0932189361014078	-1.26449507785734	0.172427432628524
K03547	1.96019376899369	0.836026345017703	0.423158208356113	-1.0851872445434	0.170985596271407
K03548	-0.858314259990385	-2.31644913124725	0.138278665468902	1.72070179568831	-0.718726886419404
K03549	-0.0604932150685098	-0.76537742781326	-0.481710573210507	-2.22711529148515	0.719557123275649
K03550	2.34316028739578	0.667249475243838	0.531232575402469	-1.14783024726208	0.238913463445556
K03551	2.93361617709763	0.604778621915133	0.809151927457065	-1.06695144189295	0.243870900960815
K03553	2.69754649783737	0.636736814502032	0.867056945786686	-1.06893509192165	0.260091679187667
K03554	-0.381477220996549	-0.748583103892057	-0.0599701455972482	0.858188611140883	-0.315390614775765
K03555	2.76859070445664	0.640953664305957	0.478547374234409	-0.976706805953347	0.172410862537276
K03556	-1.45400069568985	0.45620178115681	2.65235815428278	0.518661361804641	0.291161077113998
K03557	-0.793451293452909	-1.53048893379852	-0.990996976866512	1.02274880992476	-0.288895772753108
K03558	0.975826040760348	1.71620729995087	0.669701973424167	0.185792547336257	-0.103310955671418
K03559	1.56369374777443	1.72748950553253	1.26099393747828	0.342730623355544	-0.198818193731654
K03560	-1.28898332928055	-0.705143179175107	0.688848356232853	1.05150685893599	-0.230632036907423
K03561	2.98555161143906	1.13528147769287	0.511685142741413	-0.666737753280961	-0.0468599926510934
K03562	-0.502376302226713	-1.10834618973419	-0.550578912272244	1.67667518245283	-0.484987495450127
K03563	-0.123809083446195	1.92359164786652	1.12722955130121	0.181496721378005	-0.0442312192002419
K03564	2.13475973989136	0.593418125632556	0.0195217397817086	-0.910258475074136	0.234705077501189
K03565	2.0460438289798	0.787308071378024	0.354021231160374	-1.53486018193659	0.197422014566314
K03566	0.0809097447550986	-1.9633128302066	-2.80900611497381	0.658520680537856	-0.371975464729417
K03567	-1.34037302349441	-0.866759027716367	0.20556283973238	2.04858170138899	-0.545746875909913
K03568	0.527750627056429	1.36473945212677	0.774419704899998	-0.107013958820664	-0.130305288342584
K03569	3.13356019641525	0.550161902430804	0.581118086800785	-1.05825291139778	0.216021912189376
K03570	1.70291192914612	1.07534358334854	0.517771045193882	-0.967583629617059	0.110828982683074
K03571	0.447020963684389	0.473035578254016	-0.0656363195917894	-1.05198241336044	0.234479086490523
K03572	2.31383444453842	0.804866884473117	0.618212977872104	-0.960462424287164	0.146816508861434
K03573	0.141855613247225	-1.4272291319339	-0.490365048422604	1.61210570918623	-0.691317750124085
K03574	2.10377599383957	0.416540016058238	0.226341167912693	-1.22464751763042	0.399381654353988
K03575	1.61700908924706	0.467577133897097	0.273729334101887	-1.47241075647768	0.321566717716109
K03576	-0.315520509227445	-1.34248074459717	-0.385207553877621	1.48277030574385	-0.45103463342582
K03577	-0.314666613086393	-2.01607152390167	-2.40979113198736	1.37620649921004	-0.467756448296655
K03578	-0.743002994998625	-0.745436991926877	-0.161411156430035	-2.54347934139665	0.806055622192275
K03579	-0.475485070689848	-0.448529268976896	1.46142158888361	1.45916925059859	-0.479501066712487
K03580	-0.377702935680082	-0.950186099287717	-0.269515623822003	1.07381902324263	-0.328557347861874
K03581	1.46719153310425	0.479824368479998	0.418043772206516	-1.04245455128845	0.403307812305343
K03582	-0.169933660968473	-1.59930631088897	-0.717172046675472	1.33014522182051	-0.520035071281541
K03583	-0.460981710895231	-1.47515078949615	-0.238486399426251	1.30919585811201	-0.421410409716714
K03584	2.31114877845413	0.638994817260058	0.213929886446209	-1.43663312805589	0.223281936736953
K03585	2.69700910236008	1.81825307441071	1.08052800081751	-0.198655682930314	-0.0853808950463418
K03586	-1.33406446789139	-0.552397217032163	-1.35874178029516	2.64864144908491	-0.865856273082841
K03587	2.30317033912308	0.648961190703662	0.185270825848789	-1.39347727907594	0.111180948110473
K03588	2.27204240943558	0.853050444844516	0.587431291566105	-1.39572643054422	0.198034392686736
K03589	2.11230643178589	0.624526773217471	0.20049392663023	-1.53596051348146	0.174473809095275
K03590	1.84876681949265	1.12003878188446	0.593767742142887	-0.624664324650132	-0.0313909035006646
K03591	-1.3340985617482	-0.937279190298764	0.759561816678257	1.52437720882002	-0.353443359939206
K03592	0.236638800159762	1.33779910636261	0.23886881254694	0.0876596985966329	-0.133582031337369
K03593	2.4025148310817	0.521605942967684	0.0116923176505278	-1.36739217055734	0.139535235257995
K03594	1.17280735905535	1.74001160693482	0.609407166466923	-0.138816613087022	-0.151383778063405
K03595	2.65134681846268	0.44048741889313	-0.011404843553095	-1.26856395913061	0.235944019647491
K03596	2.78098692084915	0.565789525035174	0.712734679208011	-1.07172262606915	0.269406156631362
K03597	-0.64564512585037	-0.841916646239011	-0.431792875304012	0.931101184955275	-0.384619010595429
K03598	-1.97559164379471	0.998786662343295	-0.677337428107052	0.722569209209121	0.157424794526946
K03599	-0.268165095790556	-1.97053524422333	-0.549446304812222	1.44858728038374	-0.511281175521958
K03600	-1.15760277126663	-0.942118729826658	0.751857856736393	1.36994205104414	-0.267873421294439
K03601	1.99817659045822	0.643857751611026	0.549061814770908	-1.3921019615024	0.246076272817504
K03602	1.31650261665947	1.22190580201462	0.928456942067356	-1.2243180231541	0.212737070413482
K03603	0.171128407970736	-2.07119318413421	-1.5152811012409	0.776303392520583	-0.533667964843858
K03604	-0.765825494273832	0.357099731090815	-0.227912356629162	0.645150762668288	-0.169750576821912
K03605	-0.606136425479582	1.08762178254441	1.49282381914637	1.24725232707564	-0.10579669287597
K03606	2.08672179366715	1.33107606005982	0.409761378989429	-0.575503724941575	-0.054860262183297
K03607	-0.939136489375761	-0.374987925764768	-0.0407102829954912	1.23340497600142	-0.414802176860917
K03608	-0.787918790324857	1.87653366160706	1.25981042765161	0.314616542926467	0.209394680353057
K03609	0.648625091568301	0.593545798781665	0.88171366833231	-1.07937700239714	0.333226757141006
K03610	0.0943318762934897	-0.34970691370651	-0.606618364825039	-1.75295444143709	0.366088466735732
K03611	0.40956510688431	-3.19431706833526	-2.60008277513006	0.831261855235732	-0.779618127254594
K03612	1.76506806995041	1.40161779952362	1.01890120886347	-0.575489837059342	0.0687110889872428
K03613	2.46487702514298	1.07695779633835	0.75184134624979	-0.820469665655458	0.134986149164092
K03614	2.22709788467056	1.19160315823868	0.846186081395359	-0.989461737999284	0.139915125461471
K03615	2.34450031901962	1.05101511311844	0.873966375813694	-0.687634128460252	0.1290582288226
K03616	1.70149333860047	1.27547982764557	1.16265581034204	-0.517909664043748	0.145492004247558
K03617	2.57423450137741	0.94808897805527	0.439510236010761	-0.885474163421952	0.157417522760284
K03618	-1.80391047809952	-0.861517991301267	0.592868784890385	2.58343873607222	-0.446722744015801
K03619	-0.750285728915861	-0.996660436865537	-0.0102805546663095	1.79066668139998	-0.610818518308747
K03620	-1.41630504940384	1.70165351462677	0.83632860563776	1.41601405726973	-0.0328592043200616
K03621	1.35882257010109	0.52788988185242	1.12150595568201	-0.737236100563371	0.342399971576583
K03623	-0.955886586650541	-0.804309095617978	-2.02488793946722	1.07906804668013	-0.415586693195451
K03624	2.69447554732926	0.77488443684891	0.51744575284502	-1.0312120051473	0.220644848438155
K03625	2.25688590194351	0.605659310344012	0.196132773981304	-1.36802728784975	0.252877073379409
K03628	2.26430679942734	0.367893819335254	0.443032602296085	-1.36942650688585	0.275497751327407
K03629	2.28444589759476	0.618248615983279	0.239987234101505	-1.42931564463075	0.296179311366927
K03630	2.22582222606308	1.04581430983856	0.69729451321146	-0.82792397154268	0.113594966026199
K03631	2.14886559630997	0.667923544171603	0.503349552378864	-1.19107344312366	0.239251123758208
K03632	-0.643485411151579	-1.74847742485687	-0.576940616144924	1.37245784389082	-0.390904320386994
K03633	-0.767339929088285	-0.889007415053098	-0.683407326712399	1.36042342769209	-0.396970612911332
K03634	-0.898727639659574	-0.70877536701843	0.0847100526847552	1.37654314624373	-0.384878752736199
K03635	-0.726330383762052	-0.975399936911313	-0.184914534463673	1.03740916835371	-0.309380454925645
K03636	-0.986056550487211	-0.230377014157026	-0.332915206923275	1.54850922214094	-0.476279927400697
K03637	0.6344849028743	1.43451455664948	1.19096670530817	-0.652362662681901	0.350032644363296
K03638	-1.19026730869644	-0.305513288256376	-0.102713292016773	2.12757168399397	-0.448787195591081
K03639	0.424278155819247	1.38148764205292	1.03178463362238	-0.820609170326554	0.369526045413863
K03640	-1.50544665668838	1.31491902900055	1.20792029284021	0.797283035388625	0.0179926920851585
K03641	-0.105828269466093	2.06272760463074	1.53721497438929	0.116566878429091	-0.0660040806809548
K03642	-0.637459023936918	1.22475085091904	2.26979194067499	1.30059991466109	-0.324315620569337
K03643	-0.293234809383085	-0.936520661589353	0.100004388467283	1.16198001491133	-0.522205514816392
K03644	1.41123166765339	1.72255436015442	1.19965145967981	-0.12005670679506	-0.113074658421624
K03645	0.00795330192215182	-0.857589210745542	-0.183460657968311	1.214286905399	-0.447465954331506
K03646	-3.4728228888356	0.398645196679385	0.566484848485203	-1.68207802189287	0.860519366355788
K03647	-0.722464068874052	-0.647300566908567	-0.398843278660565	-1.53217248929437	0.699064867587936
K03648	2.39319206859238	0.561689619544299	0.369301924929828	-1.27659559560713	0.248644726367843
K03649	-1.4089116892659	-1.70369907784149	-0.595145662798672	1.86907277690474	-0.284042740223754
K03650	2.18756367351181	0.752964351895602	0.526985982880802	-1.22124544841942	0.25418503770436
K03651	-0.880600675090482	-0.778743709799497	0.305152038560123	1.26110921489302	-0.276977526007045
K03652	-5.19708608005874	-1.25849636959717	1.55495057486078	-0.122104305157029	1.05835898408498
K03654	3.24861170436508	0.819846723798068	0.338321933970661	-1.18581078512367	0.144585954042327
K03655	3.24298383380539	0.632664178136142	0.431350211129398	-1.08289963317808	0.253993349166762
K03656	-0.00504313324325345	-1.44337722229645	-0.229169001354962	1.20239625560347	-0.45184381118213
K03657	2.69503940726883	0.235889733407052	0.133953744993419	-1.64393510235246	0.398671465011489
K03658	0.903307751671145	0.048652012470515	-0.459674080385952	-1.46576242459711	0.271224813552749
K03660	-0.0159392199360635	1.95779934954956	1.5820739068844	-1.03628118647035	0.166484462114226
K03664	2.28118063594467	0.36125804913357	0.421895871386738	-1.34307812465128	0.267229812236678
K03665	2.77306880141861	0.466761399629863	0.324823836312504	-1.26820557130274	0.253619270416152
K03666	-1.47747205112808	1.65525570941284	1.78206656359217	0.514656168094314	0.155057298036468
K03667	-0.218981131061247	-2.42437883782074	-1.49463440991858	-1.64844371689256	0.480339186283004
K03668	-1.50300525043838	-1.10037692951843	-1.59116997338751	1.94756732570235	-0.478127283958543
K03669	-1.50790475223892	-0.771415497538297	-1.67853285886267	1.70187054263655	-0.391602573899377
K03670	-1.11201332424515	-2.43603321480438	-0.523842414393215	1.99060092555586	-0.481471551565278
K03671	2.82670582915909	0.690175239566119	0.559656599984379	-1.06441998792585	0.276617066951644
K03672	-2.35718034122818	0.280927327099593	0.419819364772053	2.58098254787031	-0.261381310393858
K03673	-0.336595281108549	-0.946462477919309	0.275345856771679	1.77961383449141	-0.522780133394349
K03674	-1.4985170206868	-1.16423126625702	-1.86343826867559	1.23645077334944	-0.251658730657596
K03675	-0.776051743968656	-1.02651413845703	-0.8829745850704	1.64585648166243	-0.436562208441842
K03676	-1.35460804317825	-0.280159737345426	-1.74752523519018	1.71464977847639	-0.414331136254418
K03683	-0.791218265041044	-0.418578233000486	-0.275080700888424	1.36435661899153	-0.374060837535012
K03684	-0.568883164867094	-0.707548941847532	-0.136796896829395	-2.46754886520799	0.743451433273208
K03685	2.43611015464432	0.569145922187121	0.299588123784275	-1.20922666353878	0.276040213199508
K03686	2.17755527879364	0.865455601933749	0.740159193501682	-1.06509631437954	0.3361034561118
K03687	2.32097198154099	0.699642126086505	0.439521054253788	-1.31896873129305	0.19740723261441
K03688	0.117027656093905	-0.367730941054075	-0.701253434195309	-2.52374603165086	0.774086670966994
K03690	-0.601129516109159	-1.20830890106842	-0.612849851622372	1.55234251605574	-0.398622972873795
K03693	-1.65779994343155	0.18401095700577	-0.604433556570797	-0.11108328712877	0.340666072460067
K03694	1.45863361741669	0.879359935048373	-0.0547653637073328	-0.85123928202089	0.015284048410308
K03695	2.83021785403855	0.551449601176532	0.757152000889988	-1.17333963824209	0.267617421241653
K03696	2.28574742461807	0.637250725749285	0.769538144097538	-1.22735522253212	0.281563298793685
K03697	-1.4202105841481	-1.79426928925201	-0.41237380124548	-1.68121166838106	0.810352878662002
K03698	0.380070225254366	0.315574493828566	-0.126277287974148	-1.4674098969787	0.485501246543777
K03699	1.77641494657166	0.395117316964419	0.0792942889787863	-1.95838781011995	0.359568553062331
K03700	0.152692691341707	0.095607881072314	-0.087504898681431	-1.06227345330414	0.437482373805892
K03701	3.24373175288803	0.52519622874573	0.779364804253788	-1.23156862271723	0.22885869631375
K03702	2.6746711888469	0.507502291920932	0.782129625306339	-1.11260829385143	0.271724658103835
K03703	2.78011669303543	0.506721083644183	0.294217015133114	-1.27175733757909	0.231654869409454
K03704	1.13585876758463	0.236966037760825	0.460147241578312	-1.14626619716879	0.373667376132857
K03705	1.6377962389148	0.4601263893874	0.523323545680256	-1.51026206029352	0.387050526233565
K03706	0.309381381527254	0.92675325703934	0.767957726941318	-0.165419119724595	0.294214623065841
K03707	-0.248634799464872	-0.469322528120725	0.117332743928642	-4.48440970791277	0.758172469230544
K03708	-0.0140937409245279	-1.09075387882873	-0.57095112420538	-2.06233610523637	0.516366736980331
K03709	-1.09740517948501	-2.61743899750396	-1.83612777806738	-2.38926507843431	0.780985908599746
K03710	1.27556827749378	0.445127640488894	0.428911665902347	-1.06990377170738	0.38733865508641
K03711	2.62332595969803	0.81603411269501	0.0898378589012335	-1.0564278767794	0.212292240949523
K03712	-1.11166523311966	-0.845207180258481	-1.86631955720404	1.89776669131819	-0.45448691955005
K03713	-0.778390272601774	-0.877401913878171	-1.80505802251318	-1.19082285029587	0.377684252353561
K03716	-1.54599426601761	2.07291523051575	1.80929253481409	-0.0807386816829081	0.0675004292448875
K03717	-0.754418714984586	-1.52152856754944	-2.18228139497259	1.5652459679753	-0.386795369891274
K03718	2.92273594524033	0.919168685200961	-0.0132652684293081	-0.880228492745721	0.0017146337946769
K03719	1.89354075576431	0.429399032715113	-0.179638539924412	-1.55137534750398	0.397963659854781
K03720	-1.0462019286	-1.10598370003387	0.804363647923679	0.19639859782759	-0.233760999498713
K03721	-0.668884023173979	-1.28535326885864	-0.451909949555187	0.940413576236403	-0.318011758832085
K03722	1.11962429519064	0.425955881002696	1.15724108599207	-0.389946419128739	0.221637802215469
K03723	2.55156065608628	0.579142544987948	0.606113533005924	-1.18807379467186	0.304261641593825
K03724	-1.14063928936355	-0.566877509829252	-0.337440868391781	-2.34083225143846	0.863623576255691
K03727	-1.65833471630447	-0.660145725485532	-0.632213433756619	-3.26043643368181	0.963381128402602
K03732	0.251412943855593	-1.40477785038635	-0.780460973753719	1.26361976253096	-0.576463801769364
K03733	1.76199455644257	0.330180515173228	-0.324610044731884	-1.95414002550539	0.298564152809035
K03734	2.2434549489177	0.421368796947749	0.169466572330208	-1.84108217371401	0.349775748344314
K03735	-0.928577407344511	-0.266212280270307	1.61120603464624	0.875460845103896	-0.0585926156321648
K03736	-0.542266710742643	-0.954119886633603	0.283315564022274	0.350979548564589	-0.0108575206080559
K03737	2.86418809081681	0.828146610978396	0.826687733159275	-0.80567185891565	0.181228714080703
K03739	-0.927230580791166	-1.70431300568268	-2.33288802720526	-2.04901637447771	0.663100438209426
K03740	-1.31695364330642	-1.74782117771789	-4.13305344201544	-1.91233404291567	0.77663536557759
K03741	0.491461650387118	1.31302777362183	0.352273533568592	-0.784338492283189	0.265203790756118
K03742	1.59852130796082	0.646053586724551	0.592495838628025	-1.09695322749909	0.186031507345092
K03743	1.0219390698827	0.714644555571826	0.435235748515339	-1.4926547588199	0.306863145919692
K03744	2.3245608964122	0.680047635558398	0.0494545460500429	-1.30549507153925	0.107322769256484
K03745	-0.748926862224272	-0.730441178557126	-0.00716099284508721	1.61612616168562	-0.776231629757035
K03746	-1.12994049404495	-2.58455773758575	-0.417848487868099	1.41142521487776	-0.377495778707612
K03747	-1.53702805851333	-2.08081361221954	-1.53018881894568	2.69077334987227	-0.517870767025101
K03748	0.511013463989565	1.21972522569016	0.865028718934269	0.973785024753249	-0.461207432655442
K03749	-1.79190467213028	-0.874180878874509	-0.450023164524822	2.35866509067122	-0.523828400282014
K03750	0.330275610939333	1.33954373431519	1.22048972033045	-0.876407030352914	0.228893922658813
K03752	0.321236566559145	-1.16445228027984	-0.592956086172848	0.379148703685439	-0.256657575240183
K03753	-0.430614694102934	-1.14290496277496	-0.98482765771368	1.25195608722273	-0.369239708391774
K03755	-1.45773361538284	-2.02393409180328	-0.203630050196438	2.69214830981795	-0.60616914740001
K03756	-0.879547580226591	-0.834808434721677	-0.270946492924481	0.290632825961745	-0.150524621812451
K03757	-1.41454099033706	-1.41580387520477	-1.78976907350042	1.87062106715742	-0.347126228717912
K03758	-1.31604956005447	0.493104283335955	-0.299340178742199	0.516199332347548	0.105865912528884
K03759	-0.630594833835294	-1.75067361759826	-2.19897617913702	1.34896431552473	-0.459702132252801
K03760	-1.82071469639175	1.62849441600159	2.7476149597027	1.5729020653874	-0.0943570416251305
K03761	-1.01872442577713	-0.910338963743894	-1.1239967546604	1.63994942294661	-0.368015987781632
K03762	-0.726925118907621	-0.783016289946286	0.121357905194969	-0.186724740394914	0.266495423408401
K03763	1.4579954602874	0.719641808989794	0.940877417550297	-0.728373307117784	0.33472748288716
K03764	-0.447544558986356	-0.803182329413144	-0.630040844454556	1.38771591769759	-0.28806315547024
K03765	-0.754147633060148	-0.865205969092099	-2.06004943467596	1.74629793750349	-0.496869070438493
K03767	-0.993965133174589	0.169263259145768	0.123081716225357	-1.04999438239034	0.563887136073959
K03768	2.3115495600856	1.06185475421265	0.951828102097721	-0.98149404240545	0.205152200551879
K03769	-0.823830111964872	-0.32797303366348	-0.7918000421665	1.06031308757368	-0.392502276209939
K03770	1.39445994879372	1.65369204116181	0.955276290402622	-0.0581124008983012	-0.139356685785401
K03771	2.34590245868332	1.34989360404328	0.437346438393802	-0.47057225120958	-0.0526269953528527
K03772	-1.66580198620193	1.72384992671326	2.34740052603266	0.515444379916823	0.096752064319503
K03773	2.08697064305908	1.46573499274567	0.421724955067844	-0.320912677177751	-0.0405831765214089
K03774	-1.00681017254226	-1.39659520554229	-1.95519222833136	1.78179345714155	-0.439224882034409
K03775	0.71296288158066	1.95491889548615	1.34967658899805	-0.0877591551631327	-0.0649599861184243
K03776	-0.94071029041641	-2.60681458878204	-1.99188055612066	1.58965526210371	-0.454886062053788
K03777	-0.875264867290189	-1.47119029926941	-0.549299677386074	0.993280988803542	-0.158392047492612
K03778	1.53075383688576	1.29649368357971	0.848986963257999	-0.859809953102433	0.0675521660765525
K03779	0.776324079290697	0.785867784741671	0.46818302057764	-0.390595156082475	0.311617271991622
K03780	0.197522059933016	0.898346100571902	0.567283729539127	-0.430320578941667	0.392935233207595
K03781	0.727794692770312	1.06616363358811	1.25372789286158	0.666014653316176	-0.209594449011433
K03782	-1.15151284550064	-2.58674260544464	-0.0979591659448435	1.9880758343846	-0.356519578007806
K03783	2.68572510863907	0.713270638707431	0.348064730391712	-1.06005213347968	0.152264641614806
K03784	0.992846817628214	0.783993516686709	0.792854765877933	-0.535259503254258	0.222719417901885
K03785	1.58098213459618	0.585673515322955	0.50473983071825	-1.42453150762018	0.242993490787398
K03786	2.29809548045761	0.74897757602051	0.37534079931757	-1.64314015520509	0.17423685082997
K03787	1.78973336602814	1.33847836089447	0.640082816109867	-0.343081969150865	-0.107671527175057
K03788	-0.395983322604826	-0.940851415869443	-0.988044758810787	1.12746010409895	-0.440851790813554
K03789	0.465982393280337	0.245114984560163	0.322909275517673	-1.54830773485597	0.517733769508254
K03790	0.418905333534548	-0.349731947657315	-0.0363697684548189	-2.39859010590013	0.667521493526351
K03796	-0.419219835742643	-1.5201736347644	-0.974911948218136	1.73311720477644	-0.517423642782319
K03797	2.98480691100723	1.25675085616425	0.670278469548435	-0.85387315166887	0.0152299273928519
K03798	2.94645799781449	0.763069067719729	1.13247404478571	-0.919516864547097	0.252455430122268
K03799	0.974442348734209	-0.348551894900052	-0.385272612347393	-1.91363664282259	0.503411369415176
K03800	1.65894602324135	0.19332761374429	-0.346786489262371	-1.59110121739801	0.204781966300857
K03801	1.32756690765984	1.67398527694062	1.15475831411859	-0.0511667908519144	-0.120065389184106
K03803	0.482521192089388	1.77837291789368	0.715931276307316	-0.0305411995738383	-0.115213094262231
K03804	-0.75248859737747	-0.682763244387357	0.185423249826641	1.81802950488631	-0.429021341709245
K03805	-0.780524714931181	-2.79168054032013	-1.0545467338703	1.21955118762556	-0.402618823556054
K03806	-0.399059995158842	-0.6686128632991	-0.899403532519131	1.70184789287154	-0.58000616541301
K03807	-1.26747177456253	-1.05583652424499	-1.6421954832218	2.44282613383833	-0.57287703266536
K03808	-0.27911566112869	-1.24134096073791	-0.711528380884915	1.64577541934553	-0.408236635831941
K03809	-2.53531359051101	-0.472144569632261	0.550268212781162	2.6253660737187	-0.330440876988519
K03810	-1.00082228992813	-0.825498069998472	-2.34261693574408	0.541433912387526	-0.159326991049397
K03811	1.54740350033409	0.338695865693839	-0.0160367614767839	-1.48894386304315	0.201578186841857
K03813	-0.941958650096586	-0.678600694414823	-1.73905362702826	2.21080217944685	-0.70810772290622
K03814	1.39798092927105	1.21057352853134	0.251687953696461	-0.661357361206376	-0.0137466471472863
K03815	-2.96600459431045	-2.17756148743316	-1.48904885865667	-0.356784838566148	0.145832644792449
K03816	2.25188197280533	0.598386947634967	0.344817767367573	-1.02487853480276	0.28723289260472
K03817	-1.03628753040664	-0.0445614414183781	0.750235597119541	0.751460057368911	0.057978527637374
K03818	-0.0433312496983316	1.74612358641938	-0.189654981269627	0.752431017032302	-0.00689559986983573
K03819	-0.834279283031156	-1.45754298138305	-1.93504836179235	2.04838524447981	-0.564148677496064
K03820	-1.30605529163711	1.99466959071472	3.01348934553644	0.0116985856205587	0.108909444900405
K03823	1.88551558639176	0.695833627703936	0.395460198149891	-1.70724971903261	0.267616705985915
K03824	-0.375688656314543	-1.68764110970184	-0.499512990488796	1.73761187182967	-0.570487720874894
K03825	-0.289699061855009	-1.19276770519897	-2.46827902413824	1.28808222400252	-0.431823430565942
K03826	0.216533140198061	0.662263248685153	0.207707072124691	-0.651625502237641	0.404059724899184
K03827	0.801468894735644	1.67987421584442	0.608091215119572	0.0575896321446066	0.0238870252093192
K03828	-1.26349876736038	-0.639370109316556	-0.115060111059933	1.09690151797835	-0.396134091524232
K03830	-0.575825556262663	1.19246557784394	1.15653405569574	1.44238410579268	-0.471541969088662
K03831	-0.647149427875211	-0.503863360163419	-0.500124414934902	1.09326396571699	-0.283934125659812
K03832	2.07184763337738	1.61730090213135	0.552065173611851	-0.42807866943773	-0.148394135741341
K03833	-0.687974556430509	0.0973735643656566	0.681659976468296	0.58956859695021	-0.010902492312539
K03834	0.0612675109065268	-1.4670844929187	-0.0955635956666757	0.578191381564773	-0.525839103368867
K03835	-0.552404507144621	-0.640894974943845	-0.257784058823376	1.06157479869429	-0.314071854559529
K03836	-1.37894032810562	-2.18297478127166	-0.223492076172619	2.48761306392256	-0.525903983024705
K03837	-0.583062752231291	-0.655560518976896	-0.908013900294094	1.15179930316511	-0.333049854246724
K03838	-0.896619304164579	-1.35201951431915	-1.97005095101812	1.86617098437849	-0.488901240734208
K03839	2.1138841667331	1.44657341075257	0.172872359380932	-0.315970498451554	-0.260668629763472
K03840	-0.10868976925247	-1.10147746967956	-2.46055044747808	1.33150158511702	-0.5462909173051
K03841	-0.447634204372099	0.77821478677109	-0.828483005537777	1.36351023303572	-0.31552609613334
K03855	-1.8782913527333	-0.536784495588987	0.238690609560222	2.67878709422652	-0.420816583541978
K03856	1.8470058598674	0.634025250199588	0.803133586869449	-0.933648336061799	0.358539657684219
K03885	1.52433110858567	1.20253941846207	-0.0416641957304765	-0.108076352009141	-0.272156266478646
K03892	-1.20645831440323	1.52793220115021	0.985135535226078	0.512665969005263	0.289690332504165
K03893	-1.70047734592788	-0.271408762213437	-0.490623613371639	1.39583335506026	-0.113880900649178
K03894	-1.04534457538955	-2.20107432770416	-1.67062368012884	2.67243514644209	-0.71099559774791
K03919	-1.1754550776326	-0.524347509619443	-1.98185600854376	1.54368649112288	-0.329693129269231
K03923	-0.815289720042875	-1.54661592411682	0.504850278125019	1.38109837161604	-0.360922215489495
K03924	2.91173912669785	0.566770289662631	0.402063439116688	-1.68954517258104	0.207359151931655
K03925	1.92140396024353	0.491429690840991	0.179747889266224	-1.52050431383547	0.293106751533401
K03926	-1.53347752903335	-2.12684699463531	-1.56432892896154	1.7675632058293	-0.487550897506822
K03929	0.72286991860039	-0.145650233504026	-0.855390270724087	-3.96208681477007	0.582536594959151
K03930	-1.44170163486831	0.300150205019267	-0.89059336997488	-0.277702409157121	0.334954993816268
K03931	1.47400720502503	1.63600114417389	0.319354722724171	-0.233020264038407	-0.0371687840500954
K03932	-1.56373809193008	1.55551782679871	2.17747650526545	-4.07526935947832	0.207142578454864
K03969	-1.73571394298904	0.977714513066561	1.55308971785089	0.510627847781814	0.0831492711027976
K03970	-1.72435878132217	0.0685311449797466	0.166090334282131	2.61378822909895	-0.729255272058595
K03971	-0.892913325771024	-1.91011806893036	-1.46807946778753	2.68243990527693	-1.07875667324458
K03972	-1.15640042637222	1.04297182393387	1.78844759844324	2.63376532184187	-0.6530003379861
K03973	-0.54195175979965	-2.8564545767276	-2.22480382539251	1.33182941066328	-0.483872933296311
K03974	-1.25988624904983	-2.41929074692413	-1.81440188504675	1.70226894008223	-0.422777665762055
K03975	1.2078892895139	0.0710402919085338	-0.518312176241665	-2.11687578571733	0.429880933853042
K03976	2.12028618241913	0.775079820874484	0.696599642262668	-0.953184548148477	0.229372816177261
K03977	2.94382561828263	0.50915071797684	0.312158504948826	-1.08062793252763	0.228008108230483
K03978	2.30296661044724	0.734385882142337	0.549790243134708	-0.779220062622392	0.195699023099792
K03979	2.65140070106156	0.517449025634082	0.58395222805521	-1.26687772882875	0.264797227474105
K03980	-0.68246804092758	-0.496791328665464	-0.201216896548062	-2.43450106991228	0.773632602783096
K03981	-0.0912815174900796	-2.14446183609649	-1.07063819982031	1.55620346652571	-0.563166959194291
K04013	-0.821811898692777	-0.68624153303787	-0.00273293398240106	1.7425547658116	-0.348111813871014
K04014	-1.24731992100113	-0.171659495112149	1.59538100145838	2.07607017146651	-0.366089662520039
K04015	-0.937431319698026	-2.41512843537018	0.38080588959238	2.00086746799055	-0.588613821176637
K04016	-1.36106894825332	-0.493762637850492	0.688443998322697	2.16470776187483	-0.569652719406236
K04017	-2.34816215847366	-1.88627215790436	-1.31517877198675	2.21195541011397	-0.266500189883459
K04018	-1.18736575458877	-0.714789654490201	-1.84267654038885	2.2559186040074	-0.435421569255937
K04019	-0.932789548381498	-0.861090745207517	0.745303074345798	0.514871221652663	-0.0183870028535012
K04020	-1.27496717785232	-1.67032083439514	-0.272290994896679	1.19418464290205	-0.176407238451589
K04021	-0.916551812633207	-2.6256355898349	-0.464615007414608	1.65565977679793	-0.452556071786034
K04022	-1.54496167515152	-2.39803167748138	-0.31295078016737	1.79979286777083	-0.29644381439482
K04023	-0.980728610500028	1.15808651280716	-0.942538460268765	0.353235941997207	-0.0149765293875817
K04024	-2.28315995548599	1.28182688784912	0.141236002073498	-0.130211609730088	0.531375603767287
K04025	-0.961534484370878	-2.28696867394134	-0.712012787833004	2.07915840732161	-0.671375585703004
K04026	-0.000229223712613802	-1.65562936234161	-0.739201148524075	0.293794613948501	-0.224128851650107
K04027	-1.04061196659439	0.465429220917971	1.75807950876734	-0.213992971309983	0.0473271776160117
K04028	-1.06562350605362	0.457773615244181	0.665454367623539	-0.0891525925486918	0.173289107175719
K04029	-0.916130288585356	0.511727218154223	-0.175128286256581	-0.377169031032884	0.41186554917897
K04030	-0.804742082103422	-0.000498201128689979	-0.546128829493313	1.89277563678328	-0.457143915800202
K04031	-1.17899702404373	1.11538753342942	0.602092007622928	0.108438712230361	0.481374220939529
K04032	-0.285837276920011	-3.281151975867	-1.1061094007633	0.929139953723586	-0.333330741135228
K04033	-1.47357509945267	-2.35399290489837	-0.363533457293301	2.17214928256575	-0.356603002158749
K04041	2.37861456061966	0.922850225690158	0.544472227320881	-0.816264230141007	0.130062477680099
K04042	1.45952306772835	0.202416973757894	0.458976010308475	-1.2770319314092	0.442269103618514
K04043	3.12467028285629	0.598118905547412	0.807760993466587	-1.00826404554542	0.272161083312881
K04044	-1.11792062137954	-0.247194643494336	-0.0697007901213457	1.15574989902083	-0.225363789109338
K04045	-0.583608373149564	-0.970664943930356	0.183712864742489	0.0260197936207418	-0.162173075584519
K04046	-0.445302947505644	-1.2070632832019	-0.873597939982205	1.25129209147993	-0.398302672413934
K04047	1.93010677482254	0.477258924964221	-0.297098984494	-1.17243290258344	0.104327963682067
K04061	-1.21557043407791	1.41150013041809	1.07754514597437	-0.45076652182039	0.0461254883726951
K04063	-0.974518998607328	-1.93196484017059	-2.15232195474127	1.01540861712996	-0.295383336005557
K04064	-1.0742518744313	-1.21417793202087	-1.76032116033056	1.60277591334883	-0.588003976253617
K04065	-0.34927163933151	-2.13977810311004	-2.36810578919867	1.35724888431135	-0.477805135754693
K04066	2.45964182998306	0.507519130233081	0.412817070708485	-1.38781158936914	0.286847071739089
K04067	-1.29822443340652	-0.795253004309385	1.47311923883936	1.56937585460249	-0.235287751985538
K04068	2.21950198794968	0.719844822409899	0.501908878312321	-1.42400421513017	0.283961908908736
K04069	2.65130986358292	0.68957600426987	0.369297037348957	-1.21642968369421	0.248945193382156
K04070	1.03681892241604	0.889600311044009	1.04815063856623	-0.921957644948327	0.260735349746596
K04072	0.917843029753039	-0.27137884068176	-0.0101968473933031	-1.8867998303264	0.618576245399368
K04073	-1.43689893101089	-0.908847178694455	-1.63871922112921	2.37587223636214	-0.473941383866418
K04074	0.873191670433352	0.478415016654284	0.708126286492557	-1.30498819364008	0.309264021011245
K04075	1.91261454011566	0.868863080266268	0.735847631917209	-1.18463412983116	0.202178435417068
K04077	2.83160723830826	0.594852988246234	0.713483075127811	-1.09133671907481	0.239890353771102
K04078	2.54643167640335	0.495454196456225	0.490146080479832	-1.34199084652361	0.234916942211043
K04079	2.56761910106308	0.814526174786837	0.54914359234354	-0.804901677498185	0.141058640571487
K04080	-1.80501221035354	-0.978774990317075	-0.6474148235462	1.61858425723616	-0.131457602588284
K04081	-0.17138086174362	-1.55367084908172	-0.336856444849758	1.4965601979405	-0.52541439047252
K04082	-0.883482678874662	-0.959838713881223	-0.827590664400845	1.48774633990828	-0.43212346544658
K04083	1.28038559193976	0.624510948184283	0.776518682465763	-0.882792222627961	0.300028162094009
K04084	1.98980809833176	1.26356068682984	0.62137476585886	-0.538275557884538	-0.0977305304089669
K04085	-2.19126008365982	0.114651594880374	0.624936799035282	2.91971312152449	-0.371101429669011
K04086	-0.962524875148466	-2.11774655747101	-1.07404973126867	-2.17578853977617	0.816175775619399
K04087	-0.708910568698576	-0.715033735510556	-1.98715843774298	1.74117932902876	-0.601207567361939
K04088	-0.653845771297147	-0.666582073446958	-0.334123691096096	1.32670317279402	-0.469050718454469
K04091	-1.69750569675796	-0.813154544111936	0.616519192681522	2.1134465752751	-0.2942889872769
K04092	-1.48930738781326	-0.453985001322477	-0.227415492310314	-3.21331133259233	0.941257314773452
K04094	1.14519343982703	0.505159769776614	0.896937171445103	-1.09722950992879	0.377993898483169
K04095	0.29861368323929	0.528547380688937	0.870406130776615	-1.06094151301082	0.320525543781173
K04096	2.02429242517121	0.510870639804156	0.320034811721058	-1.56129055036005	0.280906396003615
K04333	-0.897225364192655	-0.956351007696836	-1.98883046723822	0.841018420329726	-0.476713551191438
K04334	-1.78812073086136	-0.973142709013669	-1.44299854852179	2.03932152377669	-0.451185254363168
K04335	-1.03712056492203	-0.902568663832395	-1.88952924825171	1.40487371074263	-0.482954544929612
K04336	-1.65149758671158	0.1807458816202	-0.61041029311636	2.4107607422978	-0.443807570246804
K04337	-0.884932025417021	-2.53913208412811	-0.197012846841602	1.6205209313542	-0.523175073770631
K04338	-1.46390984867447	-2.00445839333221	-1.48066475011328	2.0776275216252	-0.625607831386674
K04343	-3.31040356968277	-0.59689005779907	0.808019737229557	3.06338844882551	0.0683688987215873
K04477	0.355803565040896	1.69957665038422	0.948934535012455	-0.385931927093827	0.250762986036193
K04485	2.77080012942917	0.397597168210299	0.361919025407047	-1.2452041835874	0.255257921310317
K04486	2.13938017274506	0.954764698270114	0.684660295472355	-1.0574916818529	0.157205658050429
K04487	2.28472878123886	0.638628308299334	0.731545309052677	-1.02477973265346	0.339693682285201
K04488	1.95997776176102	0.462393869283946	0.636698762402744	-0.856786537298524	0.36437733659352
K04516	2.62819828178055	0.712784831050189	0.296570519433231	-1.16168396858271	0.0202557612379905
K04517	1.59650717760689	0.262845352861436	0.393191734776707	-1.68946136845049	0.458560125919234
K04518	2.14911730672486	1.11542258096054	0.507004419789524	-0.731732356676423	-0.069523764757264
K04561	-1.88140843723648	-0.236137058016507	0.520676801429005	1.20574031459395	-0.35446578076278
K04562	-1.22396634434097	1.5358234984906	1.08954487226984	-0.258320826420152	0.0125881601294395
K04564	1.3120350026644	1.61641684604004	1.12490222834131	0.0497402964741354	-0.0626840423623208
K04565	-0.233552320941618	0.734521005872042	0.281222874746532	1.51526771174971	-0.464329166320908
K04567	2.91666950370438	0.487659905675204	0.569071392045231	-1.09161500757333	0.273616628738296
K04568	0.260632649914095	-1.41592368054077	-0.525521715655117	1.03900156604353	-0.509080870060075
K04651	-0.145965202792814	0.977398787263186	1.64296410463831	1.23278604137007	-0.17425479551946
K04652	-0.273955448611906	0.988662217381747	2.05786095045588	-0.16568716181215	0.204026954265487
K04653	-1.20420740459793	2.07660785746887	2.21362481497309	0.371173363795913	0.325086968036544
K04654	-0.861173375590971	1.48742917609528	1.82801804922602	-0.364380794891679	0.45948870668019
K04655	-0.52678571556442	1.41795090270355	1.75001571558496	-0.308519142994248	0.403265016170394
K04656	-1.31526873920791	1.85379818511322	2.27439318083307	-0.098726290592515	0.432865457626235
K04691	-0.229502542956999	-1.21192368435547	-2.38905944444159	1.14465771304671	-0.539387507347215
K04720	1.11933329786427	1.58441117835358	1.10627375029108	-0.676619368919694	0.113697903247726
K04744	0.0449845948374961	-0.410283769842832	1.01945231340906	1.07611499415938	-0.4370319973508
K04749	-1.43888471935623	1.93393829894379	0.908873716817112	1.15616021739546	-0.193564081547606
K04750	-1.78448651646011	-0.618246103998868	0.00941647820255263	1.80458627330366	-0.103197438625443
K04751	1.67203588868744	0.551708493951113	0.0938194901504229	-1.58513371957239	0.304506616683852
K04752	-0.990308269008329	-1.6010595219104	-0.11719368912199	1.67916308032576	-0.371718233434308
K04753	-0.354611142619779	-0.645857538458555	0.0617343769230555	1.27802143680159	-0.529904467968095
K04754	-0.298142655833891	-1.2636868612735	-1.52856495000341	0.882941585651076	-0.379405586032021
K04755	-1.31997536037796	-0.780657972571103	1.07735834501764	1.80832944499556	-0.346407299844373
K04758	2.07165004397995	0.939168308499606	1.18081782244226	-1.33430138541158	0.251185493560683
K04759	2.77051164294846	0.841275130036624	1.05987701796076	-0.962469774612748	0.261929826827895
K04760	-0.505055888637235	-1.00649484562561	-0.331345786824017	1.35658727275435	-0.395400075224984
K04761	1.61477868343956	1.62320056987122	1.14500365637323	-0.243466752895677	-0.236867216398764
K04762	1.6016913809932	1.179053102258	0.899783650860996	-0.688846665748918	-0.00234012117778098
K04763	2.19448699142105	0.567660544636996	0.339265117869587	-1.31330739272531	0.256314354034316
K04764	0.0675760665095542	-1.09120210575744	-2.61821808434942	0.630031448474563	-0.523793710378754
K04765	-0.475585683330229	-0.640872086760251	0.373720238433094	1.49677572833601	-0.450031561760056
K04767	-1.55090473507278	0.257916510674508	-0.00183996699669854	-0.168126183876359	0.342508034797561
K04769	0.346473053947756	1.71032646727875	1.86029646776697	-0.718850451835954	0.264534490199935
K04770	-0.540034159167936	-1.46285566258117	-2.32389225579718	1.20927796947066	-0.401664135960687
K04771	1.06338173236019	0.915073548081668	1.079167107568	-0.989366117247903	0.353423671813857
K04772	-0.742189987643888	-0.690885152098386	-0.741746862902432	1.27244768725935	-0.363269111124623
K04773	1.33151985789902	1.64471629691437	0.767818490491123	-0.171984452137315	-0.107573447732079
K04774	-0.808603032573393	-1.71280440258667	-2.08965100862005	1.32713161098067	-0.437884656695474
K04775	-1.0609474024617	-2.27423139977142	-1.72159912206152	2.15391622172896	-0.630260420946229
K04783	-2.91703723286026	1.50438705516175	-2.022026916518	0.51720736609999	0.398635642619979
K04784	-2.78938864086502	1.49981406760529	-0.300706794037609	0.621403318515456	0.362415688129317
K04786	-1.44579003666275	-0.882105197188108	-0.0192918158314516	2.59946523295943	-0.663160605339158
K04794	1.10674808259375	0.404905129793437	0.162717329786033	-0.882923114427888	0.295222597213637
K04835	-1.59689710949295	-2.45497056412384	1.97236106775782	1.54429708110396	-0.262408249063242
K04844	-1.13093660686844	-0.675433959242551	-2.22578229524115	-0.185091692337358	-0.169457158056844
K05245	-1.77076242779129	-2.2718586580722	-1.65307547666052	2.19752154933516	-0.271522520093072
K05275	-1.80987332676285	-0.896574463125913	0.165408375189514	2.46286712276045	-0.471571085957635
K05297	-0.864030107005766	1.40918794703797	1.58442256830713	-0.597604769596421	0.118432806821715
K05303	-4.20927499149673	1.17170325351074	-1.37634875394323	-1.20994583828148	1.07925684938039
K05305	-3.93798707340591	0.566459958079608	1.71152005575678	-0.544394928345048	0.530090944858443
K05306	0.725399480120013	1.68625334334687	0.70728305958292	0.0484449683338766	-0.0871685724536065
K05311	-2.43306969021194	-3.32077642845794	-3.88805975533941	-2.50182284725603	1.00464923867787
K05337	0.776867882267306	1.00788942408875	0.256765509472103	-2.24080922020372	0.0620522964915153
K05340	1.19383688169784	0.787451539757998	-0.691650947108059	-1.77831031692918	0.214504169317138
K05341	0.945692212239573	0.673026417020114	0.679942230210514	-0.808311957249009	0.413347857089889
K05343	0.29799957658417	-0.190635855671613	0.320284078345508	-4.03736056698259	0.546291785331618
K05349	4.14209939624436	0.427813519361766	0.0818529710926722	-1.52310286773142	0.116536663862121
K05350	-0.146365626796415	-0.101910735842435	0.568632225022526	-3.46455611599382	0.613212244602096
K05351	-4.97325013492935	0.749012861970217	1.49307380102655	-0.329926329979264	0.927878933044326
K05352	-3.68623660419815	0.881171320203097	-1.06959058858374	1.107344251743	0.142589407058608
K05362	-1.45160864208572	-0.00607113110706065	-1.26866008855322	-0.10926808727678	0.305619793029678
K05363	-1.79298756931656	0.0600998295576885	-0.697501560225277	0.0342689572483663	0.295792656036269
K05364	-0.428668364032438	-0.293880607363431	-0.266545256151943	-2.8131287278026	0.761549906822097
K05365	-0.42783199165695	-1.04147502350494	-0.602314730658322	1.37111816989485	-0.485112948326218
K05366	2.33684887076981	0.733875666383059	0.461980322823734	-0.949995952972734	0.184297727437865
K05367	0.413878516212771	1.86405745578125	1.37731705091974	0.777320009341872	-0.28429694285785
K05368	-0.605297311290434	-1.36031302380249	-1.33643593408087	1.37124858485762	-0.291323414055455
K05374	-1.69365452144974	-1.1839247601001	0.70397130630991	2.3643170415074	-0.614682389406312
K05396	-1.61389516208999	1.09783307147339	-0.105453883781223	1.08141193973128	-0.0455828886309746
K05499	-2.37173674915664	0.934294794324191	-1.02612306691626	-0.447182375320756	0.719160335155379
K05501	-0.345828755839994	-2.87025686669037	-0.0400033644578745	1.77122293101851	-0.592760188488114
K05515	2.34869684363968	1.23081270289734	0.812384108529301	-0.847072857746446	0.052095549198043
K05516	1.61687757159836	1.22394684386566	0.454603294358463	-0.854483771452272	-0.0384649913588647
K05517	-0.677808865054777	-1.06546958851501	-2.21081032372931	1.38622174846236	-0.410289017466653
K05520	-0.292053564532926	-0.433742131468503	-0.272184958233624	-0.454245287308061	0.217275040241134
K05522	-1.36075232838028	-1.01662024426147	-0.265771200432568	1.52979384051863	-0.296388803032983
K05523	-1.42534969662063	-2.07724424767181	-1.53785719491461	2.19405255900923	-0.583048595098603
K05526	-1.57072280262344	-2.18608161377594	-1.60589351273993	2.33360562907759	-0.425008160976518
K05527	-2.09103201244705	0.117395897033961	0.781638900265903	2.37756929980818	-0.330052105692971
K05539	-0.199363573535612	-0.849091257330625	-0.204291035904675	1.20604858981673	-0.456497577933419
K05540	-0.872134192928007	-0.294701840159147	0.25125458322546	0.780224424472487	0.0473119188269492
K05541	-0.298081143840482	-0.242001797434537	1.26184509180567	1.00929175006453	-0.424468992261041
K05568	-1.35952375744217	-0.956413830992429	-1.727877398505	-2.15817107571062	0.186232017370116
K05589	-1.43712089870804	-2.57938429283783	0.789635280595035	1.47775302516524	-0.238699686696577
K05590	-0.327048166736295	-1.55591722893402	-0.0993300131700327	1.51493416415755	-0.597319496778596
K05591	-0.818311437114408	-1.40800031590149	-0.87596501924017	1.28653345691267	-0.408085508255113
K05592	2.73835934783585	0.648707751754077	0.219713727460117	-1.01006792796549	0.148896353336227
K05593	-1.08403704975479	1.52945509982422	0.957697252259464	0.315572363010085	0.130534516664397
K05595	1.91863192702896	1.91865984034851	0.627890566811771	0.0981349764973287	-0.0174565296450738
K05596	-0.2564743599736	-1.47809120583221	-1.06705667592505	1.19353304492537	-0.450273348001588
K05601	1.88263233091004	1.28030243945435	1.15523372076532	-0.315173226723039	0.205039398761642
K05606	1.31859567846424	1.83152369094208	1.33480308435938	-0.198996681103074	-0.0537780951539162
K05685	-0.325947984203031	-0.765930678126066	-1.03697445012548	1.90923843967024	-0.48250418713485
K05708	-1.34970210407608	-2.27155658173248	-1.69142117120245	2.29155526744429	-0.476171014813531
K05709	-1.51458738659256	-2.2701074736087	-1.67427994824865	2.2238722859532	-0.394050283340562
K05710	-1.59419916485183	-1.99927326607391	-1.46313168622473	2.73725805865828	-0.549689514545548
K05711	-1.24170707081192	-2.26301905083343	-1.69560374833563	2.43616328822676	-0.539562953619111
K05712	-1.39011405323379	-0.923362220999448	-1.77947177506903	2.09429417239729	-0.371840937046159
K05713	-1.73914550159805	-0.730241383787839	0.566182414517612	2.32924161540571	-0.332887774316419
K05714	-1.65340374325149	-2.04453894066498	0.567432264313907	2.68611202823225	-0.48584176412021
K05770	0.35165061141617	1.38952222895935	-0.316766818537502	-0.415717798599565	-0.0585856865922097
K05774	-0.970809205516508	-1.53278073239013	-0.925604899897366	1.72531900989119	-0.360194398073304
K05775	-1.86111925457351	-1.85587808060333	-1.33312000848272	2.66213260280196	-0.522206438688386
K05776	1.57110922123558	1.32502726149872	0.420559296832294	-0.363051968941056	-0.0788483749905709
K05777	-1.98523472164505	-2.13442202973053	-0.0276521570227434	1.89296184169356	-0.267065985111344
K05778	-2.07389877651565	-0.652760709997861	-0.084210922493725	2.16990361796919	-0.408935068158257
K05779	-1.0844008765065	-0.860106076475827	-1.6801114282749	2.23977861987654	-0.668340964225877
K05780	-0.504955633624723	-0.789329375502317	0.482802043185444	1.86813150035445	-0.429319752363313
K05781	-1.05786727283829	-0.0257711963622257	-0.650131424441128	1.6185096322209	-0.312918378023255
K05782	-1.14741633747452	-1.13128372597381	-0.735407432093411	1.96499405490462	-0.549734784273255
K05785	-2.19022582386368	1.81949535441712	0.642418424115391	0.681648951640761	0.30177785644139
K05786	-0.984394296153715	0.0782171679766491	0.448846796975345	-0.461099583038652	0.465316491218459
K05787	-0.795770987018278	-0.939097012755124	-0.802211304678707	1.44611917125288	-0.358298076299775
K05788	-0.774840458377531	-0.346656049963681	0.249045948014469	1.18005977260176	-0.420502124337304
K05789	-1.13675497387283	-2.27800032066986	-0.882696410193234	2.35404644595686	-0.591808779148209
K05790	-0.907442792400053	-1.37760516571686	-0.0584624610088159	1.75379620181624	-0.414253709820855
K05794	-1.51238296841018	-0.583814527270047	-0.885971148981838	-3.10828008068498	0.872847752662551
K05795	-0.212355717166593	-0.207205112454145	0.675169865117283	-0.774882722029054	0.120757060142409
K05796	-0.284824355586698	-1.43506964611694	-0.247930874600201	1.33381662952009	-0.4355801325122
K05798	-0.390385969623258	-1.48771699833557	-0.533613523020535	1.38741479503218	-0.439708350209344
K05799	0.644076303497622	1.14980170560196	0.727737108693333	-1.29923658383783	0.302198426814925
K05800	-0.460784181102445	-0.139189149615018	0.484377066121311	1.80957995044295	-0.376771045831788
K05801	0.755690620199511	1.55861178469971	0.322484473214359	-0.385639745125138	0.0036813188513633
K05802	-0.789221628650358	-1.24442395138427	-0.715247412695675	1.5962334691197	-0.416558219102967
K05803	-0.690916045650175	-1.22965403961822	-0.602376481070309	1.76431928264204	-0.445509670285333
K05804	-0.518977387889555	-1.4727271454303	-1.29608120538214	0.965002399554885	-0.285230750201095
K05805	-0.851679070933988	-1.70723661350891	0.423269549832554	1.61132274257246	-0.385371817258942
K05807	0.792462901130984	1.92945447993592	1.17125533007166	-0.0157045306056376	-0.0275280009785775
K05808	1.93785859729416	1.08104220462158	0.300980398879261	-0.593530017265641	0.131503956409347
K05809	-0.43361173485153	-1.46188482212707	-2.34546341515997	1.06256065951887	-0.458173198608506
K05810	1.44138552333481	1.52476838660553	0.781520883069248	-0.0727997006266947	-0.0732995252886895
K05811	-1.98055027340286	0.297505032840522	-1.57603492356756	2.21970401393477	-0.229048550111997
K05812	-1.07364199970596	-1.76782115864441	-0.757453878893643	1.33074436770979	-0.207535611448634
K05813	-1.53712294910782	-0.263199056860654	-1.89140894032934	-2.40060998810228	0.94946308621968
K05814	-1.49284027431839	-0.096925909992902	-1.66720130063513	-2.14077808273729	0.85287352094258
K05815	-1.31403182361954	-0.156928385969846	-2.20885576821783	-2.00021638287004	0.789236264320266
K05816	-0.516094788058927	-2.49029585289642	-1.42622282124975	-1.66297622335848	0.520025270076644
K05817	-1.43101285313003	-0.801346387144773	-1.67308618642309	2.19054279910628	-0.441590664891351
K05818	-0.316628201945951	-3.01064869332	-2.36971487618902	1.25399122821394	-0.49227954259311
K05819	-1.68629501675003	-1.93715545105621	-0.0132925748071958	2.33680520640913	-0.547163529304612
K05820	-1.28966306064956	-3.52497645783111	-2.0755142173908	-2.1056159914821	0.714639918895614
K05823	-1.22370503757828	-1.80739756989166	-0.690721651091366	-2.27719725979265	0.814745740981948
K05825	-0.797768457873991	2.03128508162812	2.06892857931635	-0.351491826900804	0.0521027911623832
K05832	1.76450796510346	0.770096753361972	0.862717250809879	-0.947959172853791	0.275094525905501
K05833	2.15124489452011	0.768109296086581	0.945200542435856	-0.639154899248445	0.304822521301162
K05834	-0.962162240489652	-1.65263852047607	-1.98647322274664	1.19459567653242	-0.42715640178119
K05835	-1.47410677288406	-1.40217026638672	-1.57581796266058	2.27180133449141	-0.51193086615001
K05837	2.18081618930466	0.753518734696658	0.311995843873234	-1.17851956499513	0.159051733108413
K05838	-1.45606516216629	-0.115724440094678	-0.107585301174908	-1.84468175781664	0.735294776054275
K05839	-0.860347970470121	-0.338775660273282	-1.97383513070562	2.4536713181645	-0.524968607334245
K05844	-1.19986937855118	-0.804999436613767	0.858566085324497	1.83908210383955	-0.392279831675637
K05845	-2.98475812290542	0.984577153447421	-0.490460415854244	0.739641886821425	0.424726443382156
K05846	-2.09951995228164	0.938824032071383	0.729420522675724	0.685161930194533	0.319064872356307
K05847	-0.732814177020719	0.873870287659915	0.16175620488903	0.691495519748366	0.0993480850180503
K05851	-0.414883955463102	-0.960457171675412	-0.557604690565853	1.23262844668928	-0.333635983971703
K05873	-5.22246383045547	1.58826056552246	0.241622696147175	-2.33224548710283	0.888237791152847
K05874	-0.89413784359329	-2.63398858475372	-0.667849560751705	1.77414761172835	-0.458951679972756
K05875	-1.04262755726211	-2.45894547867462	-1.86700024224737	1.62977729426924	-0.508843703178513
K05876	-1.23492358539932	-2.13329597878143	-1.59849073506811	2.10287700282637	-0.645125789550889
K05877	-1.65661881779068	-2.02792641091034	-0.126060103549748	2.45733485805098	-0.495205624012101
K05878	-0.699272140010526	0.849523161175997	0.987208405957432	0.604809862247146	0.0985855329951164
K05879	-1.31674908016556	0.942350958112033	0.698842743859501	0.775965911021865	0.140995817275893
K05880	-1.12346456859939	-1.3930322782962	-1.80742396928289	2.00041542636458	-0.5092015098611
K05881	-0.224716289981535	-1.28871091770813	-2.77864374734381	0.794464450946486	-0.231418510882008
K05887	-1.38225267742508	-0.969502653357236	-1.65576531506994	2.06137476550642	-0.484796075133431
K05895	-0.123406632884672	1.54152277541474	1.55427799604914	-1.29266098452505	0.115821199508559
K05896	0.911578492180178	0.540309463265689	0.533745417819233	-1.48486019981798	0.337375836463821
K05916	-0.0864326796376016	-3.1553625719516	-1.16781332112768	1.26729808436934	-0.524642271904099
K05919	1.84861041690476	0.658913765672	0.481518278346271	-0.99977875811752	0.178625123592269
K05921	-0.708877309306791	-0.969118322607724	-0.34970866657713	2.40079007731978	-0.774256033805955
K05934	-1.73113702152603	2.27314332557038	2.01973233603022	0.774158578982985	0.0936180222948905
K05936	0.852084443823168	1.05580470395401	1.04734597586176	-0.486046809086167	0.337167399021041
K05939	0.163709656254122	-0.513975288149564	1.22010503195307	1.24010978328291	-0.565395338443864
K05946	1.74405516769058	0.138141830089839	-0.186588366999416	-1.43818109048303	0.112602429481399
K05964	-2.28008602474563	-0.649998749968259	-0.70023008204916	1.5633064328343	0.106297926994216
K05966	-0.799605592235258	-0.636247660395353	-1.62204923249701	0.779974561801589	-0.219057265652168
K05970	3.33804251338608	0.728714202168734	-0.282394280209332	-1.76901705873903	0.0227892268618461
K05982	-0.820330127223661	-1.17557784485504	-0.890634735598354	1.12926564799849	-0.233045393584121
K05984	-1.33511899326675	-2.25987621712372	-0.253157337679653	2.08334980594221	-0.491408465413201
K05985	1.08801376159556	0.344233435216697	0.574718753323765	-1.57212429059442	0.357362048717391
K05988	0.736862585798571	0.915310118916781	-0.0363405994317819	-0.555694538482987	-0.215810043720353
K05989	2.3562604346431	1.16177109313324	0.829397300706119	-0.760129916796052	-0.111550135521043
K05995	1.22128598849542	1.28542390895203	1.11640904329798	-0.374644237884843	0.30138518104161
K05997	-1.16058657978409	-0.944121207472532	-0.959237476362972	1.15047774898115	-0.230067126435984
K06001	2.37011768008835	0.817792568925173	0.684417585358829	-1.11394921256002	0.046832846494567
K06006	-0.314545138820341	-1.86739775108978	-2.41661538697699	1.26320586787764	-0.46241138687526
K06012	0.149075166240999	1.73140326571778	1.77242443941614	-1.1246095177136	0.272662417980086
K06016	-2.38051555965774	-0.112667288061826	0.0316361202680181	0.286854368320144	0.0116149652918693
K06023	1.52479805137284	0.551260684254916	0.760387400613041	-0.833881485590303	0.346460359187972
K06024	1.22506269897587	0.664480750087054	1.00234393261454	-1.2001951814979	0.313245909305465
K06039	-0.743092759593656	-1.22826012539551	-1.99253978349188	1.88106833087508	-0.581716908125031
K06041	1.81342806007035	1.53628054690674	0.956070581898899	-0.392536002525651	-0.0378961544314507
K06042	-0.0868813834034707	0.928839002373965	1.2179393567898	-0.83609007609781	0.418648676963699
K06045	-0.955184205516508	1.00193563533142	2.88487396620295	-1.82935788048204	-1.16025475969707
K06048	-0.749718650325468	-1.27170487808868	-2.06683888055304	1.53626380549971	-0.491386828927148
K06074	-0.99648044918411	-2.67657181191131	-2.04037489510992	1.47428379642073	-0.381164131669152
K06075	-1.02413175915115	-0.568310345885007	0.206562707648487	1.44622884379927	-0.363799950090993
K06076	1.19753500345416	1.54520431590393	0.224527249560566	-0.199329692253434	-0.103787539509881
K06077	-1.18999837253921	0.706666771891864	2.18439350508234	1.8470264493138	-0.834974450973618
K06078	-0.36443494175308	-1.3819797890155	0.680144289956302	0.850622278323806	-0.642147077230561
K06079	-1.03243063305252	2.610125575784	0.747940043435306	0.898229938617385	-0.0371828060427788
K06080	-1.62128566120498	-1.08041056561157	-1.58603872872808	1.84401069270674	-0.411295412091363
K06113	2.13054414178498	0.491503660205157	-0.709130426420956	-1.80038167847093	0.144308703037154
K06131	3.11753703738816	0.812028442147525	0.315517107472629	-0.902031335362756	0.216087149473083
K06132	1.90602131272919	0.333565269234927	-0.0746854371569444	-1.18425674302276	0.308719532581222
K06133	-0.498236640437772	1.35673848223999	1.0851735868313	-0.442881959804856	0.273679273219955
K06140	-1.01228187893265	-1.33467134403869	-1.03237452126959	1.34661422359053	-0.303958637622941
K06141	-0.695187552913358	-0.892256106611936	-2.00621547318914	2.11071549045149	-0.585782600549805
K06142	2.4267349400676	1.19365123343781	0.409260550961704	-0.804375130066239	-0.0281716864386681
K06143	0.473872081295321	1.42836478782013	-0.30743976451376	0.59384892570082	-0.439417598752129
K06144	0.0789253869212363	-1.05999454426452	-1.41135897256353	1.13057456599776	-0.581039292720902
K06145	-0.661684378131559	-0.59093907046005	-0.310153325571804	1.45768104182783	-0.397086469439614
K06147	4.03022457744248	0.68341258597687	0.923219899163456	-1.03067193491157	0.324318842979324
K06148	-0.337941153987577	0.852158044102938	0.744378665909977	-0.460369902977311	0.284341292472732
K06149	-0.328618153079679	-1.68250783848449	-1.25143899537542	1.21230111705366	-0.377244813350785
K06153	2.37928785468704	0.782487605336459	0.532837162242145	-1.26883274627622	0.226070987077605
K06155	-1.49013326977127	1.09159586263016	0.522871623263569	1.21987496005598	-0.0642814468423012
K06156	0.404380516067812	0.114665467861445	0.637921074853153	-1.52961401952203	0.35085947999562
K06158	3.04143096591599	0.841647778275759	0.546347896084995	-0.86816536200937	0.134683625789535
K06159	-1.30243991230362	-2.11110183167145	-1.57523538686255	2.45365963565413	-0.624772740511048
K06162	-0.919672234996488	-0.660206581827848	0.681414703355045	1.44103251086775	-0.285142110643733
K06163	-0.830881341441801	-2.87666865753814	-0.478883822932034	1.61824021922652	-0.32485823890363
K06164	-0.939889892085722	-0.434626187559812	0.916603127942295	1.62422905551497	-0.298304403183806
K06165	-0.693397625430753	-0.799877132651059	-1.02719142056921	2.00024924861494	-0.462659848837006
K06166	-1.12468121860855	-1.34987100529358	0.201680014357776	1.41524634944502	-0.212489368377078
K06167	1.08269512738354	1.80823687148407	1.24687860392115	0.167695027461684	-0.121123297123063
K06168	2.6632992186702	0.629367534640582	0.351589033827991	-1.3737178028911	0.155341343971145
K06173	2.20623888160355	0.563638453009875	0.47136221312067	-1.47253190291818	0.33009691724385
K06175	-0.532878502353361	-1.61114391255066	-0.471918304934292	1.64612899409834	-0.502364648489106
K06176	-0.34095488403671	-1.80593773293182	-0.397399773373394	1.43320522891585	-0.45271104386245
K06177	1.47087378884918	0.193295252147467	-0.489811500086575	-1.8013506115764	0.322922365756881
K06178	2.5441186585582	0.386699054959567	0.282348836288662	-1.32642774594721	0.251713352294814
K06179	0.91914226199753	0.946608577492984	1.07375691317102	-0.612311381229722	0.311567680927169
K06180	3.46895124103195	0.695273403647692	0.504959414229603	-1.21249905539449	0.194170104356658
K06181	0.00585915233261325	-0.65025862621948	1.25480029963037	1.03873859035078	-0.543877584842789
K06182	-0.159171446307829	0.996030305150302	0.997255543694706	-0.142456430324876	0.0483488012274619
K06183	1.4806894817508	0.595147524598391	0.615877846703739	-1.15966958490905	0.301578240486037
K06186	-0.713418944820097	-0.668986644026487	-0.0285277790568163	1.50021825419966	-0.538128240017045
K06187	2.49149276401169	0.583586190465243	0.55886266611597	-1.17704006967839	0.285181181522262
K06188	0.581598536030123	0.545935247662814	-0.0681631392977525	-1.99533708704408	0.28978975305165
K06189	-0.119401558383634	-1.46789738106415	-0.505393048300533	1.08281622516218	-0.558332873491395
K06190	-0.962911828502348	-1.5836057321994	-0.572429021372585	1.12694678889815	-0.453392682580102
K06191	-0.519937857135465	-0.374511207815854	-0.386938383354931	-1.80540927065309	0.630004601570022
K06192	-1.15178845737808	-2.48632737564728	-1.87589802361944	1.73654232608382	-0.430381102470506
K06193	-0.633483513339689	0.0277461154492214	-0.74675621606329	0.501232844463027	0.123081075044524
K06194	-1.39878104542129	2.28894427848175	2.13750992201349	1.42951450931135	-0.0951349865475777
K06195	-0.242363675578764	-0.554021801230161	1.46173236750147	1.26828466044966	-0.70617781391536
K06196	-1.92762516353958	0.25081904475704	-1.79767825223425	0.2747174321324	-0.0909658204594735
K06197	-1.72225449894302	0.168586716625245	-1.18260218717077	3.26591263400618	-0.79442940464412
K06198	-1.22232077930801	-1.86874576973602	-3.1484016380451	-1.99622978580888	0.732446746917617
K06199	1.3971552559293	-0.400197412249295	-0.527672489657192	-2.64160348785814	0.594566302390945
K06200	1.1767067917741	0.948697481873782	1.34683273218653	-0.44860644949373	0.307330267520797
K06201	1.54564072276718	0.883403156522067	0.531444797740192	-1.15163095978793	0.239060537906539
K06202	-1.22003935192459	0.0599571807415798	-1.97698034860113	1.53249941455427	-0.307352529821742
K06203	-0.386112316592863	-0.21176021861717	-0.717599352373867	0.90046296702925	-0.29511276817118
K06204	-0.916155799373319	-1.25690778660461	-0.400255223288326	1.55848203288618	-0.474689869193185
K06205	0.327400402084658	-3.3025245325534	-2.67237724877813	1.25442228900496	-0.639263851551163
K06206	-1.04220412586563	1.93113366198853	1.93088434122583	0.370760303607619	0.358380751701247
K06207	3.04099251414902	0.464257766130717	0.556575755105228	-1.14254749877151	0.247316764684569
K06209	-0.564354165538481	1.47241333556488	1.74145851515314	-0.113107580074632	0.287809209915053
K06211	-1.28354214046829	-0.377783920046537	2.00420210741541	1.44715509997908	-0.124482585100282
K06212	-0.0666096052967813	-1.11040004658386	-2.43281378365973	1.47521076785628	-0.598174346593964
K06213	2.26029063846237	1.19858721328095	0.970727304444523	-0.642386365064942	0.15021644720639
K06214	-1.69153617237442	-0.869962538954465	-0.38163917280653	2.11888323413435	-0.376354871300805
K06215	1.92410077239639	-0.174024368998258	0.266854400263042	-1.81384207619127	0.425268130393874
K06217	2.63414849425919	0.552273516181262	0.706360975728245	-1.06813223970827	0.252391772361648
K06218	-0.345718248828581	2.06255022120789	0.382267425284595	0.552571517100966	-0.169196283427823
K06219	-0.901885255321195	-2.6397785799472	-0.915750046744137	1.69788537608687	-0.446203319338906
K06221	-0.115231855853727	-0.952805127379148	-2.52708043672064	1.83555017100874	-0.480952410010445
K06222	-0.549102171405485	-1.35701855587646	-2.1097053489826	1.833756071201	-0.584645194915879
K06223	0.252147630707094	1.61225811076477	2.06695161245844	-0.187687951454484	0.273074166866195
K06281	-0.52816305969589	1.30642810893372	1.56010089300653	1.30088744746748	-0.0670122932473305
K06282	-0.750794156535795	1.59997883868531	1.60839102648279	1.01291857348982	-0.0112438928166512
K06283	-0.601148351176908	2.74207714629486	2.36222467802546	-0.55442680729326	0.0974480677565452
K06284	0.551505104557345	1.39920643401459	1.56695578478357	-2.06260355127748	0.225228326412093
K06286	-1.30551741932266	-1.76923033165619	-2.32335223771551	-1.80445505989488	0.753671364875686
K06287	2.02411945249207	0.704114918235095	0.582339028344364	-1.53184472335275	0.251567231508147
K06295	-0.897138341411283	1.39617982936219	2.00375125788233	-2.08606745613512	0.323515193553817
K06297	-2.35222075794571	1.8250902040036	2.92225060843012	-3.78976740253862	0.330625312419784
K06298	-0.623352869495085	1.05775657725647	0.697505096421451	-0.71459617031511	0.0958202947100517
K06310	-1.16492627476089	1.47327688765839	1.14902530096552	-0.806514728197419	0.446678714843642
K06317	-2.09325812672012	0.447911907556803	0.436131338105411	-2.76281537426408	0.277208881469619
K06320	-2.13605187748306	0.713141058209689	-1.80431201077917	-3.07959415329393	0.00513880142773354
K06330	-2.05004523609512	-0.138471003052442	-1.03153445340612	-2.62833871258196	0.759990172477615
K06333	-2.72325132702225	1.95254460406616	2.22380004309198	-1.32877794218954	0.591482596488845
K06334	-0.0959634623371866	1.2004119498761	1.65455136679193	-0.622644919285142	0.331363337131393
K06346	1.42800571109421	0.232589372071774	-0.0255746445796777	-1.67960174692568	0.495090084167373
K06373	-1.59070490215652	1.67612317633942	2.65957532309076	-1.18027194155153	0.205159144492995
K06374	-1.26423738811844	1.41570380759552	2.51646218679926	-1.47283949268755	0.173582123609435
K06378	0.316160277382204	1.51718739104584	1.63848553083918	-1.04821068359312	0.239431487413299
K06379	0.775174186483691	1.29258254599884	1.25756392859003	-1.74626423729356	0.21445240268315
K06381	0.511053995148012	1.96915963721588	2.04686699293634	-1.06283098397549	0.139735000224959
K06382	0.0805863299525473	1.81095365119293	1.78775356195948	-0.699799108633363	0.223941342922103
K06383	-1.92483018253677	2.26329735350922	2.60662899397394	-0.729871589073503	0.406340496631515
K06384	-1.2760238489949	1.29175118041352	1.85948310278437	-1.55740671170648	-0.217653565091837
K06385	0.653064683929751	1.32666245532349	1.17214188955805	-0.939663070568406	0.29250450620259
K06387	0.198383525863955	1.76274660659149	1.63485417746088	-1.18133811218437	0.0916782785376426
K06390	-0.110432847484281	1.92456797194794	1.86380682371637	-0.883304673561418	0.193399982543838
K06391	-1.41434119556778	1.38738325667694	1.75002978228113	-2.83098842514452	0.319660918804061
K06392	0.997492537752459	1.17833278012589	1.14554975412867	-1.02077459854778	0.174077736230743
K06393	-0.303135856136015	2.16349724364594	2.10171733282587	-0.932273003587091	0.0022804308852073
K06394	-0.345657571300199	1.88367417884186	1.77099094770929	-1.15683128250536	0.199407802911651
K06395	-1.95024607990616	1.61007205081299	0.353349516616077	-0.91099681271013	0.44653077611531
K06396	-0.622188313945463	1.83180347514466	1.74783871553919	-1.1001484797686	0.0860874224623557
K06397	0.544099346653292	1.23791137767151	1.22676632784388	-0.957650753983819	0.167628871293914
K06398	-0.500296338542631	1.63043204379395	1.97721300505182	-0.696623224148118	0.312955753894698
K06399	0.332482472912142	1.44968393874481	1.57959542654535	-1.13851130505797	0.250520126911056
K06400	1.21665051664479	1.51898757052735	1.2345032491543	-0.35558601034578	0.111692236753356
K06403	-1.27434442852371	1.36553302836731	0.622692684159489	-0.829381096491181	0.453981177898299
K06404	-1.68523143146866	1.4669485433133	0.887240568623752	-0.984488773474061	0.391168849559676
K06405	0.857996896759341	1.32106820178345	1.48971269510767	-1.05844154519733	0.248176710697066
K06406	-0.245542510493925	1.60653451514557	1.9096993007519	-1.09109937337931	0.319741027446639
K06407	0.536057130352328	1.2970027072461	1.27909157656214	-0.609048026928269	0.296778397651565
K06408	-1.57988260601394	1.72680190635041	1.39816091440699	-0.195893484482133	0.0542755592783805
K06409	0.196288482204745	1.87614134383515	1.85272465132257	-0.259427327045762	0.091079102846038
K06410	-0.832090362056425	1.77990654540375	2.45475969694635	-1.19668989939388	0.284644739719283
K06411	0.50984974290497	1.5042666537793	1.63362286470911	-0.764817673096025	0.229994075389754
K06412	0.581387595192263	1.80726162028626	1.85482035063288	-0.303371209034287	0.18460895309056
K06416	-2.69230864857071	0.580922935727389	2.10119543455622	-1.26797761333879	0.541517512889754
K06438	-0.0893289885365274	1.79692927432373	1.90447638414881	-1.17786611554917	0.163156257959258
K06442	0.851473227993319	0.195428550812753	0.50708312772295	-1.44240774525102	0.513291792961013
K06445	-1.26602886532181	-1.44159587788269	-0.603501041903286	1.76151738750044	-0.27881232647394
K06447	-1.44445036266678	-0.33754756617233	-0.761670132651119	1.77955971347395	-0.361552154628384
K06518	0.561728850857088	1.88500300479248	1.02882562063715	-0.37561627043184	0.0724825430830833
K06603	-0.288405521854093	-0.212010051485746	0.0529017043121765	-2.58732654465135	0.234702574106109
K06605	-3.5093800864064	1.5771426303418	-0.170477067603855	-0.966440606245362	0.778073029609573
K06606	-1.67091391895645	2.2003115756543	-0.738128026499539	-0.6878708781093	0.358202891441238
K06608	-4.76580260609024	1.4926699740918	-2.46275486566046	-1.25760108543333	1.12852879056538
K06610	-2.54693315838211	-0.564207340952604	1.0616961517193	-0.752660858759248	0.217436181398284
K06726	-0.768387182696989	-0.975356783148496	0.888020376191349	0.593832117190993	-0.038638664392579
K06858	-0.727882846339872	-0.675314511534421	-1.04244675256231	1.72638855563704	-0.468353999761689
K06859	-2.12381170605057	1.9184078319104	0.890816728100986	0.852070671191848	0.0968279708346244
K06861	2.57419659282334	0.766961966279299	0.0745434132226418	-0.861164677271211	0.0663594771345969
K06864	-0.754068597301176	0.419072677019389	1.10413573168299	-1.04502846611437	0.136788086982619
K06866	-0.842789157375028	-0.221867676254956	-0.566671331896572	1.91714344607893	-0.711445702222932
K06867	0.552023962990114	-1.14132841992065	-0.821535607352047	1.95350275622908	-0.487471668032754
K06871	2.73200370456345	0.90023205113724	0.475697497353763	-0.659328359493577	0.146231131645095
K06872	1.46192918802864	1.74721828532532	1.13919315718195	-0.576342779526078	-0.00651037505065238
K06878	-0.806110723956754	-1.4188575403659	-1.28701629258612	-1.37757303131517	0.629483835788619
K06879	-0.0916417679631021	0.43165953886822	-0.367722471728115	1.12893281566206	-0.408328531293023
K06881	2.13267774964936	1.05008110833481	0.7877658405163	-0.915159452089631	0.150223152728927
K06884	-1.65803335522049	0.0262252433331325	0.236230845079632	3.10486088382307	-0.664336247352708
K06885	1.70790411616928	0.514112983468325	-0.301451762690334	-1.48735322369035	0.131717072816741
K06887	-0.528567775233915	-1.6000293152301	-0.510442515387325	2.55460439311568	-0.527791662124741
K06889	3.09833718921311	0.940468405011447	0.52769503973505	-0.775257307419145	0.110190646739852
K06890	0.991214574233362	0.218892607475968	-0.105472540035038	-1.76569976223406	0.409163253398788
K06891	0.355192259804079	1.70840719771698	0.428239087090702	-0.452389198669755	-0.010669810680497
K06893	-0.49181531284683	1.79507855010346	0.689839819894047	-0.811052131780946	-0.248219665414013
K06894	0.730181739584276	1.48707858157471	1.04162929438135	0.826040965190566	-0.348142860440362
K06895	-1.15963147495621	-1.27679034638092	-0.776046594157009	-3.49026932133135	0.970236973853957
K06896	-1.26320455883377	-1.43006690907165	-2.13459267236212	-2.38348581207689	0.836203532310378
K06897	0.996901572600672	0.61785495710686	0.378879705891819	-0.112632650265061	-0.436910329369653
K06898	-0.631679042323759	1.10567143988922	2.1771849193432	-0.949774029979074	0.25560356864537
K06899	-1.08648322437637	-1.00894686150238	-1.92166139699438	1.50920401202742	-0.428239105252374
K06901	1.79573889161713	0.112929519835265	0.236494774446697	-1.19335779113468	0.45575757512654
K06902	1.13762024875052	0.190839350792916	0.224990690574856	-2.2107402266353	0.464127140136611
K06903	-2.79751132343643	1.53677621913269	1.25219128511927	-1.01785322589573	0.570401625724685
K06904	0.789970175281832	-3.00912090706512	-0.567135950102596	-1.78497590435442	0.0641878415068504
K06905	-3.32017253254288	1.28927436900452	0.603054622636051	-1.91248865736421	0.703755633922469
K06906	-0.643311961635282	-2.28831693100616	-2.38430251695135	-1.40333684099611	-0.292522611079562
K06907	-1.24105833385818	0.551443134072573	0.617352167592258	-1.87681438339647	0.472080009075057
K06908	-0.232958658679655	-0.372432555433957	-0.262286325468807	-3.11076571358141	0.387792067619216
K06909	0.273291126743624	0.364126060727389	-1.06309547044256	-0.842485952505433	0.0905242730101463
K06910	-0.491496308787992	-0.628929938551633	-0.628310581221371	-2.09522714031633	0.757830696197402
K06911	1.41184713031418	1.71486595702484	0.821064988599033	0.611135345569289	-0.220236189646471
K06915	-0.43391691063278	0.384167392376216	-0.554408093466549	0.194159847369826	-0.0113622080365304
K06916	-0.619190677150419	-1.89764543938324	-2.25261749841192	1.58609543429915	-0.418234376219857
K06917	-1.31407616947525	-1.32744308876678	-2.015181919112	1.5454476891667	-0.226315809396851
K06918	-0.771692975505522	-1.14015301632568	-0.955178519263058	1.17244277583662	-0.342087103036988
K06919	2.52445484782822	0.893855665448458	0.994486848340244	-0.464540857204759	0.262945966812026
K06920	2.08279217864639	0.969727907899173	0.259433323965282	-0.736031043657624	0.0863995421847221
K06921	2.50334109450943	0.722125892165454	0.106261121556969	-0.878235581645333	-0.0210209172049645
K06923	1.12600859339602	1.12830904555634	1.12782655142328	-0.590402025112474	0.280847089382064
K06925	2.44305206920273	0.811212454560549	0.679236213193149	-0.945978644618356	0.200518386455428
K06926	-0.550516231998136	1.7039292199643	1.01897213839075	0.0914399443775777	0.298583166690719
K06928	-1.74677561138504	0.382672671798022	0.217052484379024	0.428303819766677	0.0253919530829307
K06929	-0.620392902835539	-0.0225902901856587	-0.375773241295605	0.403864604106582	0.0782877970656272
K06934	-0.260082348331144	1.43877461982086	1.15135631941339	-0.774214613565766	0.376652495952499
K06937	-2.90411637638443	1.13473692965821	-0.430975248589306	-0.428482550510728	0.815897302719009
K06938	-1.46741507862442	-0.552272941347806	-0.540435095801144	1.69011555301253	-0.265010043961752
K06940	0.940267101780245	0.480114285472186	0.640883723721714	-1.29535532308515	0.357261912914168
K06941	2.5364077248729	1.36181334090546	1.04204759977838	0.181240063777602	0.262485282512557
K06942	3.09477068568833	0.487926368239672	0.582631091103763	-1.20017920000251	0.226393418403518
K06946	-0.110694154246977	-1.26193579601928	-0.20901452518919	2.14599977122847	-0.626991344598878
K06948	-1.24580572460525	-1.8151423590152	-1.55196001149633	-1.71675725592073	0.734228508563888
K06949	2.51223184253342	0.812142108205111	0.548599401936741	-0.93395538938936	0.159080641361129
K06950	2.3440568604625	0.384639937999995	-0.114380975737362	-1.78417374504503	0.332370059581649
K06952	-2.54691694591873	1.78632942271546	1.55085168264887	1.45492992984358	0.31731923112477
K06956	-1.05534599636429	1.73239222598389	1.29499278448603	-0.0268861235469218	0.250599460693252
K06957	-1.14031694744461	-0.988594140288083	0.198217878565998	1.733250003925	-0.379845006374467
K06958	1.40471983040936	0.171775915298016	0.0921520651139925	-1.77035136831697	0.441500382514846
K06959	2.14433772946961	0.86798564029053	0.96560905359766	-0.885633352526986	0.172678219171416
K06960	0.795215294615099	0.777302835706027	1.28347084902307	-1.41766687048372	0.40575267562474
K06962	-0.739469274028471	-1.82611915039703	-1.35897960282782	-2.00595201862749	0.664036469550979
K06966	2.43749810840256	0.915441964391024	0.278271506056995	-1.27474485648569	0.145141409726989
K06967	0.189759747043917	0.370583583238871	0.845147232041569	-1.48745133293565	0.387178497405898
K06968	-0.230998023494413	-1.24683185982391	-0.61539383746603	1.0417741356999	-0.417582167295564
K06969	2.60901524211533	1.07591435742691	1.10852811716578	-0.648058253654801	0.217866526933562
K06970	0.245134309784243	1.60167697501496	0.839514950738163	0.730262976756728	-0.386775819567788
K06971	-0.549353703006437	-1.51438888477966	0.543541351781101	2.57960901843611	-1.82574765196239
K06972	0.825624124065707	1.16637489629105	0.915251831040592	-0.794379639753663	0.23939542660321
K06973	1.34811061705715	1.63236704898194	1.325021246896	-0.476756948360765	0.0270482767542716
K06975	1.51341037537224	0.806404326680453	-0.0592236495755007	-0.926784876117074	0.0183371473273155
K06978	0.873820767656634	1.1818904025586	0.555272857175083	-0.864025431999528	0.0805003512820121
K06980	-0.706296189769438	-0.701962854143827	-1.14631666757086	1.32855830775801	-0.271003458631981
K06987	-3.55997966144913	1.14154389930084	1.98912499331018	-1.56718837035593	0.823617773147475
K06989	1.00871206905014	1.27162769866303	0.910180369839878	-0.374736386665666	0.0960414875468131
K06990	-3.29225562427871	-0.0824556009738133	0.447555909381122	-2.07402970207628	0.939523296447646
K06993	-1.29389737461441	1.95360544753388	1.26780829809687	0.0919251261860494	0.0819055009802696
K06996	0.108705297962496	0.649301712039263	0.867608348355503	0.18808446513716	-0.314055783657182
K06997	2.11434950019486	0.613482479575427	0.573424796090336	-1.22801284057792	0.298270480724227
K06999	-0.812426789745023	-0.55056836771652	-0.156474640145092	-2.39912928951677	0.904643135162246
K07000	-0.0858074269139077	-0.611236418959348	-0.51952232934454	1.52316675769392	-0.40456053426658
K07001	2.38975574161179	1.57983926368073	0.85901383541605	-0.428441304096543	-0.00179301014338767
K07003	1.2983934217251	1.03686997723892	1.01028786085627	-0.808868873247468	0.245372192951095
K07005	1.89853294278748	0.457180116894992	0.253088677749843	-0.980286675819718	0.048518763872039
K07006	-1.21343253467911	-0.625127519842832	-0.62558807946661	-2.74326874626573	0.867117958160293
K07007	1.69363607551224	1.12236878705338	1.15116331957361	-0.729822743067109	0.238632844777953
K07009	-0.120975001796415	-0.265345956560819	0.184285710082264	-2.19302501095232	0.753650860877883
K07010	0.674993471161196	1.03367951941803	0.624554971680851	-0.136079985031449	0.106048004718673
K07011	1.8439341344989	1.09693447184876	0.138985107169361	-0.688008743652665	0.0381706524809715
K07012	1.64661474610932	0.818744633916171	0.306974927411289	-1.44599174273905	0.162354933114898
K07014	-0.222770913585356	0.630413536551745	-0.330363055243282	1.17707858668867	-0.521898640302766
K07015	1.23089892874725	0.547319654944689	0.573305765614719	-1.15555590701994	0.349346237274062
K07016	-2.19122384403579	-0.166831667896955	-2.46981539346197	-0.770977097877824	0.373893873783004
K07017	0.554945007816622	1.53857317996338	0.201234439835758	-0.144412714371049	0.0023622978648063
K07019	-0.518224581226042	-1.61129065918609	-2.4265736541889	1.1408370553166	-0.33227406999265
K07023	-0.637858732684782	1.49189225268677	0.924068490491123	-0.654304462799394	0.452470140548598
K07025	2.27439476634629	0.986949537518771	0.107506888435097	-0.831138837465608	0.199767278524291
K07026	-2.14787815426224	-1.87366219925567	-1.32139553643683	2.5263944684178	-0.362973121909249
K07027	1.82540263320572	1.12640473676041	0.645373205170841	-0.926883983740174	0.096497552486312
K07029	-1.71316431377762	-2.00785871910736	-0.0826459727428247	-2.08952410829958	0.913012938590896
K07030	1.246830445633	0.584204856875689	0.860382536874027	-0.958804223069512	0.359703199954879
K07031	-1.01012824390762	1.57644454074219	1.97193978212854	0.974670749774611	0.146495895477187
K07032	-1.03190754268997	-0.0123427169291661	1.63304756067774	-1.22345230294164	-0.291338691470969
K07033	-1.28071783398025	1.79657057357147	1.24256036661646	-0.463708537945115	0.125290500017058
K07034	-0.669441922649076	-0.502660061594693	-2.15993084527472	1.58334336864058	-0.457670299319375
K07035	1.07369686748154	0.832892452004702	0.836980442033024	-0.881893354782426	0.351052718253982
K07037	1.57822217132218	1.54633322787598	0.7078377404072	-0.512866455444657	-0.0553198288956765
K07038	-1.36422680233352	-0.875304664847104	-3.04325141526678	-2.02922208918031	0.808135705085647
K07039	-1.38186024044388	-0.53427198099777	0.403106162772388	2.33943734752241	-0.44035348108207
K07040	1.19345707903869	0.364289466861041	0.515782306418629	-1.70356531752046	0.410550313087356
K07042	1.46489040638573	0.340606619241984	0.475760827288837	-1.17750382734235	0.384618716331374
K07043	2.21534802104599	0.63221869302109	0.219098458514423	-1.63134505165514	0.227814571948897
K07045	1.04463993097908	1.49310878348664	0.854702095017643	-0.526944774517381	-0.0241279583254937
K07048	-0.0583915552937295	-0.305901612517087	-0.758267661108761	1.02600250827376	-0.244428077230054
K07051	-0.912005408748319	1.06204542947129	3.07957611464045	-1.81871296776231	-1.19030163994228
K07052	2.25027193214066	0.940859292271884	0.646777311787815	-0.903712469467485	0.176481382938277
K07053	1.2015184684775	0.25740665999368	0.434437463507862	-1.78286172760423	0.333954947086227
K07054	-1.19393275593155	-0.138596053597181	-0.224410434736996	0.951316457858718	-0.107385529188264
K07056	2.87279380942948	0.832746003392489	0.581512431130619	-1.11242167124298	0.206445829959762
K07058	1.71618683721192	1.04289547038391	0.55426267765543	-0.569898325332963	0.0772335101088401
K07062	-1.81660102222793	-0.792705263373105	-2.00576605416754	-1.4272852422088	0.44686640987004
K07069	-3.05394910190933	1.90433362555817	1.41311071299097	-0.485313493141496	0.472087340446365
K07070	-1.5405571303212	-2.02499362396881	0.937543729768009	2.49148831950728	-0.572378737835038
K07071	0.870043472305605	1.58871487212494	1.26441798590204	0.631407123675979	-0.485553471354592
K07074	-0.652837141498258	-1.93827339577362	-1.51265635110357	-0.211528736481034	-1.22531519642268
K07075	1.54237981225617	1.27169970107392	0.130743803904266	-0.399186688789689	-0.157987331954587
K07078	1.70795734311707	0.803777132752688	0.0412428979583691	-1.33105250013765	0.108390824886214
K07079	1.58598838831551	1.40343288016632	0.826908806786747	-0.759773093590104	0.095649437995803
K07080	-0.794722898944547	1.81212357116059	2.24848494909784	-0.832053679355943	0.104848073812377
K07082	1.98953075791962	0.60301930141762	0.202873969898434	-1.53496627820429	0.262894289585006
K07085	2.88699664260514	1.46954027247742	0.498304078803272	-0.610681551822984	-0.0703641008416299
K07088	2.06437964822418	0.0327050132782772	0.132464098260612	-1.65991820705827	0.411463456245315
K07089	1.9433080115474	1.0363369329007	0.630954483971805	-0.890934649237954	0.124142097326171
K07090	1.71936453963883	0.425556783202441	0.430975566134662	-1.8154840053409	0.41439958104695
K07091	1.76756461049683	1.15118888449982	0.358091513142795	-0.495017844566667	-0.0341821741143349
K07095	1.61890705014832	1.33990720343903	1.13658426188013	-0.832515972980821	0.224979447217834
K07096	-2.59272359226578	1.1589125735791	2.66839871786615	1.36364684688155	0.10546283611859
K07098	1.68262375976212	1.68528178763703	1.52784440897486	-0.64092074645456	0.097058551402938
K07099	0.652527288452456	0.839923415902407	0.871458450780125	-0.739643055328691	0.308957235904586
K07102	-0.908698543056181	0.843596909764559	2.6983464755871	-1.83687837732729	-1.17386834135448
K07104	-2.62555812214248	-0.0677724437682316	-1.28164174176672	-0.435050386318528	0.541251914592635
K07105	0.984157116071055	0.626377229216845	0.326678524241657	-1.76322718275484	0.316227274032485
K07106	1.29286205853588	1.64536920619324	1.44453201674005	-0.411621052154862	0.0101471413096305
K07107	2.10176219131119	1.90680638385132	1.28726969145319	-0.188777941593492	-0.0256424974480752
K07109	-0.223395570262602	1.51977268290833	1.24639950178644	1.33916149722639	-0.432769281772721
K07112	-0.0933981976353433	-0.160066540714948	-0.112210457696705	-0.0970030011027689	0.0674558747729179
K07114	2.50529123927719	0.859431420090945	0.440355429873676	-1.31796928060945	0.146242545934569
K07115	0.414351479069063	0.812209521058352	-0.272630204930096	0.82215223895613	-0.375995157269585
K07118	0.699999825016329	0.877931509736331	0.28989020966074	-0.650177914032304	-0.139984553662885
K07119	-1.04581950519913	-1.18429395126983	0.0308521869414161	1.8728517113835	-0.512353075651276
K07120	-0.816186173900297	-1.74610051083252	-1.03903736688116	1.04236732112471	-0.368465898541558
K07121	-0.752102359279325	-0.767197634455411	-1.02037109948614	1.22919021236006	-0.316032504645932
K07122	-0.617003067477873	-1.17976960110351	0.220506826863499	1.82720814334456	-0.630298389104951
K07124	1.43580566431648	0.580503140214236	0.752919713483066	-1.73054178369936	0.331986444087875
K07126	0.948173106566736	2.21053651404694	1.91985485933802	-0.144046801456773	-0.0254634152928475
K07127	-0.979056581004789	-0.438333715674131	-0.508556982054501	1.73967276202742	-0.46392565777694
K07130	-1.4088272890889	1.85327151847199	2.84481344603083	-2.09506394279894	-0.739983720687974
K07133	3.49378873492844	0.783598755124362	0.244065398798199	-0.583443302044236	0.16713293084706
K07136	-1.31384418819778	-0.962929572340696	-1.54153658963659	2.49816713916365	-0.655709696916688
K07137	2.63685585643418	1.00764826369599	1.19635925673029	-0.739378291496598	0.219887183996093
K07138	1.9210341134227	0.805512939217837	0.744891683087559	-1.07929990378913	0.319666879268539
K07139	1.35996316458351	1.53047588897064	1.11154935740015	-0.311417359241807	0.110173927636993
K07140	-1.1433915934407	-1.07852837013885	-1.95567931748846	1.71031294452254	-0.366033224372018
K07141	0.190471426502535	1.51374295783356	1.29669771574518	-0.605781930813157	0.133903728814971
K07146	-0.863034232600858	-0.0125327216355488	-0.0170205063364793	0.414344650378859	0.17409704813565
K07147	-0.83037470196121	-2.0775489466159	-2.18304314233282	1.14711938487593	-0.349243162182916
K07148	1.91718299771912	1.68185821605042	0.534650126919956	-0.0354995907634135	-0.134130945412267
K07149	-1.31201003406875	1.74756971431092	1.77305732153437	-1.16254765851196	0.352448957057845
K07150	0.137549177662203	-0.635234023806302	-0.78172125436285	-1.4960564853042	0.517974512668502
K07153	-0.869748576625517	-1.50633820461914	-0.19806676126936	1.24240670787398	-0.312583019940007
K07154	1.49400092746384	1.76050070357636	0.598064998612614	-0.619334447511994	0.0486491490324851
K07156	-1.74545620296829	-0.268157418247907	0.796854595170231	1.42416773425642	-0.297676572559226
K07160	-0.654516800388029	-0.0801182346312687	0.221996332035274	-1.84356947554048	0.640319483371627
K07164	1.88244266893036	1.03469363284424	0.508562425599308	-0.939510855206811	0.00576095470989907
K07165	-1.44474290226333	-1.39831253456756	-1.85867371179083	1.51261315928999	-0.288721458969462
K07166	1.72320397283203	0.29009341878012	0.249824667797298	-1.96410306108888	0.337404089065444
K07171	2.19275368835098	0.897938583615573	0.883855620846958	-0.695809263119065	0.306002574058425
K07172	-2.1008426985585	0.656763587716372	-1.78522791482428	0.890652042499221	-0.0299175511876229
K07173	2.14758928205139	0.526757900241168	0.276177222357006	-1.17900255633291	0.301888601871383
K07175	0.471000329510042	1.73706201148346	1.271798590646	-0.241623240837419	-0.0517405103722695
K07177	-0.948742612346342	-0.700665976282804	-0.804901798739224	-2.38876165760454	0.810282545181167
K07180	-0.822197659953764	-1.4209190266101	-1.01916374780157	1.35448990451399	-0.344334756938565
K07184	-0.361099823459318	-1.79336282181427	-1.16140224553564	1.12418447124068	-0.475637746957887
K07186	-1.25366590832107	-0.690970803972928	-0.546547254099636	1.25401697742049	-0.218678830174554
K07192	1.35162237371571	1.47170916629151	1.07272479914209	-0.699347782263124	-0.00815720668231285
K07214	0.73443214680321	2.61312893462494	0.596305529103489	0.56877408610884	-0.27463029509579
K07216	-0.523224099620512	2.03556409907654	1.18087480448267	0.131086331477797	0.175674425454986
K07217	1.66863413240082	-0.0813510076968357	0.517348239646168	-1.75401522530016	-0.482317922619927
K07219	-6.24974368427627	2.34171012473419	-1.52663817025641	-0.569207149872148	1.15073748120869
K07220	0.700692490593264	1.20126626324967	0.249412352667065	-1.04413495523628	0.136006223054778
K07221	1.42610703493721	1.54099169802979	0.46541733525774	-0.216381031402909	-0.0925772469321374
K07223	0.620605424896548	0.736970518353732	0.387458811030598	0.673318487277663	-0.248332809829094
K07224	-1.55522678707474	0.057508487823756	-0.260519137158184	0.569743376842177	0.199630009027373
K07229	-1.682183726772	-0.866297568556516	0.809221784100742	2.42151079761092	-0.335485121218312
K07230	-1.43283556316726	-0.714035298105924	-0.374991943611889	-3.0964549959987	0.894420461746108
K07232	-2.35806010578506	-0.202762957092969	-1.14980437375525	3.14306793796126	-0.422842858342278
K07235	-1.56408975933426	-0.514056290861814	-1.610649963393	1.85217891322676	-0.426450414566148
K07236	-0.25567553852432	-1.72602149414703	-1.23487367249945	1.20923219310347	-0.541647953895676
K07237	-1.75613401745193	-0.361070539232938	-1.50825764752844	1.9644716797978	-0.416265664605248
K07238	1.47219441916115	1.06603345704392	1.90160701654932	-0.710386145243012	0.255619065853011
K07239	-0.952571137889555	0.921834264519961	2.84321079634211	-1.81111313713487	-1.18034790268337
K07240	2.54733659412033	1.91444519591645	1.45179734610102	-0.809289473423326	-0.0266171525994424
K07243	-0.84847830150955	-0.420527066466062	-0.210607667937069	-2.04311104429659	0.746065692993056
K07245	-1.09214542721145	-2.25512858795807	0.391881147847385	2.09439883815352	-0.634077114967454
K07246	-1.51894806240433	-0.0979059891669438	-1.6799231968067	2.1002355633885	-0.386816171912301
K07248	0.682267681614229	1.57556036544159	0.138555886671753	-0.125297027954423	0.00773902425373757
K07250	-1.49142359112137	1.91192737651184	1.69998023890039	0.591570716968215	0.0691669155081626
K07251	-2.07739351604812	-1.27868839668915	-1.6301834783695	1.58340440379683	-0.137964820472348
K07258	2.4551967539943	1.10666105580643	1.01358507059595	-0.849504131206834	0.250491427274596
K07259	1.74933041717179	0.597462777617724	-0.0803416422746469	-1.4571879388183	0.188119756074798
K07260	0.612052039161989	1.66071227622345	2.12008200071833	-0.695318091043794	0.288861470313918
K07261	-1.24973414753311	-1.07127913403198	-1.79834427453497	1.96151815043989	-0.440600721148599
K07262	-1.78046296451919	-0.626908804651944	-1.81863107301214	1.42143402682844	-0.139874568192113
K07263	1.50793422843582	1.56228629184082	1.12417171381494	-0.171508568653428	-0.117366624979127
K07264	-0.43776200626724	-2.85011979508087	-2.23404421426275	1.4220768033177	-0.550168199447739
K07267	-0.869083627208402	0.680349652293475	2.58785138510248	-1.82597799910005	-1.20095048656856
K07269	-2.13181637142532	-1.16422923969909	0.87785385035059	2.29568014728133	-0.336825696734536
K07270	-0.600048168643644	1.24319902491883	0.326993266568394	1.74422536479536	-0.507694913057435
K07271	0.973989830271075	1.63418308329895	0.733053187356205	-0.556805449852311	0.0617178548296806
K07272	-2.45514343593948	0.216597409556957	-1.16184773065069	-1.30156554592546	0.788325147720229
K07273	1.83818616057999	0.788313840153964	0.00825857229611381	-0.993709515163266	0.0513969827612754
K07274	-0.609269484027555	-1.39261683392212	-0.782791455759792	0.790823918452895	-0.225262556208122
K07275	-0.670083864673307	1.14693102670029	-2.02472247697332	1.38251815425459	-0.5859577786008
K07276	-1.09858821247452	0.858319197419436	2.86189065359613	-1.71967883718904	-1.21359781732951
K07277	2.18934901143677	1.15901938510254	0.323938379512043	-0.521190422901475	-0.0724714677611474
K07278	-0.140072210773161	-0.92664703297302	-0.909923633112698	1.06148372279707	-0.396610913781274
K07279	-1.73130629871719	-1.39080985951111	-1.55193295098761	2.25345955478255	-0.376418484357942
K07282	1.69228972579605	0.735734019997866	0.25685621284029	-1.56984930051264	0.320693986507308
K07283	-0.797113641246488	-2.45741888451263	-1.88821651555517	1.8335758267552	-0.635780854133714
K07284	1.44960616613991	0.0136049432785824	0.0594084807493399	-2.55992783916887	0.632761733623397
K07285	-0.359842642291715	-3.05792352127716	0.465696016774387	1.71766958819929	-0.45203427782451
K07286	-0.998460038646391	-0.3738370196788	0.253553787694187	1.58933864223067	-0.379053829220879
K07287	-0.0831588349186685	-1.72305294441864	-2.42932929612616	0.919310670962966	-0.594093395380128
K07289	-0.781017168506315	-1.48038956093475	-0.966749688162594	1.72033486949507	-0.424327371625054
K07290	-1.05905221317642	-1.15796216892883	-1.90381028272131	2.02717314349715	-0.452602310089219
K07300	-1.71712468479507	-0.530747379538266	-1.98056282617071	0.736965519061721	-0.0681735407391671
K07301	1.91852749969132	1.36362246108368	1.40464005850336	-0.53120936764177	0.0911873150786277
K07304	1.22958158041603	-0.391631688353269	-0.604184885992794	-0.940996188053453	0.319205300899398
K07305	-1.11311696384781	-1.48588022160217	-0.0627156472943117	0.542305689922011	0.0735273827036735
K07306	-0.867183192714384	-0.776609148260801	0.605082074628086	0.527000170818007	-0.0947588067332391
K07307	-0.621372683986356	-0.297751571413724	0.519668499455662	0.853712302318252	-0.197297798452723
K07308	-0.580222590907743	-0.36650743651077	0.0364894722410153	1.28934107410017	-0.440833119658578
K07309	-1.35314248417251	0.00193335545376089	1.01488606117746	1.53007088290755	-0.297082560119975
K07310	-1.55583141659134	-1.58645411896393	1.69480488680384	1.95454130755965	-0.342948926595796
K07311	-1.13199017856949	-0.728173221823423	0.932956317887516	2.10631356822554	-0.537779791263688
K07312	-1.72138379429214	-1.41702970432922	-0.775337298884182	1.89394913302962	-0.259064165858376
K07313	-1.34495685909622	1.65075877738312	2.70744738958857	0.360571247211135	0.311790423484695
K07314	-0.524160488589933	-2.47937270569488	-0.48860408879736	2.35837731944624	-0.777990443615067
K07315	-1.31921861980789	2.21599427295044	2.46894297979853	1.57432280170027	-0.241620048397977
K07316	0.527103082195589	0.450558875325473	1.01050106667063	-1.54415212882456	0.282288389297378
K07318	-1.66915844295852	0.815793727162631	1.80355499170801	-2.82239736927446	0.0261702705344077
K07319	0.640553430572817	-2.38176628517791	-0.435004880203991	1.32645593272749	-0.5397210847417
K07320	-0.637104018672636	-0.67571153807327	-0.958537360205441	1.39221106158797	-0.339706165699113
K07321	-0.704500778659513	0.637804959538729	0.222008804307194	-0.587376552948319	0.57667358407582
K07322	2.03908445026047	1.24805334639862	0.425648967251987	-0.606183010467851	-0.0147293787280205
K07323	-0.744900449260404	-1.38348707127258	-0.0113793066880991	1.17421875583235	-0.304287316260684
K07334	0.889031723991701	1.55706111026123	-1.07293119050482	-2.40832628620561	-0.369373192993749
K07335	1.24010641585357	0.317124266746791	0.60349396847269	-1.03946852994856	0.38787074575032
K07336	-1.45580314014786	-2.39215179848358	-1.77338244534948	1.94493232356612	-0.339301539568055
K07337	-1.26501725529068	2.05190709662751	0.748947242722721	2.41586409198347	-0.603655023483384
K07340	-1.59464047764175	0.30004739445761	0.551029781327457	1.54285655604903	-0.453413514403451
K07341	0.373722569004366	0.344172951403411	-1.28112699605444	-0.194144445785844	0.0754300821741935
K07343	-0.631681068881681	1.15249559712723	0.536570499167652	1.54310474978987	-0.528625352291215
K07345	0.337739423767397	-1.46396740841552	-1.77163328744391	0.967596632114089	-0.447731820849526
K07346	0.360780970112154	-1.69627961086914	-1.95113505937079	1.64139543162886	-0.583721322921861
K07347	1.31209455515511	-1.17726847099945	-1.01673783875921	1.35968719111983	-0.418709350732911
K07348	-1.48026369427078	-2.45918890404388	-0.13862513519743	1.71946035014693	-0.288748921809543
K07349	-1.28987573002212	0.0829092903168514	-1.9094598493717	1.54781780826155	-0.322331679967988
K07350	-0.570627435191801	-1.10012778210327	-2.26978411294439	1.47251544581953	-0.431562943367112
K07351	-1.32664845798843	-2.23639389443084	-0.392799576296597	2.57974420177046	-0.514669878391373
K07352	-1.77956317280166	-1.51320072579071	-1.09616520024756	3.25950108157698	-0.888991756347764
K07353	-1.52455662105911	-2.11714121269867	-1.55812694646338	2.40323410617415	-0.499097956327546
K07354	-1.11708281849258	-0.721533025976865	-0.746667107119351	2.22602186786238	-0.571162266639817
K07355	-0.579993470653227	-0.974299992796628	-0.42793976284483	1.76717839824263	-0.676331294683564
K07356	-0.725120290263822	-1.6203283922641	-1.94670118905523	2.04785690890852	-0.631439460424531
K07357	-0.300397737964323	-2.50710913109466	-2.0720654926441	1.00310407268111	-0.397567821649659
K07358	-1.39109252308243	-1.42127450871155	-1.80434407807806	1.85496054278914	-0.343008821813214
K07386	2.30039502765305	0.127094563666137	-0.341695894970684	-1.88216127766069	0.303063767047774
K07387	1.01755768145687	1.92173079085663	0.896683792100162	0.448992353549636	-0.106937808899033
K07390	-0.46750734661453	-1.08037086891815	0.585047642216892	1.38713131534163	-0.514846188930619
K07391	2.43966235305435	0.708687726977618	0.58887223385355	-1.34147124303278	0.215023236366164
K07393	-0.839096530421903	-1.0490313427417	-0.405736138596325	1.94763074504439	-0.518421484140504
K07397	-1.20181368206375	1.06207582784012	0.166986825392456	1.42484245883528	-0.171361459402192
K07400	-0.460850461467436	-0.54130276608154	-0.562710603251248	1.39444861995283	-0.404979376105416
K07402	0.928233102814028	1.36672977042511	1.10515795134088	-0.298165160545671	0.297037320228469
K07403	-1.85324858044021	2.40883306098297	2.15831528090021	-0.2627781213611	-0.0873073022643212
K07404	-0.446615680202177	-0.642072881933896	-1.32331456758001	-1.58369826091226	0.624089377017867
K07405	2.27635087157852	0.928028081181796	0.213796446547718	-1.07561398235854	-0.0116281788626794
K07406	-1.89766906116836	0.826760862592013	-0.136372854485302	-0.224817353615129	0.612102823348891
K07407	2.64880742217667	0.645662103417666	0.488211641535969	-1.33771454108652	0.274454252811324
K07442	-1.66029713962906	-0.765879358526914	-0.475285788550167	-3.2374838770717	0.966280059905898
K07443	0.810117260471651	1.16826519799546	0.468890199885578	-0.768263715633714	0.080652700754058
K07444	2.54461123134262	0.760127995732577	0.472442308888645	-1.00825158817466	0.190545665117156
K07447	2.34203650142319	0.51882061791733	0.409320602641315	-1.56532167209085	0.259371178241622
K07448	-1.35066769932144	0.931652639630587	0.406579772458286	-1.10838076876249	0.580176072212112
K07451	-2.53886388157242	1.55067769122437	2.02029250048182	2.25498567210738	-0.0431955884972695
K07452	0.129035130993197	0.293381717625411	0.63842729710123	-0.212212044128739	-0.186330331472504
K07454	-2.44067238186233	-1.05080458092376	-2.77782406426886	-2.65544821632799	0.833109097572219
K07455	-0.0414960226856973	1.45181277823761	1.08717499159357	-0.486220675834977	-0.224279733357776
K07456	2.31837035800583	0.796019469025881	0.655908206925602	-0.888862180837953	0.192798780294311
K07457	-2.66089461658829	-0.00598570274993632	0.478939215169163	-1.28449060333666	0.827318267913711
K07458	1.26383824731476	0.337057825747283	-0.811251898779659	-1.1821588010877	0.372449653240096
K07459	-0.483581050380399	1.08520046305969	-1.2624038658283	0.266148310771621	-0.0966979544440392
K07460	1.57730044509537	0.697542254451068	0.624233404622288	-1.35970336509641	0.276558952422988
K07461	0.954091341153452	0.998971853974612	0.500642160401554	-1.24959482563432	0.205131130309951
K07462	2.62651755000717	0.934048448327334	0.657982746587009	-0.844999688991868	0.0740166474303123
K07464	1.29863415743477	0.938707624200137	-0.554810186400204	-1.05684935984906	-0.0264107864180688
K07467	1.01942566122181	1.36418059897736	0.522602865920276	0.107342463603652	0.249425368400466
K07469	-2.54947970722549	1.0716751558812	0.0713736996807764	0.0389252720982198	0.797955112548721
K07470	-1.37051604603164	-2.25965949463531	-1.67995872117498	1.97621927844588	-0.473824499158013
K07471	-1.05765770290725	-2.64373632836029	-2.00546731568792	1.46189175235335	-0.364846853522408
K07473	1.67034085179932	1.83400634360626	1.7147666015484	0.179652076831496	0.267146127315414
K07474	-2.55383394573562	1.28351453376129	-1.69415964700201	-0.349960941204392	0.110029147954833
K07478	2.56863524104721	0.516709182980807	0.707600931153507	-1.20302804870304	0.270638721080672
K07479	-0.108481629832914	-1.23703357147857	0.139699275121899	1.18223963367049	-0.497882245091546
K07480	0.888691441074679	-0.455848063704221	1.42103622339746	1.67443976985518	-0.23033943398093
K07481	-0.944798215373686	0.612455372336657	1.79361257933161	0.320465189090407	0.295457320304763
K07482	-3.06764291141861	-0.549126888987272	-1.05482866384008	0.111569028964675	0.595240192504775
K07483	2.19306375171311	-0.0369288580386326	-0.166091179027348	-1.18019864273962	0.372420268150222
K07484	1.84317417527802	2.14395347667053	0.899940709099979	-0.16223199976381	0.262147502990615
K07485	-3.06493638370865	0.317172926488669	-1.30247165776709	-2.47098233116564	0.954521374793899
K07486	-3.78014252994888	0.197593318867834	0.594790736661167	2.65725694285933	0.28848280200566
K07489	-2.17726968143814	-1.99915906357452	-0.0619589663288881	1.26724014865462	-0.258297980746079
K07490	-1.46950600956314	-1.69132384228393	-0.289919336809902	1.38946066485945	-0.198900567350734
K07491	2.25767804767258	-1.3788938181369	-0.952327390684872	-1.98833932293352	0.552120761962783
K07493	-2.23767445896499	0.255415306064637	-0.874092062487393	-1.64934827698168	0.800391988845718
K07495	-0.140542968257597	-0.352204169508664	-0.626347561850338	2.73470125781599	-0.859110100177872
K07496	1.43039636398918	-1.35627004074737	-1.04580344773748	-2.70040680778917	0.759765105338943
K07497	2.21632124568588	1.18150732350662	-0.224696864857464	-0.480393546947801	0.140716390701186
K07498	-1.80253194187515	0.231564879055472	-0.379248877539425	-0.651180225738847	0.709452526660812
K07502	-1.03682349537246	1.14448759389237	0.779364029393406	-0.57419283998903	0.279727654548537
K07503	-1.62290023182266	-0.70225795674011	-0.490674754156857	-3.30989732159075	1.0052341986617
K07507	1.48550556685097	0.803819690469058	0.0417448424090306	-0.962900626787507	0.192250357957732
K07533	-0.300545557483366	-0.0770379559962437	-0.550099929346829	-1.75641872299608	0.57988996991719
K07552	1.48266474987633	1.0562309367688	-0.548328956141262	0.371217948070205	-0.483280746249307
K07559	-0.480959876521757	0.714314733269961	-0.905004163756161	0.422137123218215	-0.103871507553208
K07560	2.35308183814652	0.589077119353564	0.355029741749973	-1.29433228386339	0.251405464502227
K07566	2.47443951751358	0.481564019444735	0.421984980330677	-1.20916762513813	0.266958193870437
K07568	3.00972212936051	0.888555024388583	0.699993888364048	-0.81762500418123	0.122132258506667
K07570	-1.33060024593704	-1.60934957432434	-2.50607671357611	-2.1536843956798	0.717370884509933
K07571	-0.537156923755338	-0.62725635933563	0.197239274606914	-3.1777857722133	0.568888800235641
K07574	1.32219220782883	0.37798679304436	0.255080992803783	-1.13030918346491	0.393573777767074
K07576	0.627935604111025	1.3981031520398	1.40085575960657	-0.594100195297563	0.233982490392577
K07584	-0.282535060390165	1.09717819524124	1.20335004709742	-1.37241126907762	0.296501653285873
K07586	-0.927140220149687	-1.74915143417999	-2.08236589051703	-1.99742056740221	0.655844466777694
K07588	1.72550667907364	1.53369990420655	1.1673748292782	-0.0869432867854472	-0.0395435970107201
K07589	-1.33277366970413	-0.10234328674957	-1.91027607537725	1.55808530437056	-0.296144830046046
K07591	-1.20527742718094	-0.709262575384824	-0.777600368037014	1.81159840213362	-0.428929744271386
K07592	-0.463347300037077	-1.45412239002868	-0.946810801996975	1.59929237948958	-0.500333977846253
K07636	2.80661572600968	0.876351688626559	0.149992669449062	-1.22861807359155	0.110245810838592
K07637	-0.934253438457182	-1.48496529030487	-1.13590528584936	1.96966133700911	-0.567473752407182
K07638	-0.791005238040617	-2.91145392822906	-1.10653736211279	1.39445577251021	-0.323813227919686
K07639	-1.08259437893265	-2.26842733788177	-1.71501960374334	2.12759457217757	-0.622637195495713
K07640	-0.146000607951811	-1.49593254494354	-0.368432601465969	1.30552898036543	-0.50803197732364
K07641	-1.18181155537002	-2.50502368378326	0.196605304703922	1.99679694758955	-0.412858752516854
K07642	-1.09648249958389	-1.40831359791443	-0.529716690554409	1.46661053287092	-0.3396608214656
K07643	-1.44482682560318	-2.27619334625885	-1.68556060410955	2.2945567189366	-0.423033146170724
K07644	-0.45895193432205	-1.15497609543487	-0.239702274575024	1.19098268138472	-0.438901139406312
K07645	-0.676164611324003	-1.05372544693634	-0.277633239998608	1.37490568744246	-0.406180692819703
K07646	2.28681863929398	0.937681887868197	0.539036194310398	-0.736123579868638	0.155498104186904
K07647	-1.56033085201614	-2.12902637886688	-1.56349839784124	2.45264301883284	-0.471952972916711
K07648	-0.660126670344999	-1.39462205338165	-1.11763801194647	1.380786281696	-0.350171258656133
K07652	-1.26508353565567	-2.0513140814273	-1.58147837735632	-2.32780804050859	0.877524213882339
K07654	-2.32595799778335	-1.1672033922641	-0.647046526446133	-1.51511039150652	0.652593152614486
K07657	-0.569457872852018	1.04178318810776	2.32989321135065	0.850352150073684	-0.277537479979742
K07658	1.1340723828531	0.625162844184191	0.78073082350275	-1.42596339000162	0.326859729381454
K07659	-0.9182095370137	-1.95867225098297	0.298022399172993	1.53808270083967	-0.280499724654305
K07660	-0.354175194247892	-1.70606061386749	-2.26203050233343	1.20366988765303	-0.572115344909776
K07661	-2.22983620975845	-0.555533017393796	-1.42571618176916	1.79626689540449	-0.230521060509432
K07662	-0.852451070293119	-1.61892231869385	0.189749697671146	1.5478468953282	-0.479332936910737
K07663	-1.41875193928116	-1.21900948452636	-0.601152320875912	1.72127423869673	-0.291698461381543
K07664	-1.12470506046646	-2.23434516358062	-1.6861818037174	2.12720904933516	-0.630790187028992
K07665	-0.556420310481718	-0.678039516684263	-2.1767858467243	1.55836997615401	-0.515443665889848
K07666	-1.31275723789566	-0.253566648241727	0.056823986098976	1.99442706691328	-0.366418225673783
K07667	1.74127973701126	0.895889495137484	1.14875958345911	-0.767371076473558	0.209752099605453
K07668	-1.55167816494339	-1.67246815132782	-0.355757316126614	-2.21268119228777	0.890280680747878
K07670	-3.2702967963063	0.0449097348482921	-0.772153099550991	-0.853369939455354	0.59427841195668
K07673	-0.62526212547653	-1.29593726563141	-2.18556561089972	1.36051593410078	-0.475132239965546
K07674	-1.09918807361954	-0.855048264738767	0.262308711633892	1.49053297626082	-0.366394987312901
K07675	-1.96209691379898	0.158377793255599	-0.182067041768818	2.20978246318404	-0.397577969340432
K07676	-0.589080794795683	-1.49497648644134	-2.13183464623907	1.58899961101118	-0.539996219781983
K07677	-0.628776057704618	-1.38402112888977	-0.732521077170162	1.59046183215681	-0.537174237875092
K07678	-1.04347108219497	-0.860932912108152	-1.86803891278723	1.92924032794539	-0.497086880711663
K07679	-0.797994359477689	-1.67739483284637	-1.17491473771551	1.6728092251927	-0.541596962122071
K07684	-1.34362839077347	-0.910595025297849	-0.60718067504385	1.6428061543614	-0.306987183151591
K07685	-0.615289195522001	-0.666749800917356	-0.650718232168942	1.24975095378462	-0.475777937082398
K07686	-0.96233795498245	-0.813929523703306	-0.883063753618984	1.42346678363386	-0.286517037061799
K07687	-1.03883956287735	-0.568718935724942	-2.0143319568775	1.64029322253767	-0.375844893960107
K07688	-1.15997670505874	-1.53099748062774	-0.164062907471447	1.04827890979353	-0.257284039614547
K07689	-0.488598450168302	-1.31756338047668	-1.07110466577032	1.44874201404158	-0.499800933508027
K07699	1.0663232439316	1.04363635611847	1.36941979311487	-0.63015996230539	0.33985330352391
K07700	-0.631697996600797	-0.831768121000974	-0.832700809016018	1.61994586574141	-0.504974318651307
K07701	-0.617457254871061	-1.55503341126129	-0.937001248373776	1.92970262157027	-0.526526791957963
K07702	-0.587741597636869	-1.28641685414001	-0.917836209311276	1.70270691501204	-0.551925195364106
K07703	-0.552857740863493	-2.74203964638397	-0.441561748757153	1.50540576564375	-0.551122380403626
K07705	-2.86447976444595	1.03861758542374	2.09858618162653	0.203873497119582	0.380877213569533
K07706	0.274170176044771	-0.408437575575559	-0.753181000723629	0.59122429477278	0.110909121127975
K07707	0.0222989478266928	-0.551765169378965	-1.14160468198278	0.327752333751357	0.174523191543471
K07708	-1.52230237339371	-0.60736938881561	-1.70643307782629	2.34942088710371	-0.362613340822804
K07709	-1.64819620464676	-0.0771009581057713	-1.47783484078863	2.74068699466292	-0.498175336031068
K07710	-0.796352132304838	-2.72003790306732	-0.907422979845791	1.56993756877486	-0.448573512939561
K07711	-1.27710960720413	-1.61215886044189	-0.737570782675533	2.10850010501448	-0.547253770736802
K07712	-0.650133474811247	-1.82651850151703	-1.26462437726477	1.37703881846968	-0.323153590766538
K07713	2.2261129775203	1.92049292159394	1.62778125189325	-0.308703082928025	-0.0432594995776299
K07714	-1.00836919163101	-1.38714727329895	-2.04879417039373	1.34070811854903	-0.359836330620396
K07715	-1.08515475605362	-1.68557187485382	-0.275988479628353	1.65270815478865	-0.321499003080476
K07718	0.959541828290293	0.646562968018801	0.600810746178837	-0.477975446113908	0.394770937057387
K07720	1.15240610848434	0.83797619176224	0.79879198454401	-0.6121952713817	0.362069861980331
K07722	-1.95461343143814	1.19393590522126	1.39414868734858	1.03186498271529	0.137543963285339
K07724	-1.06221888874405	-0.536318089243619	0.520329962001057	2.27129421817366	-0.510228766111481
K07726	0.126302615658114	0.965910528424533	1.29762742899439	-0.538686531910264	0.277127461524856
K07727	0.991872564808199	1.67938533854798	1.55703232668421	-0.58247764719423	0.124877171607864
K07729	1.08623351241715	1.7590046269925	1.66035149477503	-0.314460593590104	0.234967129321944
K07733	-1.24261496876114	-0.951900090452878	-1.85379876710394	1.42572579967085	-0.395830048231233
K07735	0.722336486831972	1.77085879874542	0.794659415707798	0.232124906650222	-0.0683329533616189
K07736	0.463429168716738	0.0958921058209255	0.186065877304287	-2.28969528091844	0.608165936561477
K07738	1.69882936860687	0.270549409660847	0.565016905293674	-1.46695740831789	0.379704432578933
K07740	-1.34278176639908	-0.967744554754941	0.070625819713683	2.08116517650191	-0.329368395713914
K07741	-2.81559584949844	-1.10390600132629	-3.56529893495062	-4.62813033474382	0.994882540794265
K07742	0.606948570267031	0.904988859418185	0.887956539616794	-1.11016936259117	0.357203977199447
K07746	-1.2687942824208	-0.518219198462217	1.31327591322443	1.3292201577336	-0.330196997133839
K07749	-2.85922072742813	1.03331181836441	0.558723906502933	0.853967887035048	0.37530674228276
K07751	-0.879029973491361	-0.762391711947171	0.446954975352497	1.62162266360823	-0.406627161411393
K07757	-1.20710848186844	-2.46193715500519	-1.8502237997196	1.90900550471846	-0.415413675812829
K07768	-1.70407913540237	-0.707745279547422	-0.387713362946301	-3.54613747013506	1.02981181630696
K07770	-3.93469594333999	-0.389727856394498	-2.91297330476263	-1.73199917686876	1.06883330831135
K07771	-0.869855626567533	-1.07201835083648	-0.548240383639126	1.81913862811629	-0.504133326915849
K07772	-1.11592982624405	-0.981436576124875	0.449406842217655	2.19468556033675	-0.509385479597199
K07773	-0.061739071353605	-0.890440906759946	-0.222607334627896	1.47092686282698	-0.571504099277604
K07775	0.409651891247103	1.03694984746292	0.846918443665714	-0.215628045925462	0.356204764934432
K07776	-1.29337356899612	-0.449161316630094	-0.0312375775716593	-2.89524342430528	0.881736474128616
K07777	-1.03277681682937	1.63285938334778	0.580161968693943	-0.401235777267777	0.0844727922400352
K07778	-0.714648946269682	-0.252198393818586	-0.442796548380642	-0.195423680672013	0.0630709994753715
K07781	-0.876869901164701	-2.34911581444427	-1.79757585145453	2.21975527392927	-0.675446255115617
K07782	-1.27331469868057	-2.42639538216278	-0.595839103235989	1.98922000514571	-0.397198034433473
K07783	1.02230736698277	1.1539196713002	1.36874900244257	0.0212099372059469	-0.195798324404109
K07784	-1.41231582973831	-1.02779241966888	-1.69700409985998	2.1296716748387	-0.426478696970094
K07786	-1.07455585811966	-2.30074402260467	-1.7401859960697	2.05255137073103	-0.601479573158372
K07787	-0.988865359767606	1.65477744174317	1.93038497351191	1.17035732852522	-0.0500771533528451
K07788	-1.0382149062001	-2.62578722405121	-1.99461140252569	1.54791222201887	-0.388792930153954
K07789	-0.971043094142606	-1.46446021961853	-2.00078549005011	1.68168101893965	-0.419218180684197
K07791	1.65355070020325	1.20581147504166	0.50509942554018	-0.568706947693193	-0.104866741208184
K07792	-0.279491051181486	0.809838448289187	0.469846675620289	0.136541825404799	-0.0415567587891701
K07793	0.563071326271364	1.65836933684662	0.513032475934238	-1.49425508392748	-0.0390218477526788
K07796	-1.05199144695633	-0.804633821722715	0.0612777960308502	2.11872254001204	-0.577454579977143
K07797	-0.691942676051786	-2.47261043953583	-0.360004802717953	2.09041319476668	-0.68627972712909
K07798	-1.01098488186233	1.02367231679276	1.84563348673365	1.57481179820601	-0.143325163034547
K07799	-1.09050582264297	-1.38532301354095	-0.283167680277615	1.59831319438521	-0.321736363677132
K07803	-1.26919458721512	0.00456324649170187	0.241378063783855	1.4562827168614	-0.341733215359795
K07806	-0.945568307384184	-0.984421695944516	-2.02696647263983	1.43459044086043	-0.416016517190087
K07810	-1.38739178989761	-0.391017879721372	-1.72569253064611	2.1268857537419	-0.42232714405452
K07811	-1.0051543555104	-2.37689563202545	-1.8050680360935	2.14408074008528	-0.580893469957459
K07812	-2.08884142254226	-0.211489077088086	0.414583066926212	1.4608484326512	-0.00679768433963096
K07813	1.24533105354078	1.26954761576966	0.782595674023838	-0.304158169159257	0.215623246522796
K07814	1.00402024473316	1.1542613847287	1.29189966105005	-1.47244914186891	0.201534079404723
K07816	1.42591054822571	0.180834942135365	-0.0655476427815248	-1.60158770097192	0.521440403552901
K07821	-0.692598565562895	-2.70658918785736	-0.754994054808407	1.52780209170882	-0.511199517158616
K07862	1.06597638960249	0.628199223998339	0.614410082326145	-1.10344819942262	0.375413911434066
K07979	1.55537499572403	0.991878484013827	0.933950463757725	-0.967545244225823	0.313864128681075
K08092	-1.45259593342178	-0.993842925307004	-1.72872414208868	2.25596247302595	-0.379776431230653
K08093	-3.75605891559952	-2.02510305809662	1.0002178349354	-1.03944896472391	0.324880378337752
K08094	-1.61120246265762	-0.44794705080673	0.765713254437656	0.844803196063674	-0.333316957561124
K08137	-0.642233594402006	-1.88885303902313	-0.497664829268246	1.43268619166914	-0.430674163607705
K08138	1.78077127124436	1.02525487971619	0.00982211761257155	-0.872723329195344	-0.0529512446204308
K08151	-2.72876404140823	-0.432277704951017	0.707290092931003	-0.468814569839799	0.0713208485564109
K08154	-1.1307773432576	-2.40395828652069	-1.81622757531622	1.63454924212996	-0.500547571090806
K08156	1.78296174193985	0.751417134526522	-0.087119167222767	-1.51741682303842	0.150666432472121
K08159	-2.35700295780533	-1.29395183491394	2.00476644419214	0.583289366832412	0.0941828061064597
K08160	-1.14992187832229	-2.43240424561187	-0.22681095220068	2.10020146953169	-0.468957794813264
K08161	-1.27153657291763	-3.49646755623504	-2.11417879678228	-1.75148238552507	0.725752966495406
K08162	-1.50367091511123	-2.38607021736786	-0.405980458035259	1.37107644664351	-0.333696370927441
K08163	-0.9888882479512	-0.737714316126554	-0.644897719397335	1.67242966281477	-0.373491389659989
K08168	-2.62353323315017	0.504816059592517	0.89196483276865	-2.35432268989977	0.669310705753219
K08169	1.10066770847208	1.87891605925873	1.11596212767145	-0.0733499707072611	-0.113628683594811
K08172	-1.26572845791214	-1.45409163403198	-1.83844282247046	2.47960577594343	-0.400182215479958
K08173	-0.656298502429655	-1.53726884293243	-1.11638786412695	2.04488478290144	-0.512644423154939
K08177	0.474702612415621	0.206458695802243	0.415624807105274	-1.02351242614683	0.43432237395848
K08191	2.31423784877426	0.520701621297152	-0.462257703318386	-1.09281339248415	0.0136283505877372
K08194	-1.18098591183059	-0.621220793005674	-1.99142517663458	1.85383425342146	-0.310940770415414
K08217	1.21982069771058	1.54177156520203	0.954586962685795	-0.452299314865434	0.067811178060424
K08218	1.81941123391754	1.71286061835602	0.900436500535221	-0.205776411423051	-0.076454786566842
K08219	-0.582467540248564	-0.409123267409055	1.84737501524469	1.66825829135481	-0.631082577613938
K08222	-0.5419968209111	1.54697016311005	1.36323128126642	-2.51920952213701	-0.776760859397996
K08223	0.552273110405276	1.25776151252106	0.813050548062534	-0.171878415474259	-0.0748253445902947
K08224	-0.930584653361967	0.782048617127688	-0.437597741856365	1.34243951427046	-0.43922613373195
K08227	-1.1976616225087	-1.09484609532043	-0.761445184721737	1.4756885586888	-0.396871773509133
K08234	1.28904677267439	0.328324568095954	0.94300071381113	-0.48257233513292	0.177630322070968
K08276	-1.10688732479446	-1.44687160420105	-0.643818100466519	1.75688825236861	-0.401893747953523
K08277	-1.20937131260269	-0.706353213068692	-0.0168825513861467	2.04711638080183	-0.350867843238461
K08279	-1.496792062267	-2.4617681162326	-0.423751791491299	1.66386113750044	-0.284383794275868
K08281	-1.28025315616958	-0.869247879263608	-0.470563133730679	-2.17845537079271	0.829035239311111
K08282	-1.14464400623672	1.08312079739884	3.01299343489191	-1.9782110632747	-0.948616547493089
K08289	2.45978273536331	0.306377415183337	0.146724986360283	-1.67759467972215	0.215350734086883
K08296	-1.27931187961929	-0.605482305762021	-0.336894979252606	-2.32681681526598	0.853079872222793
K08297	-1.84672902439468	0.958074484589846	1.1995649137356	1.70115934001509	-0.0584120433608178
K08298	-1.75093410824173	0.573156182292254	-0.61363180495718	1.5907894192845	-0.0960528831759576
K08299	-2.12319801662796	1.01164016557053	2.16511783979914	1.61543999301497	0.0569468308409568
K08300	-0.986023648723295	-0.571751083609311	-0.211166997923641	1.36347089397017	-0.451836971549142
K08301	2.61742319251663	0.721584831002505	0.264627540931911	-0.994854796060884	0.0202503968199607
K08302	-0.533955796703031	2.02270868850067	1.4264491596081	-0.0305866183131571	0.243850963207137
K08303	3.12253893996842	0.785538647893222	0.690839866624088	-0.882948774227464	0.193802701326263
K08304	-0.891525014384916	-0.448460485216825	-0.214845677389889	1.37944446193281	-0.257300660928536
K08305	-0.847080214961698	-0.912085499045102	-0.033564736618786	1.46558104144636	-0.353425292281258
K08306	-0.389466746791532	-1.64543517994568	-0.485828002466946	1.09219060527388	-0.50403748264705
K08307	1.94415660287506	1.15254524779633	0.543079982028217	-0.744215357431733	-0.043987466005433
K08308	-0.897113784297636	-1.22121652531311	-2.10522403336981	1.4237755356938	-0.379439545778382
K08309	0.0412844576991294	1.7894776208432	1.67980072878382	-0.0428710163920756	0.0239063669165488
K08310	-0.574783667071989	-1.11061033177063	-0.17496064819315	1.62270413028303	-0.425883797911752
K08311	-0.564364298328092	-0.64869680571243	1.45003745935938	1.42326865779463	-0.43625500610267
K08312	-0.293777926906278	-0.931724037405698	-0.541810592188625	1.84845886813704	-0.559114320186723
K08313	-1.58145306919449	-2.07601972984955	0.964105943665714	2.42083750354353	-0.500843359140504
K08314	-1.41334198330276	-2.39261194634124	-1.77784671403387	2.08595977412764	-0.358098281530488
K08315	-0.401858552440336	-1.33876677918121	-0.484455843939572	1.37819061862532	-0.501243514923203
K08316	1.1263783806122	0.778150473359378	0.785643676743717	-0.970591235288941	0.356951491924178
K08317	-2.27898977611892	1.02238247227982	-0.623763223662167	1.08648453342024	0.129601584764373
K08318	-1.0220491728627	-1.41298803257629	-0.344443341269283	2.25126872645918	-0.548689676431763
K08319	-2.82572291706436	-1.7356665985553	-1.16769959546545	2.17012463199202	-0.154943143931973
K08320	-1.77455042217605	-0.96027728485748	-1.48647715665319	2.0375827370793	-0.419957844523538
K08321	-1.29767917011612	1.16931888890579	-0.260568460001736	0.680953723064101	-0.0446376036683205
K08322	-1.46665500019424	-0.236803467747419	-1.68488707162359	1.85403023349348	-0.415830997733224
K08323	-0.130620463832548	-1.58230277466461	-0.399888922943859	1.24790773974959	-0.626202983764756
K08324	-1.54524658535354	-0.88706180023834	-1.55111207581976	2.3455194054753	-0.489195672778237
K08325	1.29463921572335	1.72516540122345	0.960565308556766	0.12316177474562	-0.115683717636216
K08326	-1.72500346516006	-2.19178029465362	0.566444198117466	2.1286459981114	-0.347123434750188
K08348	-0.602598651393583	-1.31589743065521	-0.973392506613522	1.70155773746077	-0.474755195883859
K08349	-0.292610748752287	-2.99421855377838	-2.359992881789	0.964242321124709	-0.519533587602723
K08350	-0.570044263347318	-1.64385339188263	-1.07331552125433	1.10742722140852	-0.580939603952515
K08351	-0.820942386134794	-0.705221142050473	0.124369973764629	1.37023029910628	-0.279021879641164
K08352	-1.35621927593582	0.125995424214156	0.500671754107685	2.04442582713667	-0.971308452991593
K08364	1.50474597598679	1.41067651343659	0.142700309381695	-0.418746072182023	-0.42552555909549
K08365	-1.40204904888504	-2.21686121391937	-0.11722089864233	2.18133674251143	-0.497433988360513
K08368	-1.38304780338638	-1.31777187752411	0.44260940931818	1.50677786456648	-0.0557972471991662
K08369	-0.17156921242111	-0.822169508215635	-0.439685483946591	-2.13297440422472	0.635578947158706
K08372	-2.00316284511917	-0.365216876742093	0.0187009670593451	-3.47140111339983	0.955564098449599
K08384	1.14590857262976	1.0121955020459	1.13530729197046	-0.921843904384934	0.37042792329396
K08483	2.17337705279953	0.602541659596713	0.751069406495304	-1.22032071960863	0.345783012004745
K08484	-0.943007691844633	-2.81002088951751	-2.14947762109259	1.53015766727034	-0.321806205419648
K08485	-1.1388213476979	-2.35091778206512	-1.77403130151251	2.16034827815596	-0.529405040649522
K08591	1.10314210589297	0.952031288865359	1.27591751001856	-1.047242152819	0.245591210218322
K08600	0.439145878807375	1.94024983477906	1.89338562868616	-0.0209025324672099	0.273234801383865
K08602	0.297421828762362	0.216604915085585	0.527301559672565	-1.52297745955881	0.375272410007369
K08641	1.54335345412857	0.763183329823764	0.0289642312385748	-1.05525548321899	0.00969393739308083
K08643	-1.43866155956619	-0.0713345961539433	-0.668999513163357	0.099576932063735	0.239680366607558
K08659	1.37141388739712	-0.488061393973081	-0.225267638935833	-2.4373620928615	0.647836463542831
K08676	1.32208637978203	1.74300149512604	0.629150609002323	-0.202642458805406	-0.0846677403727654
K08678	1.28619572605259	1.68685976100281	0.891645828709812	-0.413721639046037	-0.119496999291528
K08679	-0.376341327174833	2.19939735961273	1.28362081430933	0.525029879680312	-0.288120536116708
K08680	-0.61537168835037	-0.22361951636955	1.39787814997217	1.63764010058943	-0.375890133885491
K08681	0.0364689984477256	-0.386557008501737	-0.134544616117268	-2.50476159466203	0.68241168746556
K08682	-0.684575661166837	-3.06424614357635	-0.954498430266171	0.868662577739394	-0.290250452218402
K08717	1.57291318561203	1.31398550105408	-0.497134586348324	-1.46531780374941	-0.483030958084214
K08722	0.56636442329056	1.41907707286194	1.34492144964716	-0.927901718148553	0.14854179510678
K08723	-0.98907945965164	-0.561659659620969	-0.079484005942135	1.77352724658552	-0.357035754231561
K08744	0.991922841326067	0.374988232377322	-0.0130846626303484	-1.88803972614702	0.42556514033879
K08884	-1.08715818737381	2.42760232520417	1.71092615507624	0.670886021724379	-0.0261196475306634
K08961	1.14670232768423	1.70130649638489	0.937878529057712	-0.796550619730317	-0.301892263797868
K08963	-0.703199132426908	1.41433135104492	1.68693147085688	-0.034962076076829	0.0590074826201316
K08968	1.44092919017441	0.70091507268265	-0.315166374220638	-0.847932475933396	0.0477168727835532
K08969	-1.6839885554158	-1.223241652724	-0.666732569708614	-2.72613312614855	0.938853221031081
K08970	-0.65963815067642	-2.52682825493499	-1.95868410684088	1.79456530200545	-0.668994886783707
K08972	-2.05484197948807	-0.679769601103513	-0.635223051085262	-2.75063397301134	0.883428530784499
K08974	0.21199293519623	-0.26168161201164	0.428362289891453	-2.3790317953914	0.413547651859176
K08978	0.452368036762545	1.36617461276367	1.72750745199701	-1.03927626771625	0.267316894622695
K08981	-1.99206350658767	1.77155450415924	2.56768260382196	-2.60848142517503	0.293595986457717
K08984	-0.786067589267423	-0.31765946316406	-1.01604797460058	1.84204278575484	-0.471047697571862
K08986	-2.00308845852249	0.436895642998965	-1.14207877732733	0.109680276981032	0.328010933490646
K08987	-1.54850123737686	0.325360831442626	-1.57938446618536	-0.236915904411637	0.341274278255355
K08989	-1.08498190258377	-0.203052218434064	-1.34145357228735	2.01807175265852	-0.338960593549359
K08990	-1.20007251118057	-0.832804526564328	-0.336332996859341	1.20458946811262	-0.34441220572387
K08992	-1.63584302280777	-0.885354842421262	-0.359871109499722	1.11165938960615	-0.240768538771022
K08993	-0.0471374831043985	-0.501117076155393	-2.07642116166571	2.34148703204695	-0.991676194576371
K08994	-1.84542129848831	-0.951680506941526	-0.348024865164547	2.41768298732344	-0.381602121500123
K08996	0.288245276466677	-2.17339607643768	-2.10104574777105	0.323960167041457	-0.49548893978988
K08997	-1.1711768946492	-0.882418479201047	-1.87637116528967	1.72813211070601	-0.40993612816726
K08998	1.48321540738709	1.47395685744599	1.08448253057978	-0.53507991445955	0.118927465768706
K08999	0.892196164385149	1.73336485457733	0.837669948563785	-0.197849291691148	-0.0961631666699532
K09001	-0.880373939021757	-1.2447487966983	0.937362472043247	1.4244555054814	-0.413512570766557
K09002	-1.67335961674087	0.440120164874347	-1.40109421826818	-2.73184217823442	0.663784222694289
K09007	-0.970734818919828	0.745501850369723	2.59538326643488	-1.79550184620317	-1.18907157888805
K09009	-1.97794030521744	-0.489109303232877	-0.529939671530514	-3.09539021862444	1.01402254590596
K09011	1.95975841666825	1.28429404330567	0.40578673265955	-0.674560862907731	-0.0488808434287194
K09013	2.94470705176956	0.32708022427872	0.215794051513882	-1.32140896035131	0.201197223754775
K09014	2.86205329085953	0.310645495179446	0.452597449050159	-1.19082904172834	0.23817472347821
K09015	2.56197215701706	0.301183384481223	-0.194241499080448	-1.65967537773546	0.184032486768615
K09016	-1.43447898243301	-0.684933032271116	-0.59908833123663	1.7061515866429	-0.331708705035794
K09017	-1.57802174900406	-2.20829173493072	-0.212510993256359	2.04993901835982	-0.405339745787728
K09018	-1.439015134319	-1.39819833206817	-0.493418355955868	1.99161778079573	-0.388548551110375
K09019	-0.725745662196806	-2.56619092392608	-0.855128546728878	1.88386450397078	-0.59503342023288
K09020	-1.59029315327041	-1.2447921888797	-1.72602452851751	2.08738647090498	-0.308358659950841
K09021	-1.15054725025528	-2.4531240122287	-0.289704402460842	1.72908864604536	-0.452065078524697
K09022	2.03484220887787	1.23923340869263	1.05381856344721	-0.473151642212235	0.0659184623679038
K09023	-2.00103042934768	-2.01967498230621	-1.44055726148108	2.02174172984663	-0.325157469121564
K09024	-1.6851613364064	0.0236636294157818	0.874687115178318	2.16972528087202	-0.3447423484007
K09116	-5.70272038792007	0.665976349833758	0.0628753029563139	-0.353174644836747	0.957335548492324
K09117	1.69209458018906	0.764787350419314	0.41949505589983	-1.45923470271524	0.218842612596404
K09118	-1.75188110683792	-0.591745938536374	-0.7251336774967	-3.3828171671718	0.952614979835403
K09121	-1.91998217914932	0.884974156144412	1.38084850691339	-0.815477657446229	0.476666109653365
K09124	0.292165533558199	2.22596291137055	1.064927081094	-0.682008969911897	-0.207112008688796
K09125	2.34354700233109	0.728454325917514	0.102820935175629	-0.985804933437669	0.0048802364786979
K09131	-0.52433918331497	0.365916047814639	1.7285537519314	1.84669433223311	-0.666296346096146
K09136	-0.194503410800626	-1.739723409888	-0.439325471892147	1.16012368785445	-0.451068399457085
K09144	-1.75670502994888	-2.1138996736972	-0.615328629984646	-1.64117802990373	0.519800143333327
K09153	-2.41942475651138	0.419117782834323	-0.499402304663448	-0.97874583614763	0.231122182699096
K09155	-1.18477032993667	-0.0913397626845524	0.410046318993778	0.443201166263259	0.341535465808761
K09157	2.17149438048966	0.1486773310335	0.719028154835911	-1.445072490105	0.439192669483077
K09158	-0.406859858974149	-2.91499706673309	-2.28350534059027	1.25961909877363	-0.508982343582261
K09159	-0.782685740932157	-1.29582163262054	-0.166986157669811	1.38013897525374	-0.510610176233399
K09160	-0.35487113808029	-1.04375585484192	-1.14759697534063	1.92513785945479	-0.705230666307557
K09161	-0.553939803584745	-1.95615884232208	-0.706614156737118	1.82644639598433	-0.549416614679444
K09163	-0.260084494098356	1.69351366591767	1.49076543234369	0.255079251399672	0.296483950706374
K09181	0.451749459759066	2.02639976573303	1.46896527193567	0.345762711635268	-0.163222832588303
K09251	-1.71666501377456	0.0815336151154354	-1.99510063745001	-0.709904062876069	0.538705782981765
K09384	-0.60277996872299	-1.03469511437103	-1.02027334786871	-1.46692650330957	0.421712534519088
K09456	-0.942218526347807	-1.43192800450012	-2.11363710977057	1.51916251765791	-0.339243909327138
K09457	2.48138667728073	0.595635090592654	-0.20175944782713	-1.09249311065074	0.168818460794341
K09458	2.78636409427292	0.58804795575455	0.530873159394474	-1.12444382937398	0.193452971073043
K09459	0.617842928425143	0.473332722309382	-1.88194312669256	-0.745838779339158	-0.397489232925523
K09469	0.465566352859804	0.716582421782763	-1.57870771504858	-0.541932898887956	-0.611769689230073
K09470	-1.06167672489517	-0.495505418059079	-0.606739600672512	2.15698490726057	-0.524295581487763
K09471	-0.704975589259794	-1.03897174763366	-0.1802567294977	1.6452020226628	-0.51302738299762
K09472	-1.39175532673233	-0.904049600836484	-1.75029422856787	1.91006432162825	-0.397203950194466
K09473	-1.16004989956253	-1.72525473999664	-1.87830271340826	1.69544277774397	-0.415912089852441
K09474	0.281522885814974	1.67446247172669	-0.351851006521969	-0.518782395252549	0.00303517469967568
K09475	-0.939090713008573	-2.48687049317047	-0.729638000502377	1.9549149094731	-0.531573845056641
K09476	-0.387855871661833	-1.33243020939514	-2.29636969186285	1.82276592837874	-0.521989626793015
K09477	-1.49505232189529	-0.420829381224363	-0.736424585356503	2.05475483523909	-0.221125695837486
K09516	0.965868011967013	1.51267531943634	-0.00161281742074983	-0.590809661278092	-0.123782625404942
K09612	-1.08743737552994	-1.0963215486972	-0.387664218916683	1.44810424434248	-0.304220041243184
K09680	0.194687620655367	1.78524378371552	0.920291403756351	-0.516624409088456	0.0439748931845542
K09684	-2.60077594135635	0.946981702569277	1.33193693541071	-1.91018165958818	0.178065734001052
K09685	-1.04931019161575	-2.01997658180877	-1.50830306626776	-1.65798344028887	0.766042428108108
K09690	1.16292766380377	1.56357649398163	0.0163423479356478	-0.702305752167069	-0.254924894759256
K09691	1.31440991248257	1.67322162223175	0.241405973658771	-0.592253703007066	-0.199667477963317
K09692	-1.86411403034561	1.21098444295243	1.4018319644787	-1.59778286827501	0.658784644695174
K09693	-0.0558382115208413	0.203181662234814	0.552463571057529	-1.74780483854707	0.525988059135329
K09696	-1.65106581066482	-1.61671992706939	-2.11045660592535	-0.901654201874101	-0.00967602243815696
K09697	-0.626668199046781	-2.44334837364837	-2.55615439034918	-1.15311010120209	-0.189841801283706
K09698	-0.923555358394315	-1.98353191780731	-2.18883981324652	-1.75585230005678	0.759063439460647
K09702	-0.18553291176193	2.20832279753998	1.12479768179438	0.981783729663527	0.287182645889175
K09703	-0.284679635509184	-0.0861371712653324	-0.225329895987301	-1.62252606762346	0.198127644153487
K09704	1.8759491601146	1.09561673236206	0.532431165204258	-1.20494985891279	-0.0660257171670083
K09705	-1.86075566624038	-1.25091585087463	-0.322642823233395	-1.21446476442512	0.516309635730636
K09706	-0.209513648494413	1.86449340415314	1.64766011618158	-1.16274589983519	0.233540790172469
K09710	2.13215293075211	0.665481571677478	0.376556316838474	-1.07322494996484	0.240259962173354
K09712	-2.76970980976455	-1.44260462689087	-0.961905737890988	2.76465592967573	-0.3799729775468
K09729	-3.71120951984756	-0.0015686856476948	-0.891114791407375	1.32441125499312	0.0135569740256187
K09747	1.26887091334231	0.811836336377413	0.815774420724125	-0.672653186449372	0.288330750556838
K09748	2.48445405151016	0.861365829232486	0.335599342808933	-1.09984162388142	0.130239473672759
K09749	-1.14726446483963	1.56449762416199	0.974906484112949	-0.188992220291459	0.0494869221171256
K09758	1.13071946884758	1.72838536334351	0.630124787316532	-0.222896415123307	-0.104535473493684
K09759	-0.555351122363737	1.48163953852967	1.04613290213129	-0.35495056522783	0.128020362945449
K09760	2.06310661222107	0.682468746426852	0.448335627541752	-1.18440434647497	0.242804246040237
K09761	1.99133242751724	0.813588295701297	0.685280481801243	-1.13690660459694	0.272883253188979
K09762	1.28819765980608	0.39947404396847	0.401041994319172	-1.57219036234316	0.415920512767684
K09765	1.78892763044007	0.667091016295703	0.428848783002109	-1.63208522213396	0.287694768997085
K09766	-1.74124954555862	1.77859619689301	1.51523445032618	0.0685856162220602	0.0699207056483146
K09767	-1.28509376858108	0.289786477211268	0.428324917779178	1.54493866550032	-0.047103954462159
K09768	1.46230073358185	0.711565469029696	0.606019417271824	-0.844985145458543	0.316189901920211
K09769	-0.183779581531217	-0.268897260901181	0.462725827918262	-3.57690467251238	0.492346661182296
K09770	-0.889616712077787	1.90242878032044	1.12234197042963	0.0151455222279195	0.117737041803252
K09771	-1.31738351200454	0.125018280568869	-1.83922006703833	1.9813300191075	-0.36681560238992
K09772	1.44664223577149	0.487827633145602	0.867892304883213	-1.23023757649358	0.337136046977889
K09773	-0.873386605724027	-2.43025657105133	-1.72018577672461	-1.57501562250551	0.618288772197616
K09774	-0.850506051524809	-1.11695166992828	-2.20891108132818	1.36169801341597	-0.320492377487767
K09775	0.273677960888216	0.775942836526187	0.632429400906772	-1.46206365836557	0.217306302877319
K09777	0.287512735382387	1.11793855262116	1.64167879007837	-0.713757056125962	0.255920784564864
K09778	-1.26217363689773	0.743382070782931	2.36267648123285	-1.71672280443605	-1.14370117893611
K09779	-1.40534566257828	1.62915888858155	2.05008898161432	-1.37094669354852	0.23597409019078
K09780	-0.176033361896208	-3.03598972725555	-0.166589131130963	1.44169030772749	-0.559738052991975
K09781	-0.804828389629057	-0.958255614515989	-0.152919536008625	1.04969630824629	-0.411684853939164
K09786	-0.982098802074125	-2.56780263352081	-0.608196517004757	1.58727131473128	-0.45235943606292
K09787	1.21919957260854	0.809365664246829	0.779634276852817	-1.03194304121431	0.297889905067336
K09789	0.821500883356402	1.84786823821381	0.285202319250316	-0.268189448246324	-0.0949821006337289
K09790	0.907943562523196	0.916823182824404	-0.0307775936267664	-0.659008312353456	0.0864453185519096
K09791	-1.80017183636062	0.0785373641283825	-0.00897596545436875	1.8301533280522	-0.382444558648217
K09793	-0.739864691241911	2.28660181594208	2.2037609615185	0.373227578273452	-0.180233886448491
K09794	-0.673834308131864	-2.79207464623138	-0.552705963625698	0.98651466952864	-0.476201010851014
K09797	-0.0763175330006387	2.10736909938172	0.432446191535206	-0.56723757399019	0.0804084707220908
K09798	-0.734250052913358	-1.09985813069031	-0.749250372423916	1.60414729701582	-0.355932591466058
K09800	-0.512399538501432	-0.790914501425473	-0.418593188299923	1.09408746348921	-0.283262921480286
K09801	-0.642474754794767	-0.463244344469754	-1.92233290292242	1.88939533816878	-0.704309983162034
K09802	-0.844992145045927	-2.56699630188629	-0.715056856646328	1.95480976687971	-0.53482965937053
K09803	-1.19750974987381	-1.34886130261108	-2.07764019586065	0.277462345233596	-0.252122750488866
K09806	0.108728782192538	-1.75567027496979	-1.70630099393347	1.53529654132429	-0.692969543842423
K09807	0.25552697564728	2.04723063540772	2.10576210402033	0.319722515216506	-0.203670987842429
K09808	2.36787642623551	1.19810888600662	0.261595273838253	-0.609280306228959	-0.080112976936448
K09809	-3.48758433674209	-1.04511555599853	-1.7246521911762	0.0517046271473531	0.45567269811238
K09810	2.48513259078629	0.584268812659533	0.298480729088993	-1.34858705414232	0.0702688265761253
K09811	2.09336109544403	0.675920013907702	0.33995888613245	-1.59679027212557	0.254188435169112
K09812	2.31691171313889	0.601251934293063	0.528171727881641	-1.28421238375601	0.266154842468154
K09815	1.2064052456177	1.63232210707978	1.03390518806955	-0.223462957271897	0.0835515726527091
K09816	1.37551178123123	1.67543057036713	1.37289879702112	-0.052581328281724	0.073533879609954
K09817	1.42090861584313	1.71077016425446	1.46648738764307	0.2433373747975	0.0651739407500144
K09819	-0.984259828075102	0.222244558959605	2.7236093082287	-1.57766317141947	-1.45814458837901
K09820	-1.53371070240371	0.716318045380862	2.49482736967585	0.112190228572524	-0.789077205566514
K09823	-1.20731900547378	-0.588390733477323	-0.277213742508679	1.90581021892134	-0.28052125310694
K09824	0.0785426058924887	-0.697951461550443	-0.7193461856983	0.875025611987746	-0.469877062348473
K09825	1.86211480285294	0.913750682595523	0.558490375504703	-1.15736691219505	0.208167510124099
K09857	-0.547912820323637	-2.72567435669586	-2.12395848847845	1.60517893420759	-0.576111091283906
K09858	-0.520969613536527	-1.69010540413543	-1.24066199876287	1.05728374110762	-0.327541364339936
K09861	1.74507595683701	1.06089154315308	0.337638775334568	-0.191723245510423	0.105163710208785
K09862	-0.851602776988676	-0.290937031981199	-0.156522189750462	1.71513805972639	-0.547090036777604
K09888	1.48694415475495	1.37747398448303	1.10285983465692	-1.01656992299255	0.0913794804533836
K09889	-0.513216479762724	-1.36589082646057	0.383289942965717	1.35223160373274	-0.436960590986359
K09890	-0.897708877071073	-1.05224641728088	-0.981283088698177	1.21830402003828	-0.403676507977593
K09891	-0.528180225833585	-0.85494121479675	0.0726717137553404	1.42838464366499	-0.436760706810105
K09892	-1.79780529354446	-0.485672141787259	-0.159928431286602	1.59486852275435	-0.140989793447602
K09893	-1.21044228886001	-0.530208017107694	-0.00488666959026353	2.02362404452864	-0.559975130466569
K09894	-1.60847972248428	-0.640618707415311	0.438984582648487	2.39666638957564	-0.496508358029473
K09895	-1.52473138187759	-0.648775841471402	0.376086483226032	1.60694394694868	-0.209457887319672
K09896	-1.02049015377395	-0.320844377752988	-0.0844632736585428	1.53448711024824	-0.294699514267791
K09897	-0.121498568996122	-1.39185115265533	0.0219650924958895	1.14136682139937	-0.43005314281379
K09898	-1.28272507999771	-0.479965831515043	0.281962076649875	2.65567122088972	-0.639150304702866
K09899	-1.39276049946182	-0.242739077088086	-0.626189907564907	2.27710424052779	-0.424083961156953
K09900	-2.3890621504628	0.748719905141146	-0.176719655766277	1.9552274762303	-0.321585884300816
K09901	-0.77913437698715	-0.9944145338504	-0.166021516098766	1.29321871387068	-0.348775712756265
K09902	-0.210058315738371	-1.27425321507141	-0.292982657923489	1.44934497462813	-0.597298158315766
K09903	2.82595731403	0.385919262293132	0.42028776787302	-1.29655149889883	0.22518210301007
K09904	-1.507383569225	-0.525394226786344	-0.00460494451144235	1.62134395228926	-0.329992068914521
K09906	-0.441974266513517	-0.851211156126706	-0.116348539962559	1.27636037456099	-0.464665038494218
K09907	-1.34751628254288	-0.754665519472806	-0.0020958236596872	1.77709589587752	-0.302698621509421
K09908	-0.861443503841093	-0.236132408854215	0.00560561798593505	1.87947569476668	-0.735781086591828
K09909	-1.33417175625198	-0.783742870566098	-1.90268888093451	1.61025033580366	-0.293703993765462
K09910	-0.836070760234525	-0.545602585550992	0.621429780945988	2.59570680247847	-0.603783560899842
K09911	-0.303390606387785	-1.17522057461426	-0.942145546450405	1.06587062465254	-0.475572003034699
K09912	-1.04099725101822	-1.2859731571643	-0.88515861846426	1.89892969714705	-0.364367229847062
K09913	-1.02180980060928	-1.91096731590912	0.393531064019413	1.65044270145003	-0.391411183385003
K09914	-1.48548792217605	-0.672987009760587	-1.44738199330786	2.41931639300886	-0.648551089672196
K09915	-2.0809030375325	-1.96804710793182	-1.39676370240667	2.23730955707136	-0.327469846216786
K09916	-1.23010562275284	-1.7239398615329	0.228421608433933	0.958047968021071	-0.367974197475064
K09917	-2.01931355808609	-0.127582903382032	-1.1805232963703	2.62647829639021	-0.607909394411195
K09920	-0.528614386066129	-1.23995324539825	-0.281743904127865	1.46782408343855	-0.616826726106751
K09921	-0.00155447338454984	-2.90479012894317	-0.443478991760998	1.84693942653242	-0.748384756950486
K09922	1.7859257021106	1.09040126633957	0.259937623963566	-0.908256623277032	-0.0344789903441552
K09923	-1.6351752123677	-1.10547717976257	-1.86673941232183	1.65114985095564	-0.181354803947556
K09924	-1.32859943722122	1.72737279963806	2.84039507292292	2.1487990437657	-0.619373453764069
K09925	-1.57863663051956	1.98435584140137	0.441035131440372	-0.223001021274888	0.0974460113963004
K09927	-0.762437923892668	-2.66771384644195	-0.666387816443234	1.62521229373518	-0.498704267648805
K09933	-1.07497475956314	-0.623586799380033	-1.95215489484289	1.71405945407454	-0.39429727008735
K09934	-0.983417018397978	-0.4263392345874	-0.13120268799284	1.43647704707686	-0.865478141216386
K09935	0.101259247318575	0.273512013825925	-0.562505265249996	-1.96010579479631	0.501894550414931
K09936	-0.720903142436674	-0.244884784695356	-0.307736536040096	-2.0108769120067	0.725206749530685
K09939	0.836143658415148	1.7957887990506	0.469212452397556	-0.32720877541002	-0.0883867721835259
K09940	-1.23125003193252	1.53434756827667	2.61649427794001	1.75449905978743	-0.620861483720887
K09946	-0.704834087833097	-1.01864739823028	0.148333790228577	1.45511279689375	-0.430359465984452
K09949	-1.54431079243057	0.798300181153567	2.71908340834162	1.68869243251387	-0.485820068029511
K09951	1.07562207515604	1.72831824851349	0.888898293004246	-0.497913140186631	0.0535750854929801
K09952	-0.766102655872038	-0.0781286613909886	0.0651485849924992	-0.148253160843217	0.229112522693526
K09954	-1.2746662936055	0.0235898686678722	1.89013133429071	2.52302227603499	-0.475766791013825
K09955	3.65032745982773	0.88868716788605	-0.451149811520367	-1.19525559557375	-0.0691361408511285
K09962	-2.10288165424698	-1.9616996901004	-1.44241764165381	-2.74772121323045	0.930094676109206
K09963	-1.0567478976094	0.495962087634356	1.47786412619135	-0.755147922167146	0.452105419727218
K09967	-0.110164745792082	-1.9281668322055	-1.44388641931036	-1.15745896039303	-0.0860902499238137
K09968	-1.65106557224624	1.44955984187439	2.48538790129206	-2.15525843513902	-0.612616045383561
K09969	-0.984004958614042	-1.27354773449585	-2.00913562394598	1.89709220515791	-0.407169414667237
K09970	-0.576684220775297	-0.693595554110257	-2.09980382539251	1.85800395595137	-0.574695928005326
K09971	-0.940036996349027	-2.59309550690338	-1.97875537492254	1.96503172504011	-0.459938330558885
K09972	-0.567280515178373	-2.94365784096405	-2.29040517426947	1.3087898312718	-0.409266216663468
K09973	0.0212732710993979	1.64374843669251	1.62267921350977	0.0992291985661153	-0.109543872980225
K09974	0.0245947995341513	0.755860839608462	0.633212129101963	-0.337563949951493	0.273618714900863
K09975	-1.01204369877212	-1.52765616345093	-0.792653103842526	1.79531775104109	-0.467246128229249
K09976	-2.06604884479873	0.290790934685023	-0.673169156088619	-0.56194599283632	0.357031540962112
K09978	-0.0175233921849038	-1.72786339687988	-2.45302190400579	1.26402006732527	-0.615236235765565
K09979	-0.859545691951444	-0.81315335201904	0.440815726742954	1.40628944026533	-0.303370354680169
K09980	-1.4261715254628	-1.77094241547271	-0.919232269301205	1.47433839427534	-0.149583270756352
K09988	-0.81999872539871	1.19803104234055	0.205910856352062	-0.594724851974809	0.0676123071631309
K09994	-0.779960258945158	-0.272753025767057	0.432870338187427	1.68759832965437	-0.443093059567559
K09996	-0.646372660144499	-1.14253934788391	-0.69876136399725	1.35156665431563	-0.415581537393678
K09997	-0.155086501582792	-1.01463743614837	-1.17204238988379	0.967911583057082	-0.390947027114976
K09998	-0.9234585604512	-1.39019450115844	-1.77616669751623	2.11591325389448	-0.66734035125171
K09999	-0.744686349376371	-1.30222519802734	-0.705671270861416	1.0738535939366	-0.470393208769906
K10000	-1.12618039463394	-1.58259459900543	-0.700737138762264	1.23787603961531	-0.228085158375848
K10001	-1.23613785122268	-2.55539223122284	-0.60409172393301	1.66079769717757	-0.351705042628396
K10002	-0.753694876178434	-2.69224878716156	-2.07578410722235	1.63802276240889	-0.484610257653344
K10003	-0.62934623573654	-3.02590676712677	-2.35302652932623	1.14109287845198	-0.333882292715657
K10004	-1.67501281116836	0.376078907969744	-0.30429228164175	1.19571004497114	-0.0109585951844338
K10005	-1.20573376034134	-0.742488409754483	-0.579254587664395	-3.46064128292497	0.965548114868056
K10006	-1.74799512241714	-0.384670759913175	-0.113399942889004	-3.29136647594866	0.909372048469436
K10007	-1.8340334734761	-0.38450082707092	-0.0772444582722475	-3.3015502871364	0.921488123031509
K10008	-1.40154813145035	-0.577696170088498	0.0977915213265131	-3.00931419742998	0.942118601890456
K10009	0.91478093053467	0.800658975365908	0.988974312768192	-0.66861759437021	0.332971828075301
K10010	1.0676670157469	0.818255995038302	0.935332278237552	-0.707514125236833	0.2440584469756
K10011	-1.14169548366897	-1.02989550995514	-2.12731756783941	1.37230358707014	-0.233193647099483
K10012	-2.28441856716507	1.03112677169159	-1.15396620847204	-0.31419642580446	0.599031584354293
K10013	-0.888789399608305	-0.641207839724271	-2.03062977410772	1.81276140796248	-0.447414172796357
K10014	-1.04855702732437	-1.51016923355743	-1.88300802327612	1.91320739375655	-0.482032326964486
K10015	-1.05890558575027	-1.36194821762726	-1.04978444196203	1.25387917148176	-0.341859249381173
K10016	-0.759716375812223	-2.67359420227691	-2.05882634736517	1.4309366761357	-0.492762370018113
K10017	-1.14960502003067	-0.897456850287168	-1.76813675977209	1.90106831180159	-0.530894292501557
K10026	0.917539105669329	1.65437880587891	0.856575230584354	-0.367694515117967	0.149147229286086
K10036	-1.12599562023514	-0.947897280928342	-1.8169008693836	1.91252575503889	-0.492184696702111
K10037	-2.03350351665848	0.235011933009477	-1.14289631463507	2.97523937808577	-0.626282317546952
K10038	-0.671761377795866	-0.802252735373227	-0.0431179306648065	0.820958953967727	-0.311541950313199
K10039	0.381471172825167	1.22153941226319	0.422209153399677	-0.276230055221879	0.0471108127554771
K10040	0.867595032707522	1.32784048152283	0.732092718110294	-0.202541488537156	0.0388445127924796
K10041	-0.588016613467863	0.708020691397937	0.670913378224583	-0.0731617392390604	0.232210593315017
K10108	-0.620526774867704	-1.09010693001434	-1.02677764512518	1.6401971398503	-0.409409238008607
K10109	-1.24192427013748	-1.07139679360077	-0.619808395876675	1.70015082942549	-0.334613097814668
K10110	-1.86682103489273	0.459546570304187	-0.0755303702495386	2.72464190112654	-0.410449339059937
K10111	-0.759898646815946	-1.57995852398559	-1.14717843152502	1.54770646678511	-0.346916994063008
K10112	2.0080388345874	0.397673924091609	0.782811323628635	-1.22645256234106	0.441067950817001
K10117	2.19041754390366	0.0925104661019161	-0.106932257785587	-1.89354421509203	0.535004274936568
K10118	1.7402229466594	0.0306419326098278	-0.0963722518823435	-1.99431832445558	0.581066625209701
K10119	1.83194322969086	0.0257231040032223	-0.138622348680287	-2.04940171850618	0.569519953819167
K10120	-1.3340494475209	0.608810756924899	-0.147464712633877	-0.786112237104737	0.0362868774851676
K10121	-1.30087302540176	0.901471112492831	0.132092373893471	-0.988016504177415	0.103795873018157
K10122	-1.46822594021194	0.686979894164355	0.356613168940754	-0.656231302151048	0.118465678783309
K10124	-2.51542399738663	-0.834265674826352	-1.79175235845068	0.0725457488209371	0.156415687890899
K10188	-1.07152365063064	1.08877429795578	1.20594582937738	0.080727678409255	0.414783792587173
K10189	-1.35206840847366	1.56137946677521	2.01549504183313	0.298519950977004	0.204078750701797
K10190	-1.15148518894546	1.34290782046631	1.93720243357203	-0.562060314544999	0.17603482493962
K10192	0.817663864151308	0.975091193440707	1.04717514894983	-0.795653122791612	0.259308593364608
K10193	1.26569596763022	0.708037678721698	0.398455987200947	-0.658578741678559	0.190669463964355
K10194	1.15799054960973	0.642123465064318	0.355657825694294	-0.575629311928117	0.262556510063064
K10200	0.794374690309832	0.575610463145526	0.460614303574772	-0.537122267612779	0.370054142566573
K10201	0.900544837967226	0.493388537886889	-0.0347750312826921	-0.509533125290238	0.26865174064244
K10202	0.771006778732607	0.623877440217288	0.401337216124744	-0.584851342567765	0.26888801345433
K10206	2.6674393572963	1.14576122594193	0.832309047208042	-0.644323873648011	0.110678987594497
K10213	-4.1245505652272	1.88881019187287	-2.20295133210638	0.268018346896804	0.8496971894225
K10254	1.77872456695206	0.128389049890788	0.629477242455692	-1.38870556963381	0.459037022682082
K10439	0.608487800613711	1.67775586676911	0.737772027478428	-0.403819280990922	0.387884276004684
K10440	-0.386352761729887	1.32557955813721	0.819393793568821	0.0617451487690572	0.26256944427098
K10441	-0.0871815523945596	1.10222670865372	0.658285597787113	0.165296417346633	0.325931387039077
K10536	-0.701740606769254	1.52630642485932	2.00824604414484	-0.368546563515031	0.107644395919692
K10537	-0.493913277133634	-2.76520368027374	-2.15761413194159	1.62622295009199	-0.573552681116212
K10538	-1.22993300770157	-0.488761986967771	-1.63913788415411	2.166346412769	-0.615791125206101
K10539	-1.26242206905716	-0.84057411122009	-1.82046749211767	1.99155579196516	-0.411307943967927
K10540	1.47267653133042	0.689724330428393	0.760322014317722	-0.765264886745774	0.261138336749923
K10541	-0.0513485512577798	1.03515997958496	1.42137442015192	-0.113067406544053	0.104700164886367
K10542	1.61680536057121	0.685417268994601	0.889603952393741	-0.754501867422425	0.252356963249099
K10543	-0.73571453903549	0.285083141747268	-0.683991392626553	1.22822747813765	-0.27941126188432
K10544	-1.70037721012466	-1.00199779438659	-1.56933846093634	1.79527650462691	-0.381227416900742
K10545	-0.705535515292814	-2.72891875672027	-0.718560894503384	1.88355837451521	-0.486625922826875
K10546	-1.53328774784439	0.937668178799899	-0.0903213671586801	-0.520966786274278	0.690637962909591
K10547	-1.27203033779495	0.750809226754458	0.239400620088787	-0.959985318908059	0.316869871707809
K10548	-1.24185822819107	-0.00430552231952402	-0.162147199287205	-1.24587342453893	0.479061083885085
K10549	-4.48635171268814	-1.64383062290832	-0.99239875890234	0.858273368945754	0.377849893661391
K10550	-4.16194032047622	-0.669293786761014	-1.12271179772833	0.289756756892837	0.349396245571029
K10551	-4.33749078129165	-0.308124925371854	-1.12444665051916	0.868537407985366	0.409749882312667
K10555	-0.923237784846952	-1.48629948067352	-2.07225098229864	1.24764452563826	-0.4001637678424
K10556	-2.07478211735122	-1.76564868855163	0.233224684820385	2.29680095302168	-0.49462508967315
K10558	-1.04662488315933	-1.19577666687652	-1.91956390954474	1.68332181560103	-0.449935836700547
K10559	-2.70586059902542	0.854574893239291	-0.684463222994595	-1.20825729084905	0.610489742847335
K10560	-3.33354113911026	1.4729744536908	-0.0798734626910974	-0.931216943392121	0.513184802623641
K10561	-2.84298919056289	1.45038107467011	-0.534593304171353	-1.54687749160227	0.399368839355361
K10563	0.893731371418307	-0.343069817301481	-1.30679037190893	-1.22208355678018	0.238481389375579
K10672	-2.76738761280411	0.990843091729434	1.33502099894068	-0.869694280752503	-0.121417192725289
K10673	-2.53878210399978	-0.806251372572629	-0.905818184389858	2.40627990352217	0.0675235856493827
K10678	-2.64383934353225	0.0423677606613949	0.370586405024738	2.59072123157088	-0.271530624462116
K10679	-0.554620250209501	0.024357785108836	1.28405950449488	1.85916505443159	-0.55853064170276
K10680	-0.884537919505766	-1.10792502331421	-2.11846770860174	1.36512528049055	-0.375903425721276
K10708	-1.39239500378006	-1.47096034454986	-0.27236302710989	1.44074855434004	-0.126131964830506
K10709	-2.66370652531021	-0.0698052005736515	0.4932481148102	2.97811804400984	-0.207759642956603
K10710	-1.46390508030288	-0.916084136244504	-0.117036094441204	0.579056721797622	0.0630547572096702
K10711	-2.80144332264297	-0.956156338926999	-1.29985000707129	2.63301573382918	-0.056214718131173
K10716	1.41052869047291	0.879567359212191	0.410357455239506	-1.13504288470145	0.237991141172301
K10747	-1.13423727367752	-1.57114597725555	-2.08360137559393	-1.47848417175707	-0.27515002897178
K10748	-0.898819907649687	-2.62621232437774	-2.01081981278875	1.59290586101118	-0.465679271129716
K10762	-1.13269399021499	-1.7368895666568	0.436470011697025	1.61032090770308	-1.10010991802608
K10763	-0.373869760974577	-1.38653084206268	-1.36119737245062	1.03114162074629	-0.403449473885644
K10773	2.43902243758805	0.668754343512805	0.535403857455463	-1.16956388888653	0.293688850494277
K10778	-0.654524787410429	1.33163336348847	1.05021713160059	0.870352488628066	-0.326192481426347
K10794	-3.37741540287369	0.825065825703891	-1.11489905930975	-2.40098454369005	0.0553827155550834
K10797	-3.0925271353566	1.32300106120423	1.34107230089685	0.671749335399306	-0.0557880680838708
K10800	-1.0107719740712	1.00970259738282	2.87745747946283	-1.80911512983736	-1.15615980139171
K10804	-0.584245427592924	-2.98200413155243	0.324798146710605	1.36471496211592	-0.382725981978524
K10805	-0.83788202617996	-0.702933754202573	-0.614724179281979	-2.41830529583391	0.832776265235793
K10806	-0.220007880672147	0.0126521183283642	1.71947179220697	1.53134284602705	-0.634008927253831
K10819	-1.2412919840657	0.510014836314471	-0.744505425467281	0.0655115662724142	0.0755409170111533
K10823	2.15483261729843	0.58087301683739	0.843385914788456	-0.679626155027711	0.316862599941146
K10824	-0.168998702510526	0.935908768895419	0.234082783088894	0.492086869350112	-0.177989898232568
K10830	-1.01356314037674	-0.628302420851438	-0.0856319717309763	0.623279315105117	-0.0245791505852822
K10831	-0.734261377795866	-3.00287100243255	-0.968177100195675	1.07714591609541	-0.301218701509583
K10857	-0.584712728007963	-0.642944421049802	-1.95363583184698	1.85516152965132	-0.720458639768708
K10906	-0.60248003815048	-0.374467636820523	-1.20694055177191	1.35747633563582	-0.535279465822327
K10907	1.47400771166451	0.766120944741519	1.06628630541346	-0.877315732964837	0.303137319179427
K10914	-0.657788260921171	-0.511245455023496	-0.297189255728512	-2.34963013542589	0.77989156732167
K10939	-1.64892099712723	-2.15105625557586	-1.57151057340124	2.46319327937666	-0.410176185874093
K10947	2.07510532523758	0.849463079694064	0.651458958611698	-1.22170279485878	0.231038289161574
K10972	-1.81036828373306	-2.19793292450592	-1.59306730844	2.42593441592757	-0.30073648875748
K10973	-0.874142631038358	-1.44719537663147	-1.99611701585272	1.68160567866865	-0.488528160361398
K10974	-0.405707820399931	0.271389965537341	0.0257124048479508	-0.634227830299699	0.240252958627593
K10975	-2.38938473080032	-1.47344657349273	-1.01352300263861	3.12861691104475	-0.549436999467957
K10984	-1.84612725590103	-1.94774648117706	-1.4007187090061	2.3635526715428	-0.451087323931802
K10985	-1.1545843920552	-1.32745942043945	-1.17787589646795	2.12933025943342	-0.419542638568032
K10986	-1.54246376369827	-0.491865064379422	-0.428001155628948	2.3185087262303	-0.415134577063668
K11031	-0.410928114398649	3.04516390395478	-0.568485339655666	-3.5584808768123	-0.293662009743798
K11041	-2.74804972027176	0.653354798081668	-0.834643383993893	0.000314694514906844	0.354177134128463
K11050	0.241210714832613	-0.76874497103378	-0.890394707693844	-1.22679639918503	0.495418922992599
K11051	0.0565207162059043	-0.909814919707029	-1.10307743169287	-1.38889004600939	0.550363915058028
K11065	1.37348096157677	1.65033975673035	0.543069342599125	-0.122885304817521	-0.0390600841323022
K11066	-1.27894018505447	-1.08433886933014	-0.684759040846615	1.33893380748335	-0.227374998835671
K11068	1.85560281659729	0.601668958190234	0.285586590395183	-1.43555923117098	0.275880949588668
K11069	2.01617039825089	0.58050194812134	0.102482280210466	-1.32548713994917	0.24404470810498
K11070	1.95291157151825	0.923462663415225	0.3197582461693	-0.859460491070115	0.205750720592391
K11071	2.08250762607224	0.727790032151492	0.288561711535663	-1.06511583862599	0.249762760492217
K11072	2.29346205379135	0.72796836924866	0.558838109002323	-0.957951235899293	0.243355171771896
K11073	-1.41792224262588	-1.0722942011325	-1.88900436974981	1.89243732081953	-0.266589649004686
K11074	-2.43269275043838	-0.126882131573407	-1.08458878613928	2.82235513316695	-0.444358823804009
K11075	-1.39564584110611	-1.39940031933471	-1.59917809583166	2.27189002620283	-0.538351042179215
K11076	-1.10114310596817	-1.28708287644073	-0.287103196158199	1.58024774180952	-0.323596386221993
K11085	2.07383973981507	0.937850449803622	0.524555007443638	-0.759575116762483	0.0115149486979362
K11102	-0.588899358256986	-0.748304630991666	-1.46385624028662	0.938651901355422	-0.21088675221597
K11103	-0.866695388301542	-0.432260598417966	-0.966180463804989	1.64915714847151	-0.348838170973409
K11104	-0.392146571620634	1.31842378211334	1.97601256750605	-0.201990026363694	0.132182138057601
K11105	0.782170043245623	2.10437789988831	1.60224090002558	-0.19391997469362	0.0146861542185661
K11106	-1.92480991695755	-1.20799287724182	-1.43536820031622	2.20285378085676	-0.38295471480285
K11107	-0.906277879222563	-0.328074838396756	-0.46495815135458	1.45277271853987	-0.440405352024186
K11139	-0.615101560100248	-1.33550712036773	-1.22634138680914	1.88449202167097	-0.585257066396821
K11144	-1.11417077396744	-1.08522614407226	-1.41727056123236	-1.52609663022455	0.628784434886825
K11145	1.26670114035971	0.372361425879748	0.584870020375461	-1.6137924374431	0.358454721065414
K11175	1.83069713498718	1.09562859368637	0.835222343430729	-0.738379764684999	0.13209025749768
K11177	-1.41827104900711	-2.28380271362945	-1.69219770051458	2.21050510989729	-0.428356958536256
K11178	-1.53821991299026	-2.37080356049225	-0.274485667719631	1.91036329852644	-0.325246518460858
K11179	0.00649823333389499	-1.06359907555267	-0.250632276310711	1.13081966029707	-0.606637639907945
K11184	-1.94002889011734	1.48954716754273	0.662448743806095	-0.123441654571855	0.501790242286575
K11189	1.94964261438019	0.935654495480807	1.16027853868982	-1.47886272085603	0.299473302455794
K11201	-1.68590615604751	-1.41749342846557	-1.74291445828894	1.9547551690251	-0.244683036796573
K11202	-0.919458611949613	-0.328713084933011	0.694043258652897	2.2068418084294	-0.313770992664445
K11203	-0.492264135821989	-1.56129046845123	-0.69692494489172	1.88898120509688	-0.435561208037484
K11206	-2.52880428646438	-0.794151629683225	-0.360661616101055	-2.43773641003069	0.959388809295547
K11208	-0.996856196864774	-2.51522132324859	-1.91249229527929	1.39709697352949	-0.480808911828149
K11209	-0.174563272937467	-0.279538299318998	-0.502740224375515	0.482724529376662	-0.0258812587538842
K11214	-4.2499601683461	0.338923868361266	-0.94890340186575	-0.944166678318345	0.857531981559646
K11216	-1.01156161640518	-1.13247319626495	-1.85563208676794	1.8505652962834	-0.531627727655518
K11249	-2.73513124798172	0.766420458081515	0.674602846131534	1.71220408069197	0.490592377277267
K11250	-0.678892954333952	-1.24876769947693	-2.05242862321356	2.07152543651167	-0.559753162769425
K11253	-0.348912580951383	1.28197339606598	1.98963520906946	0.647090655437148	-0.220804944617498
K11258	-1.22509382580154	-0.314075376269071	0.526151726470203	1.80042539226118	-0.381229309348214
K11263	-1.37976954792373	-0.62396183180496	-0.318000813498287	-3.57694401157793	1.00535388478841
K11264	-1.47683618877762	-0.51145794558212	-0.717172344698696	1.83359108554426	-0.257121149433601
K11358	1.34013459171421	0.500141773942263	0.378629515395374	-1.45594562900957	0.424588756652724
K11381	1.81811393882401	1.34930900168732	-0.0509907282135774	-0.924542638787591	-0.410769416002381
K11391	-0.934482797130277	-1.28461369442627	-0.49862559653738	1.95373807536665	-0.489621160534966
K11392	-1.43378256176346	-0.579615678068845	-0.364860584511547	2.07705007182661	-0.416661275533784
K11472	-1.99588416431778	-2.03928252625152	-1.45747615910986	2.47427092181746	-0.321891611425031
K11473	-1.28658436153763	-0.733086194273679	-1.86255659677008	1.93664227115217	-0.354746108857739
K11474	-1.85738037441604	-2.28558155464813	-0.425799687876492	2.11680303203169	-0.219996545446861
K11477	-0.611388667567899	-2.47338911461517	-0.00412393130281465	2.48940454112593	-0.731942964700806
K11527	1.26452788050539	1.69049612117127	0.32036186240694	-0.585661310085618	-0.126830628124822
K11529	0.217482046142885	1.22036716771439	1.35665378950617	-1.25137289179262	0.232332961650741
K11530	-1.02140663479202	-2.0919966356723	-1.59106995679358	2.78708921062056	-0.818369967846024
K11531	-1.69377683018081	-0.246178116080014	-1.43856670476416	2.1666384755284	-0.52034111133014
K11533	-1.65350125645035	-0.757161761996	-0.402139534725933	-3.4077309550136	1.03387363442982
K11534	-1.24923561428421	-0.351123000857084	0.0944256060578535	2.13979111301009	-0.520288540033448
K11535	-0.928865893825224	-0.786442841765134	-1.08723487473944	1.81051741229597	-0.426930664090264
K11537	1.37762586857445	1.49619546962097	0.791638175473423	-0.301155048736894	-0.110853908566583
K11604	-0.0413768133961465	-1.55969878601715	-0.815219124331265	1.80739675151411	-0.695192469266999
K11606	-0.600197418674162	-2.48223539757416	-0.285125186219006	1.9015792428166	-0.743899954465974
K11607	-0.257261975749662	-1.18657823967621	-0.902621229662686	1.82251153575484	-0.689099026826966
K11617	-2.04543946598404	0.251335098046215	-1.79942359544256	-0.108230847248399	0.382996039482009
K11618	-1.65678523395889	0.354913581732066	-2.7891429863117	0.0513531981617574	0.344187812896621
K11645	1.48454172994263	2.19344512057617	1.04931018732569	0.328108411899245	-0.0935547184029702
K11685	-2.63753198002212	-1.71852096485779	0.413387338147373	1.81830940829817	-0.260308078473258
K11710	-3.00233052585953	-1.90382763313934	-1.27917863942602	1.76811466800276	0.0171168316325065
K11717	2.58792294646866	0.385924477699549	0.14032973580143	-1.29872384978231	0.159553157182586
K11719	-0.602184995158842	-0.997528399702756	-0.678191443457394	0.853769641986525	-0.274183612299908
K11720	1.78070391799576	1.23424831462219	0.729946116433353	-0.397371488937699	-0.0567273031750802
K11732	-1.74534843777054	0.00443305504635122	-1.39907922364691	2.44358144389693	-0.517835361866105
K11733	-0.726155503734281	-3.10026737618133	-1.74200119592169	-1.95434351576265	0.655426101776015
K11734	-0.861674054607084	-2.5639192717044	-1.96100988008001	1.80383787738386	-0.514856649545777
K11735	-0.97862385128372	-1.15442880558655	-1.97678293801764	1.98382936107222	-0.432215316204179
K11736	-1.55907247875564	-0.404486324068753	-1.55612661458471	2.01175890552107	-0.481160311011422
K11737	-1.64745591495865	0.100799088004382	-2.14160956956366	1.38623962985579	0.00286714920605385
K11738	-1.84856699322098	-0.310483302351682	1.20043037317774	1.70205174075667	-0.187613697705615
K11739	-1.46063826893204	-2.28781458305999	-1.69057967282751	2.23400555240217	-0.40291808357631
K11740	-1.74328969333999	-2.17453810143158	-1.58112742520788	2.3442381440312	-0.348026847449887
K11741	-0.732665999873808	2.33367494178131	2.16330943487665	1.42290769206587	-0.282197264937508
K11743	-1.67140410755508	-0.646052207228391	-1.55376901246527	1.97148476230208	-0.40992377510463
K11744	-0.963181718333891	0.431105811718257	2.31607804678461	2.12043986903731	-0.767183942703355
K11745	-1.38026522014969	-1.20883306431457	-1.86074509240606	1.68344603168074	-0.306467203406442
K11746	-0.786020859225919	-0.906292165991514	-1.99478854752996	1.88828597652022	-0.535008801130402
K11747	-0.987727864726713	-1.16528686451599	-0.228471418394833	1.60584245311323	-0.412092385796655
K11748	-0.907496913417509	-0.587578083750455	-2.04984321214178	1.74793301211897	-0.416965855268586
K11749	2.29140175964005	0.888610337498934	0.679019073472233	-0.993152643868291	0.101501332612884
K11750	-0.889799340709379	-1.2410297052829	-2.05928291894415	1.78840385066572	-0.426489336399186
K11751	0.241300241009066	1.14751217198685	0.709280113206119	-0.594084221252763	0.0888349581679221
K11752	2.22779716636307	0.771051440957339	0.160483973548622	-1.28559924972948	0.206149773689162
K11753	2.0863082566417	0.494249437573703	0.29547287009737	-1.45936082614359	0.328337984176528
K11754	2.36834515716202	0.656399909976275	0.61609266184351	-1.41208018673357	0.292398529144179
K11755	2.33742655898697	0.911942396882327	0.448876539693088	-0.652649510034883	0.156465994211089
K11782	-1.83086632107132	2.64776590895966	1.44860337160608	-2.36795689476427	-0.436665056256402
K11784	-2.17069409702652	2.80012253356293	2.31220541380426	-2.48920680893358	-0.263144057227123
K11891	-0.977558120235136	-1.84771033692047	-0.567613621725826	1.8811513005406	-0.419231114892114
K11892	-2.15214060161941	-2.07148858475372	-1.46778728581884	2.30132589923445	-0.223482727987516
K11893	-1.22029326771133	-2.3336650984256	-0.563483198656826	2.3642257271916	-0.497293231991876
K11894	-1.20026872967117	-2.46038028168365	-0.0902355811736871	2.21674142467085	-0.423704637197602
K11895	-0.60800240848892	-2.90814825462982	-1.14995851136663	1.32563815700117	-0.406390456465829
K11896	-0.354379280551603	-3.04720565247223	-1.4769590101383	1.23324475871626	-0.447331679967988
K11900	-0.679988249286344	-1.80974527764007	-2.16495051003912	1.55056915866438	-0.458592919615853
K11901	-1.01434658382767	-0.996761526343076	-0.594195266737728	1.38782535182539	-0.3500612582842
K11903	-0.587344869121244	-2.97069236206695	-1.40806247807959	1.26565156566206	-0.381792364625085
K11904	-0.453936799510648	-2.060613121268	-0.182955925836353	1.79726586925093	-0.362398421374905
K11905	-1.91645000789993	-0.179414148804395	-1.48478080846289	1.96083651172224	-0.343974692730058
K11906	-0.802061065181425	-2.63106247353241	-2.02099265672186	1.88779054271284	-0.500172628072846
K11907	-1.01166389797561	-1.74083146023437	-2.00988163567999	1.64047132121626	-0.388613713888276
K11910	-0.869228347285917	-2.66180440354034	-0.800721963419705	1.86162958728377	-0.440174667147744
K11911	-1.56894563053482	-2.26172467636749	-1.66302647210577	1.99934802638594	-0.371671413985837
K11920	-1.75110910747879	-1.78623863625213	-0.0972211263320734	2.8114229260594	-0.648949069885361
K11921	-0.990017636760404	-1.46755513119385	-0.0992866656921198	1.87878928767744	-0.416199563054192
K11922	-3.96987365101211	-0.761702384230344	-1.22303583241919	0.746695500484145	0.345134632678878
K11924	-3.07075284336441	1.81842902732209	1.4818177022793	1.11930380450789	0.244826661439788
K11925	-0.507532819255522	-2.95364066528961	-2.30492796517828	1.5063532410771	-0.438859520463097
K11926	-0.742947920306852	-1.1011039869754	-2.28794302560308	1.15644178973738	-0.317261150089848
K11927	1.61726503159172	1.30547312331513	0.817540625558109	-0.666978317627275	0.105949388833892
K11928	1.05458360995419	0.463314746144564	0.561513344273777	-1.56967552317079	0.409115569682967
K11929	-0.633384212001493	-1.34512695240661	-0.921739717497616	1.62418804751936	-0.414186922816384
K11930	-2.03417943333023	-1.9033808367221	-1.35292663194159	2.44893251048628	-0.396576954034913
K11931	-3.74237273548477	-1.90974470543548	-1.2335245809696	0.0026433287769918	0.274130778404128
K11932	-0.796653612598112	-2.26451083588287	-2.14877523995855	1.34529910670821	-0.395564002899278
K11933	-1.12095378254288	-2.47213527130768	-1.86448611833075	1.96786604510847	-0.445434166101563
K11934	0.471037582413027	1.30454579425171	-0.184357454552441	-0.235968607792222	0.000900836678397299
K11935	-2.78273032520645	-1.98234077858612	-1.35366263009527	0.398578387370742	-0.0213897209445122
K11936	-2.41354416225784	-2.16866084503814	-1.52229001142004	-0.207709986099565	-0.0596244912425164
K11937	-3.66807340000503	1.36390820575074	-1.22562136270025	-1.3204185397714	0.228451358171355
K11938	-1.11604450558059	-0.967021192785947	-0.89780088283041	1.87587414371077	-0.350534727779973
K11939	-0.924406274303129	-0.684354271170347	0.0827723950900744	-0.374736982712113	0.237514870258224
K11940	-0.983193143352201	-0.232235188957898	-0.605592628493099	1.69325481044356	-0.472486747411836
K11941	-1.43406651829117	-2.06897684502289	-1.53144719220617	2.18139920817915	-0.589211417345155
K11991	2.10019470836289	0.998542760136874	1.0442567267277	-0.798403310903871	0.195209668966186
K12056	-0.417382105334928	-1.2432235138385	-0.989899536146908	2.29894409762923	-0.684382451681245
K12057	-1.10667250965469	-0.811559523817746	-0.239541729464321	2.13971815692488	-0.558409376052964
K12058	-0.876986726268461	-2.60944720673248	-0.611328085436611	1.72028670894209	-0.4951843898574
K12059	-1.27578566883438	-0.291103448149411	0.963563481793613	2.14012704478804	-0.452129973081696
K12060	-0.266216500743559	-1.55434259342834	-2.31486596681097	1.43530665027205	-0.591163141636002
K12061	-0.695062144740751	-1.11503156590149	0.833930055127354	2.07481632815901	-0.556577367691148
K12062	-0.743801458820036	-2.62662097382232	0.646451095566959	1.86697588550154	-0.550423217920411
K12063	-0.781039103015592	-1.15915056633636	0.189834142551632	1.9732140122563	-0.513206018118012
K12065	-0.573961003764799	-1.16885563301727	-0.0582927963874628	1.71293674098555	-0.563056630996812
K12066	-0.845515950664213	-1.5431924717395	0.20791837059042	1.59258638011519	-0.404484061507333
K12067	-0.848166450008085	-2.55566975044891	-1.95997156716803	1.70494638072554	-0.544450147060502
K12068	-0.535079225047758	-2.80876776146576	-0.103904014005451	1.23634443866316	-0.537619007734406
K12072	-0.12267742966049	-1.04004177021667	-2.25239958383062	1.88188086139265	-0.743496639637101
K12111	-0.411358340724638	-1.58638831543609	-0.593064149393826	1.35918698894087	-0.403394086269486
K12112	-0.688320620998075	-2.76239725517914	-2.13746752358892	1.6678145943791	-0.476208267716515
K12113	-0.914086326106718	-1.67535432743713	-2.063038011565	1.73012052165571	-0.410713506845582
K12132	1.80432500030167	0.123684656444342	0.173032710776539	-2.07285018576082	0.546928720565688
K12136	-0.791887029155424	-2.72642203735992	-0.332869490160732	1.5628558217198	-0.446345774439919
K12137	-1.31170557354324	-0.303420151945798	1.43071828268549	0.317831498256362	0.00150409528816903
K12138	-1.02644632671707	-1.62321731018707	0.0102175273754309	1.44020543681685	-0.500920040516007
K12139	-0.729890688403776	-1.41447063851043	-0.112347354664593	1.32304988490645	-0.413430286554444
K12140	-2.02343819950454	0.157948505702765	2.93944964788935	0.943909269443191	0.0855824221094962
K12141	-2.25907061909073	-0.427713360068052	2.44851789854547	0.854219895473159	0.0501758922060844
K12142	-0.602966650470426	-2.01020928787872	0.193699473962993	1.56970534907881	-0.401006622223008
K12143	-1.07681368206375	-2.45652123856231	0.396191725955219	1.18779836284224	-0.492800516990769
K12144	-1.39497063969009	-1.27938589024231	0.580449918732853	1.7838567315251	-0.335123365728009
K12145	-1.13818405483597	-1.25581451821014	-0.404422988667278	1.78775058375899	-0.327842762676823
K12146	-0.778031095012357	-1.6639986889331	-0.55733480073431	1.63674221622053	-0.516850186494935
K12147	-2.23691747997635	-1.81806322502777	0.835897723660679	2.4206176816136	-0.37324638476764
K12148	-2.70313118313186	1.15089151692704	-1.11692311383703	2.57019458400313	-0.26584055273031
K12149	-0.967300876125028	-1.77236887383148	-0.423275937809734	2.157726150623	-0.519037200121033
K12151	-2.17715953205459	0.0813006950648144	1.22175882242701	2.44199739085738	-0.380970416573632
K12152	-0.952771647914579	-1.55405315327331	-0.895543654932766	1.17860851871077	-0.296175392327655
K12204	-0.370167120441129	-0.699018086668699	-2.15804352380255	1.86589322673384	-0.674854440597642
K12251	2.03711016561157	0.848623250249179	0.577918390259952	-0.845280784496629	0.0736511517485496
K12257	2.46408571387894	1.00281361174896	0.512521068082065	-0.825385409721696	0.0579302776774284
K12262	-2.01735256527298	-1.57832797932312	0.0511446250424395	2.79645286189619	-0.684667063860047
K12264	-0.902735455974272	-2.78235908913299	-1.1022864780567	1.69662509547774	-0.353348372487176
K12265	-0.381608947261503	-2.07918688225433	-2.4719723663471	1.21607194530073	-0.376764012483704
K12266	-0.811392291530302	-1.41729256081268	-1.06825818635443	1.47106800662581	-0.39499249866401
K12267	1.41454601372845	1.26400092673615	1.5011904039242	0.0455641566425924	0.10823400506581
K12268	-1.5907370886647	1.8538920028241	1.13841293238184	0.688725811114943	0.0866522360762473
K12269	-1.3515763125264	0.99930146766022	-0.470012148394375	0.445872765651381	-0.0144144426861886
K12270	-1.39504073475235	1.61351326537445	0.25126993142149	0.217547160258925	0.0807400513609763
K12288	-0.716784699901273	-1.51746782231018	-1.12051179028967	1.37825761424605	-0.41562974265014
K12289	-2.09749410961502	-0.384695376631467	-1.29753841973761	2.36190496074263	-0.414584321884263
K12290	-0.411301477893522	-1.0833148615329	0.0993922375895689	1.90862427341048	-0.58954886904155
K12291	-0.531821950420072	-1.7873251097171	-0.245989670529156	1.88179765330855	-0.612992776540864
K12295	-2.78641460750931	0.886642311337741	-1.12346412755468	1.78405223475996	-0.218415679393161
K12296	-0.983025535091093	-0.0324334459273503	-0.757842918410092	0.0823776541859274	0.158440278859985
K12297	-0.482928975566557	-0.814795459982602	-0.0153571083388616	0.953252655139602	-0.32839041015302
K12299	-1.05732558582657	-1.46256836819336	-0.6658274731777	2.02832971202437	-0.437559870986092
K12308	2.55722381259567	0.213870278197677	-0.344847162737637	-1.97390981329378	0.34291430005635
K12339	-1.53147886608475	1.96267202925995	2.11854110144159	1.15438209163252	-0.177323972789395
K12340	2.17751886035568	1.61512461734131	0.389475683198185	-0.365561682113969	-0.148745631782163
K12343	0.341793433681795	2.31796411109284	1.75306842707178	0.26699755775038	-0.0941923688927773
K12368	-0.552036269649198	-0.940514411207883	-0.127041732444554	1.37849341022078	-0.331474779156793
K12369	-0.550080760463407	-0.917440022703855	-0.497452934756069	1.51479993449751	-0.322708299366582
K12370	-0.440948708995512	-1.09488126206085	-0.267622103466778	0.992595773807204	-0.496010271815408
K12371	-0.735871776088407	-1.39214381146118	-0.0184369064114382	1.46329746829573	-0.395440561679948
K12372	-0.662470921024015	-1.42689236569092	-0.740869601740627	1.25384436236922	-0.268694518117059
K12373	3.37702299739487	1.53728858065918	0.67673490427515	-0.36923004997667	-0.118105931190598
K12410	2.41199614192612	0.471909780624659	0.440014670119495	-1.46534000647958	0.317573623748672
K12452	-0.650651439174345	1.41486314368561	1.82655547045252	0.291112524142898	0.00323952922428811
K12500	-1.28901956890457	-0.922645892378537	-1.53550388432959	2.49412022220198	-0.687272382883179
K12506	-0.472745522006681	0.750029836419375	1.09378908060572	-1.15940554005798	0.37332578191365
K12507	-1.15357635830276	-1.38430818485901	-0.884449084772854	1.65418229686323	-0.357302365807641
K12510	-0.629711969836881	0.576736305478366	0.487903306708546	-1.60914852035936	0.635357337089431
K12511	-1.71073983524673	1.87908652854279	1.1120667257168	-0.357503789791429	0.351835982890975
K12516	-1.69503687237137	-0.804004158255307	-0.967756291403561	1.28241215335432	-0.378449751047242
K12524	2.16837586547501	1.01514003110245	0.113201359734745	-0.759254443773591	-0.0281429569998864
K12525	-1.50016520832413	-1.09657081532165	-0.609423776640682	1.73920593844954	-0.164296722022641
K12527	-0.87957690571182	0.549705539468081	0.820577184186191	0.361745339503921	0.132155196758163
K12528	-0.816191895946195	-2.70391293930694	-2.07820000268438	1.72704229938093	-0.449757916835893
K12529	-1.84062217090957	-0.541818286654203	0.146163994894237	2.25362191783491	-0.385606391338456
K12554	-0.838052018626859	-0.356263782259671	-0.552454193606167	-1.11560687838361	0.59166826495732
K12555	-1.28811882351272	-0.385846759554593	-0.372554977907925	-0.26282991779741	0.391984598728072
K12556	-1.71042679165237	0.0924370331795528	-0.736694475188046	-0.0804989518016215	0.35182269105519
K12573	2.69327570582993	0.754221592667849	0.513872215972156	-1.02873533529934	0.168250398727309
K12574	1.72984708930619	0.0571448696883037	0.289482752309055	-1.45966144216951	0.469453947635543
K12582	-0.908084138377836	-1.63139256405517	-0.406038810982495	1.38596807109419	-0.25591507785191
K12660	-1.67415426586502	-0.78587337898895	0.011141693667383	2.33842263804976	-0.594326747564423
K12661	-3.19813655231827	-1.917790855643	-1.27585389234045	0.552335005870498	0.0959639717062827
K12678	0.344279066578219	-2.02098485397979	-0.994671603216915	1.34745107280318	-0.53085051288997
K12684	0.172545687214205	-2.27046128678009	-1.84480192281225	1.47121940242354	-1.46903209200298
K12687	-0.4756145319783	-1.36007055210754	0.218212822900028	2.33583174335066	-0.760979277996171
K12700	-1.40497206066482	-3.45730468201324	-3.64408149339178	-2.13787259472307	0.849528269859206
K12940	-1.15005706165664	-0.940179075476377	-0.0154518685481836	1.7338284073979	-0.350383242575276
K12941	-2.01438401554458	1.64736965728119	1.24721787355921	0.748498064151442	0.125188248248946
K12942	1.02134984816677	1.74681905341461	0.491882900223942	-0.0418932617991801	-0.112579015997994
K12943	-1.30528853748672	-0.885972346541135	-1.67756940938452	2.05518971072737	-0.516532225517381
K12944	-1.9610345206105	-0.896376575705259	0.228580439911098	2.5574630318791	-0.668500257639039
K12945	-1.83803342197769	0.299929861548693	0.668677548394413	1.95868788348738	-0.239215999824751
K12952	0.226109997288058	-0.333890880820005	-0.134507661237507	-2.28304983986314	0.666616575809371
K12957	-1.06164024685257	-0.496239628073423	-0.276240100636273	1.93695603000227	-0.440248696116555
K12960	-0.869390233501127	2.0025451524289	2.81454573057672	-0.421467143425309	0.136485504003417
K12961	-0.897992118343046	-1.62655743527099	-0.641044457926541	1.59532867061201	-0.368138169852841
K12963	-0.70996569012039	-1.12714442181274	-0.942039927019863	1.59681473361555	-0.66948519459163
K12972	-0.650172217830351	-1.72246393131897	-0.230785032286434	1.47698937045637	-0.418435154465783
K12973	-0.941215022548368	-1.69747146534607	-1.8870376548908	1.75282846080366	-0.542180610803712
K12974	-0.397295459254911	-3.12014361786529	-1.29098751164892	1.14211855517927	-0.387696294097054
K12975	-0.178589447482755	-2.29226323532745	-0.957353611960201	1.16870532619063	-0.459638832120049
K12992	-2.10012791965835	0.723116223338397	0.609696308598728	-1.46892981542047	0.312179463001144
K12995	1.37909127856858	0.291114677313121	-0.194382300152569	-3.77901853931841	-0.784084660915482
K12996	1.11760937507517	-0.745227243181913	-0.1819527349613	-1.7213803113788	0.165383743139159
K12997	-1.8818337759816	0.0817257953913524	-2.7552291355274	-0.303552883991563	0.404663758369338
K12999	-2.49116347645157	0.261851154837163	-0.272122015728741	-0.312688666710221	0.431452589126479
K13002	0.682555691257784	1.46486810279206	-0.283532222285061	-0.605254608520829	-0.0839264821091775
K13004	-2.93942569111221	3.03043249678925	3.00400767706415	0.134229522815383	0.0532136131247398
K13012	0.737949416891405	0.820847247365267	0.752737204060764	-0.901732030639016	0.272650199027907
K13014	-0.504778846248319	-1.26238581108734	-2.37540330506781	0.973720413318313	-0.381966469792474
K13018	-3.0948235831105	3.1336257798703	2.45004663847467	1.38004956828657	0.0561837721785423
K13038	2.39493574287064	0.517325733426364	0.316070327983112	-1.34045085621771	0.281424479576003
K13043	2.52926267768509	0.757935498479159	0.307626286969395	-1.04109224242862	0.0543756354769584
K13051	1.0542829790271	0.0474437667162731	-0.595682760252743	-2.05179585827287	0.422532515617263
K13052	0.174742833629915	0.265452717068942	0.00621745221397384	-2.51043619526323	0.404616015048873
K13053	-0.903205378993681	-2.58276411461517	-1.97849621392706	1.20781550990645	-0.493879957107652
K13059	-2.4562110743367	-0.25080138015434	0.0253307954230021	-1.82175810945924	0.829249219985854
K13069	-0.376209124072721	-0.400237108942716	-0.205817928089886	2.26791844951216	-0.500167353061784
K13243	-1.46320913647049	-2.35105439591095	-1.73848476029852	2.02326927768294	-0.357324434427369
K13244	-0.76703093860977	-2.35679599213287	-1.81724192716101	2.23496733295027	-0.742420060543168
K13252	-2.80725811336868	0.458012972596438	1.61159012697718	-0.775606978067719	0.521655457111251
K13255	-0.777363761409452	-0.633549119707792	-0.512363215460568	2.2104011593968	-0.586565060524094
K13256	-0.915146335109403	-1.74586841034576	0.0939961657681177	0.963632207980788	-0.258520825749088
K13280	-1.5146291098439	2.31749657225922	2.78243623159906	-0.601049918064439	0.230905996652496
K13283	-0.874972327693632	-1.51952489781067	-2.04270734406927	1.98190127002302	-0.432216240076173
K13288	-0.74439726684921	-0.402797307249753	-0.774134775175839	-2.59126891506609	0.832401948066604
K13292	0.899206654087374	0.762769494775088	0.749289790616245	-1.22025648070272	0.312559621425521
K13301	-0.217997177585294	-1.21870585846588	-0.124206279887943	1.00015841113631	-0.432285873202432
K13378	2.27397109653122	1.02488097977951	0.480552295670719	-1.05544790936407	-0.0230767559090737
K13381	-2.38044474933975	-1.78026362824127	-0.0381370759747316	2.66747222529951	-0.326215332357037
K13479	-1.39473365162246	0.786651168587954	2.29423532866022	0.248182040324843	0.23406191358174
K13480	-0.72448931549423	-2.54117866921112	-0.657111962809353	2.09724913226668	-0.61984775772487
K13483	-2.49212740276687	-1.47416445183441	-1.00565483190039	3.20982037173811	-0.497326938418496
K13497	-1.53617690418594	1.91173521113709	2.81681762121698	0.490874391666091	0.0592730511149284
K13498	-0.438782556995085	-1.35050817894623	-0.762717803492336	1.64322291003767	-0.387833742407906
K13525	-4.48018430088394	0.287758820328267	0.378354380355091	-2.4183488072246	1.11090846547688
K13527	-1.7578251204335	-0.568534518954007	-0.314134319796353	-3.2820567072719	1.01612539777364
K13542	-1.12197755192154	1.85406604838684	2.44458184622309	-0.607983785995805	0.339314954372298
K13566	1.78544606353409	0.474252630594523	-0.37671267010191	-0.934214714297616	0.139619486423385
K13571	-1.76510856960647	-0.534280802485196	-0.456716676726132	-2.99808909309801	0.967301802726638
K13574	-1.79522941921585	-1.15983673500702	-1.69809629537085	1.85040603267256	-0.220654282701958
K13620	-0.998727305873564	-2.41434260773346	-1.83453228093603	1.91718540774885	-0.555876715091813
K13626	-1.37846611355179	1.62833026480988	1.25181005381128	-0.21179516924318	0.095758901925933
K13628	-1.0297338805043	-2.24883815216705	-1.70960309125402	1.76378021823469	-0.678629202751267
K13629	-2.68054245327347	-1.96189543175384	-1.34549989320257	0.17703185664717	-0.0718688946047906
K13631	-1.5240719160878	-0.256623174425809	-1.82179369546392	1.69661532031599	-0.263013468107033
K13632	-0.881518586620023	-0.813398207899778	-0.923054655566006	1.38835535632674	-0.425746737031091
K13634	-0.542588814243009	-1.87139889168426	-1.05077495194891	1.06090984927717	-0.402068970708001
K13635	-0.861102088435819	-1.27087840008423	-0.719386538042812	1.70820365535322	-0.499173356203187
K13636	-2.38085292194717	-1.09722157883331	-1.52917065240362	-0.251856702694261	-0.0707060675898675
K13637	-0.978216393932035	-0.508982683893888	-2.01983489610174	1.62754688846175	-0.399656785635102
K13638	-0.854079469188383	-0.61660041975662	-2.20276751138189	1.33214269267622	-0.321619367210019
K13639	-1.05478499744766	-1.555801119086	-1.86591865636328	2.12732921229903	-0.494248254207719
K13640	-1.3853943190419	-0.237885441061704	0.498608002886982	-2.35203589809831	0.816268639655959
K13641	-1.42860196445816	-0.475048746344297	-0.456762751116543	2.27941141711775	-0.366702740995038
K13643	-1.05829404209488	-0.70804830956146	-2.0944088897846	1.66669402705733	-0.295548805950034
K13650	-1.33289359424942	-0.998926247832029	-0.212186177744656	1.54792056666914	-0.301646733639586
K13652	0.670659975067446	2.11242965293244	0.899380783066959	0.139033657184279	-0.330373270420182
K13653	-0.687603100284269	0.869389687302859	0.209684262500019	-0.957370746263825	-0.000432683138001322
K13654	-1.23687671039932	-1.10212871002838	0.127969721780033	2.33648644076887	-0.662813795713532
K13655	-2.86552642200821	-1.50852009224579	-1.00167896367529	2.04421506511275	-0.280200133083213
K13677	-1.96738599155777	0.366302330616267	-0.0283112279317667	-0.0559864224284525	0.413709299655807
K13683	-1.25073192928665	-1.39193316864654	-0.755607744231014	1.57619748698775	-0.324256105331529
K13684	-0.754789813502958	-2.61124845909759	-2.01185645677069	1.69987426387373	-0.545383138565171
K13694	0.331857220188448	2.12546983790711	1.14320359610102	0.483957987895644	-0.186660489050496
K13695	-0.866621001704862	-1.04485138821289	-2.04444875337103	1.55649266826216	-0.446001930145371
K13735	0.214981690899203	-2.42142840790436	-0.573999782576351	2.14264259921614	-0.523473067192185
K13747	2.00269015218384	1.19215825629547	1.01072929285547	-0.709760236868226	0.125518040748489
K13771	-0.835965617641142	-0.781251157995908	-1.97799219705084	1.71759186374251	-0.51384754290973
K13787	-1.78039358471267	-0.371975864645688	-0.203970392718105	-3.27879037273821	0.934946613403213
K13788	-1.13036058758133	-0.70042690205261	-0.515839715971737	-2.54398621929582	0.879851536842239
K13789	2.30636622096665	0.698466931107791	0.451287487969608	-1.32244703484472	0.150495516153228
K13818	-0.696710690005949	-2.33618780541107	-1.60457589246252	-1.33422138107713	-0.0811575632372979
K13821	0.925028310076067	1.82772246432617	0.299814532027454	-0.202860969433152	-0.131739182380784
K13829	-1.7958209357106	-0.535572256323545	-0.686296721472531	-3.13825573337969	0.980404453369033
K13888	-0.663792594417265	-0.769839789149015	-0.672007223143368	1.96380410777632	-0.37533543816005
K13889	-1.06950782154434	-0.65995510983154	-0.311034610047131	1.69950590716902	-0.31680970451032
K13890	-2.37351320598953	0.108404856744559	-0.381695528998165	1.73850284205977	-0.102855054644692
K13891	-1.46374414776199	-0.667674984213559	-0.0366338915369798	2.12186203586165	-0.573948366550553
K13892	-0.680539473041227	-0.827927912947385	-1.03092851258734	1.74278054820601	-0.484641579894174
K13893	-0.216190203174284	-0.25830944943115	1.5368861951687	1.52695999728743	-0.66124944200908
K13894	-0.632608159526518	0.0554218782217815	1.69262442968866	2.08092961894575	-0.698687328008759
K13895	-0.483832581981352	-0.336815621134488	1.48297260187647	1.98204169856612	-0.729498190788377
K13896	-1.48954056118362	-0.791728820082395	-1.6732150516651	2.11435590373579	-0.412476656941522
K13918	-0.832357390865019	-1.8272637979953	-0.602760036959438	1.63522420512739	-0.464254496602166
K13922	-1.55619095180862	0.929371927502902	-0.00146625332453744	-0.451729077228868	0.56497205981816
K13926	-1.1740050158345	-1.04051121639892	-2.02110042191961	1.65286527263228	-0.29536527952348
K13927	-1.13941500995987	2.98454812598542	2.0773018398144	-0.858363765606248	-0.0803165566006783
K13938	-1.47377441738479	-2.09532185959503	-1.54701413728216	2.16846094714705	-0.544801069406617
K13940	-1.36209581707351	-0.255640830275266	-0.120801141037731	-2.67498042000231	0.902500825019729
K13953	-1.15195296619766	-0.172090019461362	0.756089428887577	-0.103782075771653	0.322747664543044
K13954	-1.11900995586746	1.74626866412476	1.4810043372967	0.609354835620559	0.25314893016423
K13963	-1.85507248257034	-0.486089374300687	1.78702233217737	-1.33874522460397	0.180679069848907
K13979	-0.78018258427017	-1.07957717346832	-1.93089046098211	1.79402456866804	-0.609181566146958
K13990	-2.03346322391861	1.92006794047669	3.42250237844965	-1.87925626648363	0.121483521552932
K13993	1.76447399045593	1.36179975104645	0.200756097660274	-0.916178825625741	0.0682073105296012
K14048	-2.30407236431473	1.88742331099823	2.99156699560663	-3.90352858913835	0.358821230026137
K14051	-0.627872570499113	-2.51872869896576	-0.804251452460079	1.96366844760481	-0.684477848915208
K14052	-1.935432895168	-1.96002003121063	-1.40356936074713	2.47998891460005	-0.403527377156365
K14053	-3.37116406772964	-1.96710368561432	-1.30126132585028	0.694308262935317	0.178692953678023
K14054	-0.999062760814359	-0.41782065796539	-1.90909006215551	1.9989868222386	-0.487084967998612
K14055	-0.371669395908048	-1.04318472313568	-0.14408909298399	1.7917581616551	-0.661303831247437
K14056	-1.90920875881546	-1.94799610542938	0.216954747662754	2.6422027169377	-0.426501778868783
K14057	-1.39405463550918	-1.04409679341003	-0.129333396925717	2.12547312366072	-0.464844865707505
K14058	-0.937644704326322	-1.16867395805999	0.0471265351920064	1.83605537997786	-0.508810771612275
K14059	-1.52530811642044	-0.902598942991941	-0.715019424929409	0.718711238971389	-0.276163877902377
K14060	-1.28613828037613	-2.34876176285431	-1.75649442292669	0.923926693072951	-0.442418498901475
K14061	0.138563052669832	-2.11703034805938	-2.8310142955921	0.611571055522597	-0.397773755697358
K14062	-0.241035803302458	-1.57196947502777	-0.800517877115994	1.98320565806929	-0.794971151260484
K14063	-1.44458840702408	-2.29503890442535	-1.7013687095783	1.72277699100081	-0.419376386312592
K14064	-1.55787824009292	-0.860580648657529	-1.73277284718969	1.76707206355635	-0.326734406856645
K14065	-0.792847975238493	-2.50098225044891	-0.514927705302029	2.04191265689436	-0.602260811237443
K14088	-3.98278830860489	0.789376888993533	1.51568041227838	-1.14473353450891	0.657951669784438
K14155	2.5283578791774	0.499819491627963	-0.0381673998377611	-1.42291011227068	0.266268985362899
K14170	1.41517388905651	0.529540930512698	0.713422337994785	-1.28899187160429	0.407698290439498
K14187	0.0456068673289511	-1.07447489666626	-0.481970509066372	1.12353931056563	-0.573214603571046
K14188	-1.26543639515274	-1.31289347576782	-2.97085609055975	-1.62639095199999	0.606957213970077
K14205	-1.87727664326065	-1.97928377556488	-3.28527869798162	-2.73033632648882	0.91447134503926
K14260	0.418901161209414	0.132838678184302	0.453113923297138	-1.51505853546556	0.579018550010574
K14261	-1.40676711414688	-1.16733893322632	-1.84703244782904	1.65600023852888	-0.300742743519891
K14274	-2.63351486538284	1.83335033488587	0.766248325333805	0.865569692721999	0.073350774141204
K14287	-0.963964208110502	-1.72570463585541	-1.961146970763	1.81617055522505	-0.459705648926843
K14347	-0.329444273456266	-0.466425503966062	1.65287862204096	1.49613032924238	-0.595436437038529
K14348	-1.0551028094136	-0.638858045813291	-2.08672942735174	1.77630506145064	-0.30565575694834
K14392	-1.6988332114064	0.0591899199517086	2.04533956430933	0.848905187717116	0.0878635216673728
K14393	-0.979709609492948	-1.79143353867218	-2.0473433933399	1.53091321574751	-0.378890020755875
K14414	-0.579973085864713	-2.89437719750091	-0.939697881712704	1.60510645495955	-0.442990152148354
K14415	0.0826268353617881	1.81108454299286	2.06461654089472	0.518353325000442	-0.143226867524732
K14441	2.05275835181839	1.04699382615402	0.897912243828983	-0.562901634106004	0.220293836685073
K14445	1.28044271554119	0.921362374547274	0.793768385873051	-1.6173838557094	-0.201044497994531
K14534	-1.47584508274429	1.87983277869538	2.53036127470514	-0.553196150192582	0.25226374158467
K14540	1.3945728101886	0.590833638432772	0.774140278325291	-0.818621534237229	0.350284116359603
K14588	-1.18051169727676	-1.42746683525726	-0.883057733549862	1.83751664744917	-0.380284009484399
K14591	-0.400598748668363	-1.54131337570831	-0.366538634075909	0.517765265575088	-0.260557731596578
K14623	2.24864174510605	0.334760863903315	-0.531703670992642	-1.07005827439722	0.101967053504836
K14652	2.90745379115708	0.851129744771273	0.381271014437885	-0.969681400188767	0.135881947370422
K14682	-0.63355766151779	0.0529726041586712	1.7003292837002	1.76776204692427	-0.503818912414658
K14742	1.78565181876785	1.41176966262177	1.04541842125437	-0.225570458301866	0.0618129838427421
K14744	-1.05869553898208	-0.302323486086576	0.583637157902927	2.98404799090925	-0.594292981533158
K14761	0.933639244095156	1.27026847434357	1.17908881090662	-0.792157787212693	0.265328781696212
K14762	-0.516311272128751	-0.86219390797302	-0.399519433750897	1.73715530025069	-0.762027425674546
K14977	-1.40791438434952	-2.22350236344024	-1.64895226575354	2.29276404964033	-0.481016753224481
K14982	-2.21784375522964	0.39376968574837	-0.736315151228695	0.0514367638737325	0.372852640243423
K14983	-1.37985442493789	0.14768105429724	-0.292601545824795	-0.0272215784877177	0.24441804179753
K14988	-0.0087274155461099	-0.285520459887235	-1.44928457356909	-0.753079402574861	-0.357242284325707
K15023	-2.13149116848343	0.94249895644501	0.916284004674167	-0.178657549747788	0.591349737735641
K15024	-2.28831265781753	1.84083083701447	2.87582836531183	-1.27690171016153	0.315577643009078
K15034	-1.05908392284744	-1.56586393284485	0.575380066857548	1.63051686870161	-0.314299693314183
K15051	0.134040133014986	0.139390361133368	-0.0781520805499841	-1.37957962168153	0.464434282871139
K15256	-1.18443845127456	-0.47630044388458	0.691876272187443	1.98380241977278	-0.507751358656037
K15257	-0.258996470912626	-0.860392655607908	-0.444260647072582	1.39300428020064	-0.589766366390336
K15268	-1.43242023800247	-2.48421260285064	-1.84781720258215	1.45726595508162	-0.29224911516701
K15342	1.74686290408737	0.8978755219014	0.201359892711849	-1.17301706535515	0.168762104602706
K15372	-3.13057206486099	0.449738223675044	-1.07336535073736	-1.44318782103952	0.959720211120498
K15396	-0.402872546657255	-1.15070053505584	-0.897323926462917	1.383143287769	-0.419664083031762
K15460	1.15287929113276	1.3154296023877	0.34546590827486	-0.265792447456681	-0.0903497319499139
K15461	-0.628699167712858	-1.32182213234588	0.140293861255855	1.49651680575911	-0.452461255697358
K15524	-0.790534361346891	-2.03219744133636	-2.34614338494757	-0.669746178516709	-0.247598844155959
K15527	-2.1390940985524	2.7191241128476	3.1748770274975	-2.8607361496776	-0.0927844773808602
K15531	-0.288486941798856	-0.264690096852033	-0.865044375433712	-3.08416618717607	0.623034017177474
K15532	2.55482389117844	1.15003964734391	0.341483304724903	-0.571274477371537	0.0327319372614738
K15533	1.28100755895741	0.579293732169421	0.739529768452854	-0.71073435557779	0.398692863078963
K15536	-1.37071917866104	-0.963515724417417	1.2229053773739	1.17320213901106	-0.198099860904563
K15539	-0.67414317940109	-1.6865212576358	-0.937013050093441	1.53650317775313	-0.512675924209702
K15540	-1.82386444424026	-2.29567071365997	-1.66712989427069	1.65404782878462	-0.228022536245931
K15545	-0.854103311046293	-1.2471046106784	-2.08021869279364	1.23163352595869	-0.424111021665681
K15547	-1.12120698307388	-0.939179744002073	-0.627644022478848	2.0289054928929	-0.381426377205003
K15548	-0.70535360191696	-2.51701518463775	-1.94436325646856	2.10467062579695	-0.641283048299897
K15549	-1.7757055601918	-1.87873097824737	-1.35881580926397	2.59703312503401	-0.555455399660218
K15550	-1.46952102993362	-1.13223024773285	0.0137617164113234	2.07714353190962	-0.325373759476292
K15551	-1.10919903133743	-0.721734966513364	-0.21167959786871	1.5405374585301	-0.299926070479501
K15552	-1.977828963741	-0.665311898466794	-1.6859822473667	1.47472391711775	-0.147178357450116
K15553	-1.71995328281753	0.946366523030551	-0.15584204114893	1.11243973361555	0.00195075759495461
K15554	-1.63591192577713	0.745823119405062	-1.27978386498907	1.22162066089217	-0.100854782370675
K15555	-2.03194402073257	1.56516662669495	0.999137262330265	0.737254124751723	0.0634226370772239
K15580	2.69167305614121	0.0227515144379452	-0.412594338431149	-1.64532108915743	0.352083461376083
K15581	1.98714222098953	0.195771223503502	0.0975518585004519	-1.27050581885275	0.344541983695876
K15582	2.0371172585643	0.508212183240206	0.320259312615604	-0.985455367097222	0.307213621230971
K15583	2.11295528794892	0.674234156134875	0.667690912709446	-0.569588083156907	0.304376857372176
K15584	-0.821855052455595	0.867504630807193	2.96916852377436	0.522897106280959	0.075757818313491
K15585	-1.13237808559768	1.53194883895233	0.566693643555851	1.12416921245161	-0.0644888412037972
K15586	-0.770140751346281	1.70990565848664	1.11483929537317	0.878515463939345	-0.254041190242219
K15587	-1.05945084904068	0.796975885155947	0.699826637730808	1.0718673287541	-0.0736401211300973
K15598	-0.94846175526016	-1.95794960426971	-0.831156035437374	-1.41960250152048	-0.0857997517863396
K15599	-1.4394075713002	-0.360252048250882	-0.00903941087344186	-1.47555165303644	0.00132821688259804
K15600	-1.04756377552383	-3.00079080032989	-0.657412668242245	-1.36564690185484	-0.157529836503613
K15633	2.86795772697098	0.849292252782138	0.575644890294285	-0.824699330458009	0.137364612909209
K15634	-0.984890445216825	-1.17600449490234	-0.700951953902035	1.3225325165898	-0.239544288238335
K15635	1.43410530771382	1.67722109389618	0.907792071328373	-0.323881942161881	-0.0696258228102807
K15669	0.0148263135112021	0.442642275813372	-2.61379112817266	-0.377930420765245	-0.492340488342393
K15722	-2.37225602482193	0.151257005158217	1.75273225687525	2.11683021174971	-0.34780295750295
K15723	-0.505357607349088	-1.43503340649292	-1.40640308476904	1.37048159228865	-0.463942227868188
K15724	-0.813710673793485	-0.370631839510648	-0.466191609873562	1.54806004153792	-0.316175444034684
K15725	2.23038281585343	1.01397094559983	-0.607805987372189	-0.893478128442132	-0.493725491670716
K15726	2.25071646358139	1.22584805322006	0.236389155016155	-0.143386560806596	-0.43989740124141
K15727	2.19188179160721	1.31360355449036	0.179092729912014	-0.230741101631486	-0.488989783434022
K15735	-1.03779433582657	-2.47488805222198	-0.587093790545254	2.13028894053999	-0.496320171264756
K15736	-1.75239966724746	-2.27069899010345	-0.525124093069821	2.07040129291121	-0.276696208847511
K15737	-0.76329182003372	-1.75630971359894	-1.98209633447149	1.64263020145003	-0.56393419018184
K15738	2.34133173610337	0.65174743962601	0.2314614751198	-1.12510880859342	0.115546749921691
K15770	0.751219526783297	-0.288189615484922	-0.0603425479672243	-2.0276233137935	0.483812766166579
K15771	0.50047303821213	-0.0907198147742436	0.0578623446457694	-1.80385752333101	0.512694733234298
K15772	0.78182463432915	-0.206038202521054	-0.40761967517355	-1.88961084497865	0.483042137714278
K15773	-1.47072695110672	-1.87886783051178	0.384687344060154	2.79027352916304	-0.725860221294511
K15777	-0.842822535976103	-0.967952813383786	-1.19141497231939	1.44140301333967	-0.31335529497062
K15827	-2.57986687038772	-1.55361124443695	0.0809448459007452	2.86900530444685	-0.39105404725467
K15828	-1.43904970501297	-2.03544231819793	-1.50546052075842	2.63402495967451	-0.60951284876262
K15829	-1.36349795673721	-0.411058272597043	-1.67565216638067	2.24061451541487	-0.482878161577332
K15830	-1.15043948505752	-1.87774893212005	-1.12700500108221	1.13992128955427	-0.100430933741677
K15831	-1.02918670986526	-2.65091248917267	-0.820440670027523	1.74883304225508	-0.376806719211686
K15832	-0.861955865367582	-1.2861203806369	-2.10678519822577	1.78279314624373	-0.39041773786937
K15833	-1.10857675884598	-0.971736993071286	-0.444376905932217	1.59798393832747	-0.333475699631322
K15834	-1.85602758739822	-0.382111872908323	1.29482732199213	2.08309398280684	-0.229826502485025
K15835	-1.35793493603103	-2.43141337799713	-1.81622578717688	2.06499896632735	-0.371467111615289
K15836	-0.704755409701994	-1.36650046276733	-2.21071662522772	1.46140919314925	-0.392301348952401
K15876	0.174697653309176	1.65206614566162	1.17560992620966	0.767285448184646	-0.229718821106303
K15921	-1.86189769123428	-1.10650440621063	-0.453866650833874	-1.25679377032217	0.539623277278793
K15922	-1.67027829502456	1.90918353629425	1.60360775373957	1.55778680430952	-0.163757285086263
K15923	2.71120311404831	1.5434170110257	0.619252482876987	-0.765361625084245	-0.0947477798739556
K15974	0.306076005951235	-1.30253323483154	-1.78046621896246	1.52900801288191	-0.714862359670747
K15977	0.951138080016444	1.67438009810761	0.928117076382847	0.0139093218952779	-0.103759421018708
K15984	-2.32894395206802	1.4586807830365	0.0842704945065687	0.162755471339858	0.555599885078323
K15986	1.32252097214825	0.707096372369082	0.559119681344242	-0.887606534489953	0.378234462829482
K15987	1.62521429444916	1.20324370694474	1.20990238569757	-0.933320629724824	0.0836842227896568
K16012	-0.888391240581205	-1.27846011089966	-0.936418493761807	0.737702113261855	0.00666131267155373
K16013	-0.514698012813261	-2.05153986382171	-1.19074740029791	0.820476871600783	-0.13028888961469
K16052	0.567112401977846	1.77420023513153	1.27330205820581	-0.726927685865724	-0.104369012621987
K16053	1.34488864328034	1.80945101809815	0.89040450237772	-0.186218637356126	-0.0424002539197091
K16055	0.426472977653811	1.83424929213837	-0.133585353865414	-0.477598506340348	0.0098812449892875
K16066	-1.09942649219864	-1.49300464558288	-1.99400653459051	1.50370154964033	-0.353242380527604
K16074	-0.690785630687406	-1.71353098320648	-2.12539448358038	1.48975477801863	-0.481062440184701
K16076	-0.693105085834196	-2.28974958824798	-1.77236153699377	2.56513248073164	-0.834863228706467
K16087	0.243036703125307	-1.00948437618896	-1.50370504476049	1.98754892932478	-0.759630544094193
K16088	-1.14963386867874	-1.3712193624942	-0.76163419105032	1.90367136584822	-0.431097744015801
K16089	2.66916693832047	1.64017215800598	0.683386425004215	-0.117675501236283	-0.0667115282097939
K16090	-1.38204429958694	-1.21933850216552	-1.77069081880072	1.96120105372969	-0.379652140645135
K16091	-0.560985787852934	-1.85096880364105	1.01009855650446	1.71980820285384	-0.369650309888471
K16092	-0.517259462817838	0.973826442483218	0.744280616269321	1.29858408557478	-0.258651275170792
K16135	-0.82703636501663	-0.627736117121427	0.0058859572567652	1.85653720485274	-0.503666235117066
K16136	-0.451369985088041	-1.00907608437225	-1.33315004922369	1.06329951869551	-0.550289018062699
K16137	-0.301896437152555	-1.62917372154876	-2.53377117730597	0.890463691821731	-0.371814860014069
K16138	-1.72405980442398	-0.533792282816617	-1.47973181821325	2.49653611766402	-0.457963718084443
K16139	-1.82983826015823	1.17356387210205	0.751548806653232	0.729856234660781	0.26377155074681
K16140	-1.11461232517593	-2.4312414782016	-1.83585705377081	1.87123356448714	-0.483308820036996
K16147	-1.80643819187515	-0.587094511267392	-0.311236818804531	-3.17160763157304	1.04189391622151
K16148	-1.75788091038101	-0.765469278570859	-0.686910649313717	-3.65413536442217	1.0179545451125
K16153	-1.7301311335408	2.51968673301056	2.84425983809015	-2.98967697037157	-0.151725647954095
K16169	-1.42509411190384	-1.79372497963592	-1.98080315209845	-1.92506124390062	0.789399342628371
K16209	-0.632816418155363	-0.837437118765561	-1.10365750409582	-3.10896803749498	0.90834136495198
K16210	-3.85446093891495	0.35376419556454	0.850744465813846	-2.0852422298282	0.933376746269118
K16211	2.07180906917221	0.782799993279727	0.121389912889213	-1.206944602856	0.0335321594199058
K16212	1.30559805120594	1.66167846751526	1.42710767172358	-0.566207963356339	0.101534830423247
K16213	0.736441627994845	1.8856587750943	1.62727103613398	-1.11437177363556	-0.0217581223527077
K16214	-2.92514870975845	0.923915777924807	0.761403719411106	0.471926671138442	0.0590247977694389
K16235	-0.921385749324491	-0.893018569227903	-0.582768698706417	-2.17551936520036	0.826067047210586
K16248	-0.133990868076017	1.69628873896912	0.700713495240421	-0.271876949199998	0.223541604371917
K16263	-1.58569215153091	-0.490498747107236	0.701930026040287	1.99107061015669	-0.319681262580502
K16264	0.298964873806307	0.283001497957261	0.00877712525507911	-1.38409711731371	0.394331233592879
K16291	-0.610577209933927	-0.937900151488035	-2.14038457490423	1.63621841060225	-0.512109203247178
K16301	-1.26524470661514	-0.083887215134351	-1.00797214127996	0.500362616649306	0.156753765436065
K16321	-2.87787507389419	-2.06516834664032	-1.40978576756933	0.993110042682326	0.0594191122969505
K16322	-0.544084771617582	-2.21230288910553	-1.44407274342993	1.55135713206831	-0.353788068501103
K16324	-1.23098610256546	-2.47140833305999	-0.547770401015072	1.65978751765791	-0.404850048927415
K16325	-1.24799297664993	-1.20611127781555	-1.76948728181341	1.98161445247237	-0.464470697549928
K16326	-1.74243925426834	-2.16778227257416	-1.57672919846991	2.27094541179243	-0.350148310867894
K16328	0.946189463988611	0.811043534997256	0.896584013924808	-0.553849774727189	0.222748326154601
K16329	-0.767687781795194	1.39823630881623	2.49329982183954	0.259668332210219	0.0808804501017448
K16345	1.32404604639179	1.47457269263581	0.565979281888218	0.0498339949757223	-0.0964899044314507
K16346	-0.702136620029142	-1.70042153763458	-0.907629331126003	1.40803466426436	-0.470025731233704
K16363	2.46951104785568	0.783264253857882	0.296278248057575	-1.14127262992557	0.00274165162647927
K16370	-1.87862513874405	-2.11544200348541	-1.52382673837164	2.2859273968846	-0.322018479911435
K16371	-0.670735462649992	2.58910134864167	1.79013476751825	0.655021053424514	0.050670908780944
K16509	-0.459115608676603	-0.348018850561826	-1.85053553201178	-0.936618405708634	0.305816249938857
K16511	0.571504966274569	0.290510152104647	-0.0703042946002771	-1.19693041903671	0.365526216121566
K16650	-2.04897163723343	-0.941401209112851	-3.33346762277105	-5.21244038952287	0.69768519887532
K16651	-3.29530833576553	0.576670293334277	-0.936415573134213	0.870835167041457	-0.132849460450757
K16692	-0.950693353160551	-0.769267584559171	-0.33338033176878	1.78960762607161	-0.40915815344249
K16693	-0.962527020915678	-1.53723081516906	-0.701717575564175	1.92244396792952	-0.441794021038163
K16695	-1.76394818638199	-0.828344072577207	-1.57623519517401	2.31402907954756	-0.340994520095933
K16698	-6.46292136524551	1.68568113875702	0.190903733000965	-0.854480791220033	1.34162099847401
K16703	-1.29720924709671	-1.46618744301483	-0.54762770749548	1.85564337359968	-0.340918054787267
K16704	-0.821893199428251	-1.30232628750488	-2.05219974137762	1.33911047565047	-0.476463897136796
K16710	-1.15865228985183	-0.285927082773893	0.680729726777286	1.31617770778242	-0.274839643372047
K16711	-1.3365969500386	-2.31922527718231	-0.119762306585102	2.05837832080427	-0.450500769523728
K16784	-1.61696933124893	-0.45810672211334	-0.309901585354595	-2.88562764538225	0.928202586265456
K16785	2.69269599105484	0.350156095448287	0.613107780442448	-1.20399577481445	0.368156211467635
K16786	1.8816498675502	0.259938568446191	0.446926663146229	-1.35350703013834	0.41122050771321
K16787	1.89859105731613	0.231569073732348	0.325998345837803	-1.26849355114397	0.413926379772079
K16788	-1.90299938534134	0.285276406082661	-1.03059019662359	0.326005202403701	0.284239904971969
K16789	0.562675551430056	0.971102152589114	0.893140772805424	-0.625957626232469	0.305152850242507
K16868	-1.04387901638382	0.0869325293333843	-0.285601695551663	0.388388019672072	0.180528448911559
K16881	-2.2609624705159	2.00327995848969	2.75638947866938	-3.72526802433428	0.285551326366317
K16898	0.86928863908417	0.573324654820712	0.509241292700977	-1.52022196663316	0.405528144927871
K16899	0.757640973583529	0.425028402927668	0.554789523110599	-1.61085473311838	0.482096152397048
K16923	-0.514317735179594	-2.1562158720462	-1.76641478158453	-2.69927801502641	0.692085938545119
K16924	-0.899203046306303	0.576654080870898	1.14981291674158	-0.0479657830088969	0.42085083016957
K16925	-1.53621791218155	-0.498464848276822	-0.840521415247708	-3.6811877669185	0.966150121780288
K16926	1.89051832343704	0.780392621281893	0.795105496869297	-0.819885838159883	0.18886892685498
K16927	-1.88703153942459	1.76216450763062	2.59153781317255	-1.76773728741106	0.331669585796249
K16957	-2.05634377811783	0.654676918509753	-2.00399174310186	0.765001755824721	0.0930901933630821
K16958	-1.85705874775284	0.281273604008706	-2.05782928086737	0.245679837337172	0.0454088021239158
K16959	-1.76213167522781	0.186856002184899	-0.307925870194225	0.875156861415542	-0.110945818928826
K16960	-2.10702179287308	0.833115194562228	0.818400362954349	0.578139763942397	0.156652824970138
K17073	-2.49516890858047	3.00388077330902	0.860427896008701	-0.508985716232621	0.0719414223154899
K17074	-2.57054494236343	2.949560914758	2.45176539801142	0.277701479068435	0.185887919755828
K17076	-0.755100830539396	1.19469216895417	1.45993373774073	-0.336967009434068	0.363464372249496
K17103	1.72860933925278	0.92650762629822	0.385554234013767	-1.31818102611002	0.136691020818603
K17195	-1.24181006763809	1.48763481211975	1.84945760153315	0.583234411349929	-0.158785259334195
K17213	-1.39510343883865	-2.4137694494693	-1.23744275189856	-3.81103696239885	0.618132369609725
K17218	-2.49030445431106	1.31138816905335	-0.11846644200304	-0.108455556759202	0.247302638383758
K17234	-1.38508818958633	0.397963647368701	0.533536890969486	-0.577391582855546	-0.0973608176985863
K17235	-0.606353624805143	0.43623792064503	0.507255772576542	-1.07693101031479	-0.222764018906105
K17236	-0.825432761653593	0.138214823427947	0.395890156254978	-1.33627011192735	-0.122524408606637
K17247	-1.05887435291641	-0.18909957575485	0.783028642163486	3.25755510913435	-0.816651744751084
K17318	1.56096859361298	0.473537777188571	0.517625550255985	-0.837229299673402	0.388288753124129
K17319	1.49169181372292	0.375690032366069	0.23245350502512	-0.897554668912255	0.405275957675826
K17320	1.50206033970482	0.588277105811389	0.304698655829639	-0.761248308548295	0.3649200368842
K17331	-2.36982272480362	-0.89745625424072	-0.883110424055844	-1.48104881061014	0.630509452911269
K17398	-2.53096507404678	2.12618890834168	3.00856123350641	-3.46570028675493	0.261039989086043
K17624	-2.20017693851822	-0.151065822121351	0.0049825520076464	-1.72935523403581	0.779362039657485
K17675	-1.3826083979451	1.87570229602173	0.870228687749119	-0.161940890678727	0.0673097837885734
K17680	1.11167999441988	2.18641666007355	1.0774239101269	-0.0774223984568949	-0.153700141219247
K17686	0.340891734615633	-0.256046231266706	0.347528020367832	-1.56828554285463	0.567614333721053
K17713	-1.13410423611038	-0.659596409079282	-0.475185056700497	2.09777103053633	-0.479422686604607
K17716	0.895544902340243	1.49789908957794	1.55795679472467	-0.0884239853709574	0.195365713926208
K17722	-0.947329982265165	-2.7448069708316	-2.09439649201849	1.58795772182051	-0.348500369099725
K17723	-1.82689021442764	1.31582227778748	0.458771685586185	1.49810658084456	-0.0213449876586083
K17733	-0.842895492061308	0.299606834176333	3.08024368666193	-1.59055151356157	-1.5127033423463
K17734	-4.20937655781143	1.87915185523346	1.21534011744043	-0.555304068455064	0.853214578719985
K17758	-1.65955923412674	-1.50462755131408	-1.60791470624426	-1.58319546593126	0.730295853706252
K17759	0.1475863614238	-0.0131441311804936	0.83788381002924	-1.93663467777666	0.438315408321273
K17810	-1.18506716106766	-0.920221652266233	-1.28025688745001	-2.59231974495348	0.884928541274917
K17828	2.57226277972824	0.614877138856204	0.631143490300388	-1.03691120011505	0.273996191116225
K17836	1.48930011774666	1.0831617457898	0.465764085278721	-0.645588147768342	0.173770146461379
K17938	-1.1853096327626	-1.43162831234619	-1.85803677655676	2.03641830073897	-0.42890408447181
K17948	-0.356698139651945	-2.80855556893036	-2.20797433473089	1.97878537761275	-0.619435442594636
K17992	-1.35510681484573	1.13927653861359	0.360135296807499	-0.547396379837358	-0.0123435538092736
K18011	-1.46256492946975	1.83784345221833	2.1960054435589	-0.337982851394975	-0.0972039531746987
K18012	-1.83866141651504	2.05387214255646	2.09230146788141	-0.435208398231828	-0.0780349056998376
K18013	-1.69669912670486	1.95202902388886	2.03696177385828	-0.590344327816331	-0.0255374889651421
K18014	-1.62503383968704	1.93851677012757	2.82031736753962	-0.163092810043656	0.021546380611312
K18015	-1.09424303387039	-0.571888949152677	-1.79414643861273	2.22517452823225	-0.536015821603883
K18094	-1.0133559546315	0.953407142880709	2.65956554792902	-1.84196593178209	-1.12224291077052
K18095	-0.937067016109159	0.911740635159762	2.92073283575556	-1.79436613930162	-1.20496617069637
K18120	-2.83890078876846	2.16688159537628	2.3575204410412	-2.4167549790233	-0.0963050406256798
K18138	1.62787579084999	1.6173642022641	1.05637703321955	0.002108555904067	-0.106398446468461
K18139	1.1521476590193	1.6870093686612	1.10364303968927	-0.183485406765306	-0.123177831975568
K18140	-0.987915500148466	-1.59802361893341	-1.992152830138	1.87688027011458	-0.424691600708115
K18141	-0.857462628825834	-1.48074993061706	-1.9702428779743	1.51000104533736	-0.504057152179826
K18142	-0.63869784687393	-1.35528429913208	-0.883767326845913	1.7320030747563	-0.512487186102021
K18148	-0.629978283389738	-2.58696147370025	-2.00678648568609	1.40454469310347	-0.630385650304902
K18197	1.49114720608361	1.47264197898224	0.0399377164252709	-0.410285371670091	-0.105944005755532
K18205	-2.6359395823323	0.282470409396441	0.0885883779086779	-1.45613517177995	0.766927914710891
K18206	-2.61399696682327	-0.287588502642362	-0.666940649523525	-1.17008944539126	0.693066494556319
K18214	-1.45676301334732	1.72878495288208	3.23383388899347	1.81254158603255	0.0562282074412223
K18220	1.9173731961406	1.65980354380921	1.46639452360651	0.563592415919936	0.261794524284255
K18231	-1.73314736698501	-2.47170111107513	-1.39704241372564	-1.94606526506838	0.845616536231887
K18234	0.0730921187556479	1.51502815318421	1.06539223574182	-0.885907429584825	0.0401331354102012
K18285	-2.44918320988052	2.72230175566986	2.06900248907587	-2.33575238598283	-0.265200911072839
K18320	-0.398021563037565	-0.709617401835172	0.327060321793766	2.02783618556563	-0.111101431755174
K18324	-1.04470299099319	-1.31202837395355	-1.97950925446966	1.65320621120039	-0.39234302750026
K18326	-2.13712595318191	-1.83727713989898	-1.29509117223242	2.4072845994145	-0.393967686204064
K18330	-0.186315520747831	2.38061026168183	1.33640299223444	-0.409594017395341	0.00718419441784585
K18331	0.00577975894577243	2.0296093566449	1.55327616117975	-0.53047044886049	-0.0822518300095681
K18332	0.434400514618227	2.0447289092572	0.84425268553278	-0.617097693809831	-0.201554836688388
K18334	-3.64687941883438	0.939709995511325	1.13289878748438	-1.16722224963602	0.762855725379836
K18349	0.00558175231582858	1.60636321139649	1.15978572748682	0.362875681987441	0.196463363262069
K18350	-0.301802619441679	1.49324730468109	0.702339986787052	0.409985166659987	0.185302155109298
K18369	1.55185179497368	0.878933285001071	0.722852686867924	-0.599436539539659	0.305422561260116
K18430	-2.26938103054397	0.76708779168442	0.132983955071182	0.0333107529789571	0.330758707614791
K18446	-0.394625648006132	-1.29050954746887	0.479371289239139	1.47721276866499	-0.542996985820878
K18471	1.15682035769589	0.825139675858767	0.701569835171909	-0.645820486673677	0.247603552432906
K18474	-1.84280060146683	0.287552152398379	-1.83936121083715	-0.0463442982524271	0.321572558971297
K18475	0.202900425449679	1.28661957812622	1.63325832270166	-0.854330527910554	0.177941696735274
K18476	-3.49617789600723	-1.47001978325531	1.86701760672113	-0.0555033863871928	-0.0516809504309777
K18478	-1.69925068233841	-1.94141980576202	-1.41140343762854	2.76243386851851	-0.541618956235993
K18479	-1.08337114666336	-1.3890496151416	-0.618280669226437	0.768077951541579	-0.422741470841515
K18530	-2.73129080150955	-1.86257239746734	-1.26814272023657	2.62915955173079	-0.114416820911515
K18531	-2.57148621891372	-1.91898890900299	-1.32194282628515	2.46883640872542	-0.145940406231034
K18554	-1.01054237697952	0.853692744496615	2.80720506094477	-1.76895822895464	-1.19902591219341
K18581	2.01322950507767	0.662556712153704	0.0326030612744997	-0.481683570274674	-0.00298520734702384
K18640	0.503107086674044	1.75344661307648	1.04470918558619	0.186561566463149	0.2938671279868
K18657	-0.413398130878141	-1.78742143082306	-2.41410173989752	0.770166498294509	-0.401750756410706
K18672	1.14012332345612	0.658860866549762	0.714268306718082	-0.921117755898797	0.377965109439742
K18682	2.82146777297623	0.703046504977496	0.78054908894083	-1.03085701478418	0.178840057941329
K18691	1.26896520789034	1.64169136119202	0.781210223660679	-0.152982312568986	-0.0591936986724023
K18692	-1.2628722033345	-1.77241286205932	-2.89518322564581	-1.8189259351581	0.751883583160293
K18697	-1.79538009975784	-0.638735617872922	-0.486863096728115	1.76475892650191	-0.267709096876729
K18702	-1.1426534495198	-1.71480330395385	-2.44174851991156	0.512039047351516	-0.0163381974974755
K18704	-1.27243302677505	1.24314752650574	1.82280764959833	-2.47831763637956	0.55912740716542
K18707	2.26425279761917	1.02687570882157	0.814296940789432	-0.832474488148057	0.175423758121383
K18765	-0.977164014323881	-2.69222256111786	-2.0515200100086	1.77548776256148	-0.371956920234311
K18778	-0.419414027675321	-1.53619607853576	-2.3292790851734	1.30964694606367	-0.464270738867867
K18785	1.76420374299652	1.34040227961853	1.33618126295588	-0.604537445434892	0.0709123481234428
K18800	-0.46950827453964	-1.22548254894897	-0.462288876547604	1.50148115741316	-0.458316130546677
K18816	-0.870112164958647	1.06806347203568	0.377171496377201	-1.52941252602037	-0.0581123065034035
K18817	-3.71983884189956	1.01209941935852	1.44919238470575	-2.19334723366197	0.0194050241431113
K18824	-0.0410249075733926	0.289917786243708	0.589517394528599	-0.391483265289628	0.0790874529799339
K18828	-2.06973956440323	1.40697518420532	-1.78704990960577	-0.0351488770335551	-0.0305395703593377
K18829	-1.93459509228103	-1.28283580708191	-1.97173585511663	-0.551115709671342	0.0169452596625205
K18830	-2.14604233120315	0.352236662629397	-1.30956151105383	1.81164513217512	-0.376802353171456
K18831	-0.592568143352201	1.66879144740418	1.07278237722895	0.601492148509658	-0.0145148169079903
K18837	-0.251925571902921	-1.20075484680816	-1.81342651463964	2.02320943461958	-0.458384899405587
K18838	-0.728584273799589	-0.523742462870328	-0.164509793295651	2.92545567142073	-0.586751891283143
K18840	-0.744670136912992	-0.771874453303067	-1.66836037255743	2.7224381981999	-0.930024547485459
K18841	-0.734725459560087	-0.139703150269239	-1.69396867372015	2.19220457660261	-0.911385817436326
K18842	-1.89970634792679	0.412424807074816	-1.45744802571753	2.14362059222761	-0.386440915969956
K18843	-1.61707375858658	-1.21390136646911	-1.62363590814093	1.17029080974165	-0.37416940739547
K18850	-0.598306640132597	-0.875309910055845	-0.998862405791073	1.17446408855025	-0.39373223295604
K18862	-0.351825936778715	-0.179679717299192	0.701468149647922	2.13273153888289	-0.518233044056046
K18887	-1.13427685116165	-0.26652860212013	-0.835767885222225	-0.677119273075425	0.32092167625035
K18888	-1.30724023197525	-0.206227298256604	-0.830898006930142	-0.425342100986802	0.337452488037002
K18889	0.211715892807314	-0.974072183844297	-1.24370636559942	-1.86617924583849	0.551757114025008
K18890	0.910577640787432	0.663749162677081	0.839212337956638	-0.528441983589494	0.258278565498244
K18891	-2.35004947994583	-4.05059453415558	-4.18018259622076	-3.25105299366411	1.08115752229298
K18892	-2.3154525599324	-3.86291428970978	-4.16683258630255	-3.18827595127519	1.06659086236562
K18898	-1.15926740978592	-1.24511786865875	-1.09174837686041	1.9839504777104	-0.349873458949674
K18899	-1.65261028622024	-2.07761141228363	-1.51626994229773	2.4732893525273	-0.462154177931893
K18907	-3.80347750995987	0.242184623713942	0.627797106728763	-2.96215536011156	1.05232007989491
K18918	-3.17414449070328	0.660011951449664	2.65977654837152	0.52167604552809	0.401337223144424
K18919	-0.546047314151457	-0.313010777708738	0.399154792056293	2.76974545108382	-1.08629129639064
K18920	0.0361427226222251	-2.15047427582428	-2.41590394593695	1.6228607712895	-0.690142048505891
K18921	-0.947715266688993	-2.33479401039764	-0.242940565123348	1.9035028039128	-0.668753368763078
K18922	-0.588201149448087	-0.214402641531675	-1.93059184171179	3.23804627048079	-0.751775486377824
K18926	-2.58610032413833	-1.31708415913269	-2.59629525758245	-3.16671838177141	1.03320749291981
K18928	1.3207570173896	1.46223751139954	0.3886258699753	0.302580338588393	-0.129519669322122
K18929	1.90376611138947	0.961599324467929	-0.0135389357052137	-0.322486120590531	-0.063378659991372
K18930	-1.06843183849685	2.31993177962616	2.21917734526178	1.20715175258223	-0.0159267317334298
K18955	-1.56947253559463	0.00395840835884359	-0.818777760042935	-2.49531056297716	0.871666746230972
K18968	-1.84922765110367	-2.14726683067962	-1.5500289402149	2.2455791054875	-0.313702350465405
K18979	0.488825456157992	1.13217327428177	1.29507348917505	0.600470167270339	-0.106823248771775
K18988	-1.22180221889847	-1.73430165218994	-0.900779922976284	1.54784093486372	-0.358945002762425
K18997	-1.73754857395523	0.00825365317180898	-1.63073434449652	1.90115223514143	-0.308136453835118
K19000	-0.369786604388883	-2.77513262200042	-0.350587030424862	1.68454156505171	-0.63338221421634
K19002	-1.22962640140884	-1.76813467907593	-2.17116131402472	-1.99124838722643	0.767406897636306
K19005	-0.418688281520536	-1.85980364250824	-1.44802190877417	-2.31124700916704	0.721410231681716
K19046	-1.06341169689529	0.451384489062579	1.13775406263849	-0.698690492042863	0.495585994811904
K19048	-1.4343023142659	-2.22089477944061	-0.280100872292309	2.49982367145125	-0.473730189708817
K19049	0.565722064033816	0.809577439549716	0.762059847340793	0.300642233958877	-0.470599262026894
K19050	0.0324636855281089	1.62882212233856	1.09803626917383	-0.950287941226327	-0.197221526859153
K19052	0.819717452780077	1.34413138461426	0.836921195016117	-0.8558216573089	-0.232635417936194
K19055	-0.455119355662992	1.45806292128876	1.38571582220575	-0.0700643242686625	0.309304969402206
K19068	0.212195412174532	1.34676197600678	1.3814394273617	0.0126569090992574	0.284891145320785
K19075	-2.71224377964371	-1.86289473938629	-3.72864617921331	-3.40453757656511	1.02909846791829
K19088	-3.18422482822769	-4.83753653931305	-3.57332434274176	-5.7808507860988	1.09992023000325
K19090	-2.91363833759659	-1.667990531203	-3.67343916512945	-4.42354549778398	1.06316562184895
K19091	-1.18867824886673	-1.42397114205047	-2.94497718430975	-4.87449612034258	0.638080256076705
K19092	-2.6019265494191	1.17908373904541	2.0359735288479	0.291144710651076	0.278136806579482
K19117	0.840468034998247	1.97102347445801	1.17826245211145	-0.626148539909684	-0.0654303263703469
K19118	1.23055475662715	1.65360644889191	1.55053446672937	-1.14353543458279	-0.0260146539488915
K19119	0.485608235851595	2.03047743869141	1.49421904467127	-0.449522096046769	0.000534268113028646
K19123	-2.22926996563308	1.09218720031098	1.7431930103161	-0.668774324783647	0.545888381095779
K19124	-0.870331033214262	0.430245791199954	1.23383579634211	-0.981504309305512	0.487187819572341
K19125	-1.61186812733047	0.67415583563164	1.29497788332483	-0.566028016933763	0.459964292140853
K19126	-1.26259706829422	0.671274517300875	1.18456123255274	-0.786258953937852	0.469994621368301
K19138	-1.3032626948201	0.167050116333516	-1.55555154897192	-2.89275981796678	0.533370153995406
K19139	-1.94866607998245	0.430659596446307	-1.90983011342505	-2.61965956104692	0.694654302688491
K19140	-2.14902089451187	0.578346167329104	-1.43309309102514	-2.40175046337541	0.724849300475967
K19147	-1.97982643459671	0.212880988243373	-0.955107708945065	-1.86328812254366	0.331635551544082
K19155	-1.29590152119034	-2.35041400360748	-1.75625409699896	2.08177862750593	-0.447007892636407
K19156	-1.1011462054097	-0.915930117842405	-1.76673676587561	2.20894251452986	-0.565881026891816
K19157	1.38483668948776	1.97334114146546	1.92056701563379	0.40631960021559	0.258304910751235
K19158	0.329530254856417	1.74415973258332	2.99990759275934	1.06086788760725	-0.178913077322591
K19159	-0.682150705798795	-1.07078119682953	-0.370420148148327	-0.124882120022141	0.142512189241302
K19160	-2.45632837627762	-0.268032039877622	-1.22085024930456	2.5878711758763	-0.288544496504414
K19161	-1.977669223293	-1.77147230076477	-1.26130261041143	3.00661287890974	-0.5278423260728
K19162	-1.02333758686416	-2.5803200857608	-1.96164860345343	1.66893635379378	-0.432074962166894
K19163	-1.51682780598038	-0.987689699408262	0.695607880578251	1.48528323756758	-0.40840475073253
K19165	-1.67922614429825	-0.265488650080411	-1.10603441812017	0.509312730899489	0.0141031313856956
K19166	-1.48408006046646	2.26886061263397	1.92214391611597	1.18484006511275	-0.125258987752545
K19167	-1.28217099521988	1.79594460559204	2.03390489004633	-1.87787784946855	0.200205521675002
K19168	-1.25950907085769	-1.59667214321777	0.363369713053913	1.66080055820051	-0.354279896227467
K19171	-0.918543561443022	-1.52642389702484	-0.337832470907955	-0.0981143893092509	0.0144989658316489
K19221	0.476137594238589	0.951428268674166	1.26536176584742	-0.797145563492143	0.288142280670058
K19222	-0.965309127315214	-1.80956503319427	0.0270694293834875	1.20348415957991	-0.356427339820016
K19225	0.323746339336703	-0.494206573244779	-0.895699282660275	-2.06717659843858	0.292001919837844
K19226	-0.72665475223892	-1.30959519314453	-0.449347575678616	1.40716467486922	-0.476033655909646
K19227	-0.992376073344877	-1.11835285591766	-0.999880929960995	1.67247591601912	-0.429365245608437
K19228	-1.27971409176224	-0.98073753285095	-1.90987076379278	1.44350014316145	-0.323783664015878
K19229	-0.359287723048856	-1.40608843731567	-0.520853837504177	1.19085369693342	-0.431247604993928
K19230	-0.914342864497831	-0.974841441389768	-0.394722571148663	1.89297257052962	-0.508756948618043
K19234	-1.33900950764053	-1.02391549515411	-1.69551338769415	2.22652111636702	-0.476218221692193
K19235	-1.84451769207351	-0.460189069983213	0.290277654752941	2.29644499408308	-0.342376774160016
K19236	-1.15540788982742	-1.60946198868438	-1.94524838544348	1.75567947017256	-0.360567724315274
K19238	-1.7687897524678	0.486547981026919	-1.40340437509039	2.62898455249373	-0.510030193237412
K19265	2.15338964845307	0.701141153100283	0.39759455107233	-1.6248506487697	0.246307211013686
K19267	-0.756321891292265	-1.00539215969726	0.0408877893172811	0.917026859393752	-0.212167503295291
K19270	-0.406089886172941	-3.10873457359955	-1.13351215936163	1.59474502193037	-0.386791123060334
K19271	1.88508774425156	1.62045005393341	0.388456711993427	-0.347311276325547	-0.122198326496232
K19273	-3.83769582126968	0.742876027348788	2.26839385412714	0.0346725999027853	0.285299437137496
K19286	-3.1545421919667	2.48431471419647	0.511903385148258	-1.47350310100015	0.279860274883163
K19294	-0.0109227738224771	1.3375128848584	1.94624970339319	-2.12631477726396	0.348283069225204
K19299	-0.731493814929655	3.25561121535614	2.69745407484552	-0.383787948021256	-0.360853059200395
K19302	1.39511951889164	1.11325338912323	0.942957500443668	-1.04393997354206	0.170360254140746
K19303	-2.31587766025894	-0.102497036930768	-1.09961475945929	3.05019054996077	-0.492240829376328
K19304	-0.85698865269058	-1.44962760376617	-2.04177822686651	1.68085394488875	-0.454438043741334
K19309	0.0438786902583335	2.51515177321747	2.12705335997126	0.452746015659011	0.129923777671706
K19310	-0.522800191386869	2.51916435790375	2.67968473814508	1.15155397044722	0.135376708598983
K19333	-1.33145569179886	-2.32911821770355	-1.7341588935993	1.60898409473006	-0.437871573475945
K19334	-1.5192472777211	-0.394145216223447	-1.72840752221563	2.17981587039534	-0.341989045945752
K19335	-1.10286734913223	-0.841813649412839	-1.62327959157446	2.94557772265974	-0.711890859512437
K19336	-0.85728071544998	-1.15771194863006	-1.92178525544622	1.88443360911909	-0.559118641523469
K19337	-2.16084287975662	-1.96851011681244	-1.39101292706945	2.50838075267378	-0.292591841874469
K19338	-0.697787030681303	-1.7992503302066	-2.00966944314459	1.90592966662947	-0.588924271968949
K19350	-0.932953818782499	0.635588888648303	-2.85056128121832	0.328585129848159	0.120976554246795
K19353	-1.6251289687001	0.320955154124053	-0.548335989489346	1.7052913724095	-0.197997787950385
K19354	-1.21680782650345	-1.84842845368072	0.0410352097646008	1.94339905368391	-0.278894722444761
K19355	1.24768500115044	1.27921477389649	0.827041188702793	-1.49421097649034	-0.1839160751382
K19405	-0.0162015995823648	0.592724685195239	1.69922349833033	-0.658200609812104	-0.401634884981263
K19411	0.100417152897188	0.569040123942645	1.37095914267084	-1.5498398424476	-0.457810578850854
K19416	-1.44746492718094	-1.38708015846893	0.215747008547993	1.93733058559004	-0.320621890930283
K19429	1.67090047980911	0.92642936539963	-3.7631854019306	-4.40698851955827	-0.585803611187089
K19504	-3.00084470127456	1.74727645945862	1.83226142309687	1.15604768382613	0.0949487257918235
K19506	-1.56857250545852	1.39386251998261	0.266572589502544	-0.974733042845094	0.221334712596786
K19507	-2.88055394504898	2.59432724547699	0.699241677746982	0.146521431079543	0.294517176242721
K19508	-2.3677580199086	2.3265083177121	1.73024425886652	0.146091920009292	0.117697106691253
K19509	-3.09864018772476	2.40442875457123	1.27635012053034	1.01092157947127	0.495473044010055
K19510	-1.37136505459183	1.44273713660553	0.870428244099827	-0.313980180153214	0.200706915946853
K19540	-1.7859799704396	-0.100971903082578	0.101932472065897	2.1506792126805	-0.322041532007802
K19545	0.713469461456606	1.42418495250061	0.997982541547031	0.117852192989028	0.0777930785139915
K19577	-1.24995611523025	-0.920391167875974	-0.552823444380551	-0.075680750736558	0.0697925854643699
K19591	-0.641352041705778	-0.416861142393796	-0.975160141958981	2.00462303744856	-0.541261626390565
K19611	-0.0945938668095376	-0.850738014456479	-0.762570043577938	1.69969640361372	-0.509438855556596
K19688	-1.01136611317032	-0.187824930426328	-1.64227285005072	2.24352584468428	-0.77222983351146
K19689	-0.471935137256315	-1.83339878487274	-0.942266663088589	-2.71439268005785	0.791604595275771
K19709	-1.46587084148758	-0.330840493914335	-1.75702907659033	1.92111549960676	-0.356009980646718
K19710	-2.80146787975662	-0.582317020174711	-0.529602607264309	-1.04798277033266	0.694487767310989
K19745	-1.06868766163223	-1.06000145840332	-0.660804053320675	1.24963913547102	-0.352104945091355
K19775	-1.15512154911392	0.155011844459327	-0.435712983383923	2.24851499187056	-0.501430584100831
K19776	-0.961847527965238	-0.867749418493955	-0.641040225996761	2.13817535029951	-0.407738445309747
K19777	-1.732063754543	-1.50188228058502	-1.09079291440466	3.51797209369246	-0.920092089084733
K19778	-0.782075150951078	-2.08711286949798	0.0953176081933687	1.30982385264937	-0.432730255631554
K19784	-1.80061863277786	-0.00147884654685709	-2.02796282388189	1.32744894610945	-0.000383598713028788
K19789	0.903179571882555	-0.685444976565091	-1.24432732678869	-0.34044815910753	-0.185013664869416
K19802	1.21297239410944	1.28371337485626	1.13430390738031	-0.00590171230729775	0.123530851693999
K19803	-1.54778669689529	-2.22530504631683	-1.6354701719425	2.18763313876692	-0.403357265500176
K19804	-0.959308846934965	-1.20238837170288	-0.804976840986996	2.02833829509321	-0.496283961443055
K19810	-0.0666904291950967	-1.47223624157593	-0.856922944559841	1.21325383769575	-0.465876502899278
K19883	-1.24332116459244	-2.58097931313202	2.01589892290613	1.25851569758955	-0.318609742430795
K19955	0.0601740040934775	1.86002687049225	1.7331502237179	-0.827184754738175	0.203896151872527
K19956	-0.788484915240934	-0.249106760498731	1.19150743864557	-0.130226332077348	0.365933435054671
K19971	-1.09754322384231	-0.473628069636075	-2.56744374848822	0.220471006503737	0.0291062761267539
K19972	-1.5936348280751	-0.482300068613736	-0.574050267710476	0.509059411159194	0.0158562231978294
K19997	0.923730895773241	0.958735023263247	0.590720931515903	0.697786670795119	-0.14761163851415
K20038	-2.9659116110646	0.14489441049412	-0.145928626432209	-3.19121994388994	0.267992394061935
K20073	-2.62979315136307	0.188267835053952	-0.897705634608059	-0.443951863178575	0.426782445999038
K20074	1.44525687481529	0.48641968202904	0.343766818270893	-2.0003383935779	0.497562306018722
K20112	-3.08618663166397	-0.233261610743253	-0.841501673235684	-0.0632744015544291	0.513155536743056
K20113	-1.34309504841202	-1.36611076759979	-1.03101744271734	-0.707806903251969	-0.024308932928193
K20265	1.62854681994087	1.14337429833725	0.647385875210972	-1.23473692251142	0.10426272639836
K20342	-0.955463870509794	-0.187673236605375	-1.15039207555273	-0.591667252907121	0.26295675525273
K20344	1.79707963849671	1.08279064727143	0.162274795100899	-1.12515638055053	0.0295787025412437
K20345	1.73184599067337	1.09399494958237	0.160674723313064	-1.4798263193458	0.0010618884285804
K20373	-0.916258080943754	-0.6296963946788	-1.10341872788885	0.734547239413894	0.00910659322346413
K20391	-1.72374389980667	0.589480732205661	0.968671182618351	1.49368820773665	0.363180117698562
K20429	-0.389091952785185	1.80619398188904	0.524241963849277	0.512482267490066	0.0645169485529777
K20444	1.52347116257317	0.942304108861239	0.728362003789158	-1.0053388209432	0.288567261787307
K20459	0.112237588421175	1.0452348930867	1.03100691221735	-0.0598617972224589	0.384975569339645
K20460	0.0463885226405356	1.03550652098969	0.795097450242252	-0.223510223755204	0.372558074088943
K20461	0.0754511513865683	1.21695182156876	0.889540354237766	-0.277873414882981	0.30832322129811
K20483	-5.57273696277969	0.648620311740191	-1.80781485654333	-2.58635081661638	1.08486075887288
K20487	1.07664744640953	0.811052416089328	0.709442655072422	-0.924619081744515	0.457593159767043
K20488	0.787850872532198	1.12227878403977	0.85822163008234	-0.365075367817246	0.514691608043563
K20490	0.406245068565676	0.966292355778964	1.09654591463587	-1.00678321284946	0.516078548522842
K20491	0.474552229896853	0.973354492905886	0.8261318602421	-1.07071468917426	0.496928172202956
K20492	-0.253659232600858	1.39564767909363	1.27038000010035	-0.911130431422555	0.444960312934768
K20534	1.03024399365551	1.67644957137421	1.12562618635675	-0.467558997997605	0.0175975132902976
K20541	-0.351888879283598	-1.15163239407226	-1.25625552751043	1.67904816257063	-0.559997392801392
K20542	0.0387784400141928	-1.48501321243927	-2.40318073846319	1.44399366962019	-0.705282581953156
K20543	-0.954177602275541	-1.02148112225219	-1.15466692067602	1.59512220012251	-0.306966608373273
K20765	-0.303627594455412	-0.758437897440641	0.241656849608631	-2.18679179562029	0.146180557104003
K20814	-1.65300820682876	-0.65126564669296	-0.438982715382366	-3.18054189098772	0.986379580589187
K20861	-0.86014388416641	-3.06877418923065	-1.37427606202581	0.808595877757705	-0.191932821629393
K20862	-0.100756271823576	-1.08797809052154	-1.03706504918554	1.087089639774	-0.442831275967706
K20866	0.602135972038576	2.04563072753266	1.06451712034723	0.244428497424758	-0.0567929874936227
K20881	-0.458385213359525	-1.41067632603332	-0.2633436820648	1.51096354114119	-0.45563535204326
K20885	-0.956466897472074	1.56800249648407	2.35530338667414	-3.04914869678911	-0.357418818382371
K20903	-1.08014367435806	1.2729559285672	2.14110050581476	-0.195140856632554	0.0334065128287193
K20904	-1.36313079212539	0.993346844437869	1.2145715751507	-0.899411502608621	-0.105276269821275
K20976	-3.43800185535782	1.11543921065644	-0.0631062439821054	0.432822686305678	0.29243959674443
K21011	-1.05013464306228	-0.123311753746717	0.159023674652786	-2.08759148729738	0.620709436031234
K21012	-1.65917728756302	-0.00328386890575144	-0.233373870625286	-2.25594224346575	0.655951933952224
K21021	-1.62578247402542	-2.1811604158847	-1.59519936658361	2.02339802371565	-0.393816200999368
K21028	0.179476396099398	-2.34943982529327	-0.795495410933285	0.689718466869033	-0.476814148930657
K21029	1.11735421504147	1.50364473891571	0.417816022858829	0.0791652022511129	-0.177896222082723
K21030	-1.75364659641617	2.16761222911194	2.7352481880047	-1.52322368634638	0.266914742084396
K21063	0.682010547176668	1.73325220179871	0.0821686857201765	-0.619786340126359	-0.0372373442927483
K21064	-1.19779990528457	-1.4985956804721	-2.59819950677374	-1.98399670732912	0.691900687309158
K21065	1.49209283377297	0.823675070527346	-0.0354894227526476	-0.881220701464974	-0.375318048504937
K21071	2.54816557551987	1.11694589686707	1.1071165599682	-0.618240702280366	0.231151299568069
K21084	-1.1489224276387	-2.43085190224334	-1.83297171212652	1.94531260119978	-0.469136280922044
K21085	-0.44784627769821	-1.64991625713989	-1.06518663979986	1.64997921573225	-0.598172379640687
K21086	-0.55651794288986	-1.06417008804962	-1.74900104619482	1.37482510196272	-0.347779011336911
K21087	-1.25914429043167	-2.42327591347381	0.192267934308262	1.85979185687605	-0.417916817573655
K21088	-1.0027940115773	-1.73939916062042	-0.478599091543942	1.71325431453291	-0.455377666262734
K21089	-1.82334159229629	-2.01365729736969	-1.45307006455877	2.4932335435063	-0.422596631554711
K21090	-1.49368069980972	-2.24829789566681	-1.65966643907049	2.21700630771223	-0.418938426283944
K21132	0.930106536403963	0.823754046681674	-1.05870117761114	-0.324357110390031	-0.729534758237946
K21140	-1.09716533039444	1.97145560813263	2.58368740461847	-1.10186861766275	0.163257019611251
K21279	-1.71625660274856	2.45833662581757	1.26560006521723	1.15296803103987	-0.418781025318253
K21364	0.353818015114138	1.52764097285584	-0.631691118254452	-0.832831847795808	-0.021129338053811
K21393	-2.02993486736648	-1.83523270058319	-1.3031240902088	2.56288252460066	-0.449089406041253
K21394	-1.17960904453628	0.749056850198062	-0.0558514273903658	1.96674166308943	-0.365561043826688
K21395	-1.14383052204483	-2.41514130997345	-1.8214733801029	2.42519269572798	-0.478387234715569
K21397	-1.32005141590469	-0.919210280653684	-1.14243652440527	0.792982560268081	-0.109085930494416
K21416	-4.23672650669449	0.425760541680606	0.641551653371067	-1.63246967209276	0.990541534515273
K21417	-4.24259017322891	0.350049567046912	1.12634275339624	-1.89487405432161	1.01818211564625
K21430	-1.12652610157364	-2.55399843620941	-1.92908086396673	1.88162146197859	-0.392293078807938
K21449	0.885366544977495	1.58535817694977	-0.632140418066769	-0.186994928249681	-0.340222356824029
K21467	-1.49610875461929	1.88557282519654	0.653844515309543	0.824576717487014	0.428290562721145
K21469	-0.658468945964506	0.310377058211119	1.12196824930689	-1.41606454862055	0.25087665209378
K21470	-0.43711732242935	1.55211237502411	0.921831110940189	0.993817907443679	-0.348527742532838
K21471	1.009725780145	0.589510415318759	0.893673221097202	-1.61695631159242	0.491158025356185
K21472	0.0878713288462851	-0.0133475767342732	1.21728382490656	-0.821546006330812	-0.224428085593331
K21495	-2.89287303303116	-0.227238799807279	-0.688404401316433	-1.424155342707	0.66333152541722
K21498	1.08809908564455	1.18277189565018	-0.247047772183209	-0.411701101192796	-0.374267069605935
K21511	-0.783301099284818	-1.01610037254974	0.633858899102421	2.49439392673079	-0.695331050066102
K21512	-0.20527373169296	-2.56435414719269	-0.339420636667996	2.4410456238896	-0.917631192115891
K21556	1.27220308120615	1.65066627097443	0.377294967398853	-0.389542240032517	-0.022761685756791
K21557	0.782647744671175	1.60643938613251	-0.189387341513424	-0.507823425659501	-0.0658096503296975
K21562	-3.02692674015396	-2.21009084152862	-2.69856872178534	-0.238029915222489	0.736712651344192
K21567	-1.44308827732437	-1.83644434380218	-1.89314927674749	-1.94351001394685	0.827857809158218
K21571	2.90065087463028	1.25809219909027	-0.179882397427349	-1.44590433252748	-0.348819514719594
K21572	5.51992489482529	1.39225450587586	0.045576415017791	-0.52040089977678	-0.172651221958745
K21573	2.60525907661087	1.0661391360791	-0.673946102633267	-1.5555626334041	-0.343956893293012
K21574	2.49698998119004	0.888365958455355	0.00599563725373252	-0.908571961650216	-0.0771239381114129
K21575	1.94330503131516	1.10897991490677	0.308290074095936	-0.802847194799745	-0.0513129215518121
K21600	0.841790811077425	1.09032097888306	1.43825993917963	-1.06275704068836	0.3184112478217
K21602	-1.03293941830032	-2.54516693520233	-1.93182863809088	1.99438915835921	-0.445378018526185
K21613	-1.5292205653035	-1.35637589859649	-2.1540659866474	-0.96730505240854	-0.0360697638074044
K21636	2.97739400054581	0.597129200223239	0.750088254437656	-1.13337980521616	0.280331389995467
K21637	-1.07479809139602	-1.3625249521701	-1.81321670629004	1.9891298829228	-0.535099668411362
K21638	-1.09113381718033	-0.212903674122541	-1.70640935517767	2.73641667949263	-0.634171439317811
K21645	-1.25772784565323	-0.93243476319	0.0289838467546414	1.8572631894261	-0.385399891046632
K21672	-1.81884597156875	-0.095184023853986	-0.492633243574886	-1.55868672145303	0.530503945442092
K21681	1.78185977126724	1.17551801038101	-1.52033521748999	-1.58340402258333	-0.419416217116464
K21695	-1.56080697391861	0.0916802777083233	-0.404444744362621	2.2534714757115	-0.425091920403588
K21698	-1.03108523701065	-0.37376936840698	-0.654843588843136	1.96372066127363	-0.428097708133805
K21739	-1.09784315441482	-0.440992142435758	0.18378427110693	-0.627224552759492	0.413621561618697
K21740	-2.17787741039627	-1.66746541428253	0.827200392708988	3.07027493106428	-0.509752256778825
K21741	-1.45442460392349	-2.07722422051117	-1.53545512773016	2.58183084117476	-0.568580133823502
K21742	-1.21711705540054	-2.58183118271515	0.343504080996723	1.98834381686751	-0.327770089713681
K21746	-4.25270055149429	2.22495821547821	0.201294685230465	0.844319206348098	0.79363234529103
K21814	-1.69407270763748	3.10543635917023	-0.356225659622936	-2.41683067692217	-0.442976219562638
K21828	-2.31206010197037	0.274371844354422	-0.784515222086697	0.539231997600234	0.0648866761645194
K21885	-4.13092254017227	1.25666264128998	1.55983982466242	-0.72378801120218	0.707102434726607
K21901	-0.815149529918363	-1.27574857639953	-0.590370377077847	2.24161348926131	-0.672905756143678
K21903	1.40735219504006	1.04758450818375	1.10319350145838	-0.70282699478563	0.303964274021041
K21905	-1.31269906376236	-2.37371179032013	-1.77213885404089	2.03147898303572	-0.420844225195992
K21906	-0.662420495494535	-2.6646399157016	-2.06040706254461	1.94446216212813	-0.549718571809876
K21907	-0.481757148250272	-1.10236712860748	-0.882993002905636	1.71187553988997	-0.52485383859073
K21908	-0.924972756847074	0.668423984769137	1.54833827398798	-0.557066160568559	0.145323293300521
K21929	0.823761151090929	0.661380831721575	0.913249293790073	-0.60050024403032	0.284871296974074
K21936	-1.05161808346145	-0.104614789959638	-1.71348287679174	2.74844585048262	-0.652173651365388
K21948	-2.23366711948746	-2.09975644516632	-1.48399378873327	2.00030098544661	-0.178182451037515
K21961	-4.74982760761612	2.8144085748227	-1.54928388215521	-1.85483266724046	0.744315402599227
K21963	-1.21837900493973	-1.18777402805969	-1.70668770886877	2.28197394000593	-0.542815579084504
K21964	-1.13781903599136	-1.23903128075287	-1.94961800195196	1.4766069470555	-0.365983484295953
K21965	-0.686518653377226	-1.53080722260162	-1.85137190438726	2.0013106881291	-0.758638305572617
K21966	-1.18309901569717	-0.630717899080961	-1.82276107884863	1.84143505679671	-0.44870081355964
K21967	-1.27414821003311	-1.28149506020233	-1.91388191796759	1.76797423945967	-0.318968614546407
K21968	-1.0484528384053	-2.54861709046051	-1.93017341710547	1.71055994617049	-0.428886948136437
K21972	-1.38783381794327	-2.59467717575714	-0.583279748930721	1.28495035754744	-0.237566831504751
K21973	-1.00815556858413	-1.49213906693145	-2.09450640298346	1.26235161410872	-0.319162351993668
K21974	-0.826543553813627	-2.57183929848358	-0.900111039652615	1.3244012414128	-0.538557900098908
K21975	-1.92275713299148	-1.03592952656433	-1.62937440492132	1.8913413106114	-0.215886982140887
K21976	-1.56967161510818	-1.84100219177887	-1.34992386914709	3.28464470492903	-0.698341352848161
K21977	-1.04475973461502	0.140536737266333	0.781292597279758	-0.0980737389415141	0.113090800138366
K21990	-1.76086161945694	-0.828514661070554	0.176328653917522	2.09633455859724	-0.389571515826333
K21993	-1.38143418644302	2.26724651885346	2.6772340335705	-1.02915780557092	0.184275375696075
K22010	0.935892538086245	0.883312736275943	0.835534314141483	-1.72655542505678	0.335447447391402
K22014	-0.148309334262541	-1.16753050255462	-0.670276185049801	2.49030314075056	-0.939727229980576
K22015	-0.205338700755766	-0.404520954367368	-0.873007853998928	0.960230451694167	-0.222080802528012
K22024	0.462005690590212	1.773584519151	1.59562132738611	-1.00291481924947	0.00878466853703225
K22041	-0.611581071361234	-2.69236823486969	-0.553118904604702	1.50038633929793	-0.562149120477784
K22044	-0.358082397922209	-1.31260689663574	-3.22270812608221	-1.73502315891679	0.57024641522969
K22051	-0.678658827289274	-1.64050480293915	-2.22106327630499	1.57607207881514	-0.409235520271409
K22103	-1.46878598545425	-0.298394645926206	-0.765690287127285	-0.230822581180894	0.345048325153243
K22104	-1.44866298054092	-1.30682119297668	-0.231206884159832	2.18534861194197	-0.372421925870526
K22105	-0.75069735859268	-0.658124293562619	0.253496179805012	1.46344767200056	-0.431617138890374
K22110	0.0219553866542075	-0.921609844443052	-2.63745250321844	1.23256741153303	-0.473558409122575
K22111	-0.790513976558378	-1.77343150543854	-2.04667200662115	1.93427262889448	-0.486947966722596
K22129	-0.173174961551359	0.712649021867068	1.28580568216822	-1.27498400522169	0.169243769737136
K22130	-0.949130757793119	-0.235482002970426	-0.994554182066708	0.279116135707534	0.0866672266444083
K22131	-2.19150350902908	-2.02374049591705	0.221699992642612	2.30578432666365	-0.241061085352499
K22132	1.89822615768082	1.20999876094178	1.26818237684748	-0.65798412574228	0.213428216071975
K22212	-0.722261889918974	-0.847216095205991	-0.614528556837826	-0.254562991985642	0.100784646364104
K22214	-1.34024475429886	-2.1612584249942	-1.60913624383429	2.56040273295943	-0.56433148494159
K22227	2.11957432414658	1.37009171080902	-1.92619707204321	-1.65240009439882	-0.548263652233231
K22230	-1.61856435154312	2.06090012622193	1.45335040472528	0.348696571460402	-0.0571159701624993
K22278	-1.79565761898392	1.10588738751725	0.800067821965427	-0.86340250385698	0.530429141612899
K22293	1.05626893128521	1.04092291426972	1.06195733927271	-0.864781487116181	0.252028005214584
K22304	-0.923168166621855	-1.04548486637756	-0.168960352911739	2.87843857394759	-0.766766173748124
K22306	-1.75686167095535	-0.743747438666074	-0.654393812193661	-3.35720362080034	0.996800856681716
K22373	-2.09829996441238	-0.29135182070419	-1.05967499829748	-1.53742759240564	0.529236273857009
K22397	-0.230643375858	-2.11728545593902	-2.62466516114691	0.91101155864302	-0.345298929123032
K22431	0.943068683997462	0.691761646989138	0.814804891572208	-0.680811303982102	0.303015725704085
K22441	-1.04296897266739	-1.01217087673828	-0.940228124632626	-2.04716851128038	0.694199161620986
K22443	-1.15464423511856	-2.33010431694671	-1.75312866784552	2.22822533237044	-0.529064727930177
K22444	-1.97432111118667	-1.79171725678131	-1.27674402810553	3.06661329852644	-0.512497110275376
K22457	-1.94599245403641	0.297413919690402	-1.69971515752295	-0.180706578621232	0.368863957019698
K22477	0.017532602802584	-0.295778359648435	-0.496140261664181	-3.55988993061479	0.586066918464553
K22486	-0.580442174419096	-2.57315632271454	-2.0017951927326	2.70510945903364	-0.671352131275285
K22487	-0.832864745601347	-2.21122642922088	-1.70012881375769	2.70310650455061	-0.830821437744248
K22488	-0.801526649936369	-1.4486267225711	-1.0806777677677	2.22212825404707	-0.713151259330857
K22505	-0.281275614246061	-2.88595148491546	-1.37541737176397	1.54137454616133	-0.617839260009873
K22508	-1.93121240948074	-1.65624114441559	0.590319971070499	3.12601290332381	-0.66506682148372
K22509	-0.618939026340177	-1.92707797455475	-2.08721079446295	1.71422157870833	-0.576052142290223
K22510	-0.560984834178617	-2.65251394676849	-2.06649579621771	1.83359156238142	-0.628781421093095
